-- MySQL dump 10.13  Distrib 5.5.54, for debian-linux-gnu (x86_64)
--
-- Host: sisir.mysql.pythonanywhere-services.com    Database: sisir$fifa
-- ------------------------------------------------------
-- Server version	5.6.27-log

/*!40101 SET @OLD_CHARACTER_SET_CLIENT=@@CHARACTER_SET_CLIENT */;
/*!40101 SET @OLD_CHARACTER_SET_RESULTS=@@CHARACTER_SET_RESULTS */;
/*!40101 SET @OLD_COLLATION_CONNECTION=@@COLLATION_CONNECTION */;
/*!40101 SET NAMES utf8 */;
/*!40103 SET @OLD_TIME_ZONE=@@TIME_ZONE */;
/*!40103 SET TIME_ZONE='+00:00' */;
/*!40014 SET @OLD_UNIQUE_CHECKS=@@UNIQUE_CHECKS, UNIQUE_CHECKS=0 */;
/*!40014 SET @OLD_FOREIGN_KEY_CHECKS=@@FOREIGN_KEY_CHECKS, FOREIGN_KEY_CHECKS=0 */;
/*!40101 SET @OLD_SQL_MODE=@@SQL_MODE, SQL_MODE='NO_AUTO_VALUE_ON_ZERO' */;
/*!40111 SET @OLD_SQL_NOTES=@@SQL_NOTES, SQL_NOTES=0 */;

--
-- Table structure for table `account_emailaddress`
--

DROP TABLE IF EXISTS `account_emailaddress`;
/*!40101 SET @saved_cs_client     = @@character_set_client */;
/*!40101 SET character_set_client = utf8 */;
CREATE TABLE `account_emailaddress` (
  `id` int(11) NOT NULL AUTO_INCREMENT,
  `email` varchar(254) NOT NULL,
  `verified` tinyint(1) NOT NULL,
  `primary` tinyint(1) NOT NULL,
  `user_id` int(11) NOT NULL,
  PRIMARY KEY (`id`),
  UNIQUE KEY `email` (`email`),
  KEY `account_emailaddress_user_id_2c513194_fk_users_user_id` (`user_id`),
  CONSTRAINT `account_emailaddress_user_id_2c513194_fk_users_user_id` FOREIGN KEY (`user_id`) REFERENCES `users_user` (`id`)
) ENGINE=InnoDB AUTO_INCREMENT=20 DEFAULT CHARSET=utf8;
/*!40101 SET character_set_client = @saved_cs_client */;

--
-- Dumping data for table `account_emailaddress`
--

LOCK TABLES `account_emailaddress` WRITE;
/*!40000 ALTER TABLE `account_emailaddress` DISABLE KEYS */;
INSERT INTO `account_emailaddress` VALUES (1,'sisir@sisir.com',1,1,1),(2,'aashik@aashik.com',1,1,16),(3,'aavash@aavash.com',1,1,15),(4,'amit@amit.com',1,1,10),(5,'anurag@anurag.com',1,1,7),(6,'bimal@bimal.com',1,1,13),(7,'bindeep@bindeep.com',1,1,11),(8,'bishwo@bishwo.com',1,1,3),(9,'ishan@ishan.com',1,1,8),(10,'ishwor@ishwor.com',1,1,12),(11,'pradeep@pradeep.com',1,1,9),(12,'rajesh@rajesh.com',1,1,6),(13,'ravi@ravi.com',1,1,17),(14,'shankar@shankar.com',1,1,2),(15,'shrawan@shrawan.com',1,1,5),(16,'sujan@sujan.com',1,1,14);
/*!40000 ALTER TABLE `account_emailaddress` ENABLE KEYS */;
UNLOCK TABLES;

--
-- Table structure for table `account_emailconfirmation`
--

DROP TABLE IF EXISTS `account_emailconfirmation`;
/*!40101 SET @saved_cs_client     = @@character_set_client */;
/*!40101 SET character_set_client = utf8 */;
CREATE TABLE `account_emailconfirmation` (
  `id` int(11) NOT NULL AUTO_INCREMENT,
  `created` datetime(6) NOT NULL,
  `sent` datetime(6) DEFAULT NULL,
  `key` varchar(64) NOT NULL,
  `email_address_id` int(11) NOT NULL,
  PRIMARY KEY (`id`),
  UNIQUE KEY `key` (`key`),
  KEY `account_emailconfirm_email_address_id_5b7f8c58_fk_account_e` (`email_address_id`),
  CONSTRAINT `account_emailconfirm_email_address_id_5b7f8c58_fk_account_e` FOREIGN KEY (`email_address_id`) REFERENCES `account_emailaddress` (`id`)
) ENGINE=InnoDB DEFAULT CHARSET=utf8;
/*!40101 SET character_set_client = @saved_cs_client */;

--
-- Dumping data for table `account_emailconfirmation`
--

LOCK TABLES `account_emailconfirmation` WRITE;
/*!40000 ALTER TABLE `account_emailconfirmation` DISABLE KEYS */;
/*!40000 ALTER TABLE `account_emailconfirmation` ENABLE KEYS */;
UNLOCK TABLES;

--
-- Table structure for table `auth_group`
--

DROP TABLE IF EXISTS `auth_group`;
/*!40101 SET @saved_cs_client     = @@character_set_client */;
/*!40101 SET character_set_client = utf8 */;
CREATE TABLE `auth_group` (
  `id` int(11) NOT NULL AUTO_INCREMENT,
  `name` varchar(80) NOT NULL,
  PRIMARY KEY (`id`),
  UNIQUE KEY `name` (`name`)
) ENGINE=InnoDB DEFAULT CHARSET=utf8;
/*!40101 SET character_set_client = @saved_cs_client */;

--
-- Dumping data for table `auth_group`
--

LOCK TABLES `auth_group` WRITE;
/*!40000 ALTER TABLE `auth_group` DISABLE KEYS */;
/*!40000 ALTER TABLE `auth_group` ENABLE KEYS */;
UNLOCK TABLES;

--
-- Table structure for table `auth_group_permissions`
--

DROP TABLE IF EXISTS `auth_group_permissions`;
/*!40101 SET @saved_cs_client     = @@character_set_client */;
/*!40101 SET character_set_client = utf8 */;
CREATE TABLE `auth_group_permissions` (
  `id` int(11) NOT NULL AUTO_INCREMENT,
  `group_id` int(11) NOT NULL,
  `permission_id` int(11) NOT NULL,
  PRIMARY KEY (`id`),
  UNIQUE KEY `auth_group_permissions_group_id_permission_id_0cd325b0_uniq` (`group_id`,`permission_id`),
  KEY `auth_group_permissio_permission_id_84c5c92e_fk_auth_perm` (`permission_id`),
  CONSTRAINT `auth_group_permissio_permission_id_84c5c92e_fk_auth_perm` FOREIGN KEY (`permission_id`) REFERENCES `auth_permission` (`id`),
  CONSTRAINT `auth_group_permissions_group_id_b120cbf9_fk_auth_group_id` FOREIGN KEY (`group_id`) REFERENCES `auth_group` (`id`)
) ENGINE=InnoDB DEFAULT CHARSET=utf8;
/*!40101 SET character_set_client = @saved_cs_client */;

--
-- Dumping data for table `auth_group_permissions`
--

LOCK TABLES `auth_group_permissions` WRITE;
/*!40000 ALTER TABLE `auth_group_permissions` DISABLE KEYS */;
/*!40000 ALTER TABLE `auth_group_permissions` ENABLE KEYS */;
UNLOCK TABLES;

--
-- Table structure for table `auth_permission`
--

DROP TABLE IF EXISTS `auth_permission`;
/*!40101 SET @saved_cs_client     = @@character_set_client */;
/*!40101 SET character_set_client = utf8 */;
CREATE TABLE `auth_permission` (
  `id` int(11) NOT NULL AUTO_INCREMENT,
  `name` varchar(255) NOT NULL,
  `content_type_id` int(11) NOT NULL,
  `codename` varchar(100) NOT NULL,
  PRIMARY KEY (`id`),
  UNIQUE KEY `auth_permission_content_type_id_codename_01ab375a_uniq` (`content_type_id`,`codename`),
  CONSTRAINT `auth_permission_content_type_id_2f476e4b_fk_django_co` FOREIGN KEY (`content_type_id`) REFERENCES `django_content_type` (`id`)
) ENGINE=InnoDB AUTO_INCREMENT=52 DEFAULT CHARSET=utf8;
/*!40101 SET character_set_client = @saved_cs_client */;

--
-- Dumping data for table `auth_permission`
--

LOCK TABLES `auth_permission` WRITE;
/*!40000 ALTER TABLE `auth_permission` DISABLE KEYS */;
INSERT INTO `auth_permission` VALUES (1,'Can add permission',1,'add_permission'),(2,'Can change permission',1,'change_permission'),(3,'Can delete permission',1,'delete_permission'),(4,'Can add group',2,'add_group'),(5,'Can change group',2,'change_group'),(6,'Can delete group',2,'delete_group'),(7,'Can add content type',3,'add_contenttype'),(8,'Can change content type',3,'change_contenttype'),(9,'Can delete content type',3,'delete_contenttype'),(10,'Can add session',4,'add_session'),(11,'Can change session',4,'change_session'),(12,'Can delete session',4,'delete_session'),(13,'Can add site',5,'add_site'),(14,'Can change site',5,'change_site'),(15,'Can delete site',5,'delete_site'),(16,'Can add log entry',6,'add_logentry'),(17,'Can change log entry',6,'change_logentry'),(18,'Can delete log entry',6,'delete_logentry'),(19,'Can add email address',7,'add_emailaddress'),(20,'Can change email address',7,'change_emailaddress'),(21,'Can delete email address',7,'delete_emailaddress'),(22,'Can add email confirmation',8,'add_emailconfirmation'),(23,'Can change email confirmation',8,'change_emailconfirmation'),(24,'Can delete email confirmation',8,'delete_emailconfirmation'),(25,'Can add social account',9,'add_socialaccount'),(26,'Can change social account',9,'change_socialaccount'),(27,'Can delete social account',9,'delete_socialaccount'),(28,'Can add social application',10,'add_socialapp'),(29,'Can change social application',10,'change_socialapp'),(30,'Can delete social application',10,'delete_socialapp'),(31,'Can add social application token',11,'add_socialtoken'),(32,'Can change social application token',11,'change_socialtoken'),(33,'Can delete social application token',11,'delete_socialtoken'),(34,'Can add user',12,'add_user'),(35,'Can change user',12,'change_user'),(36,'Can delete user',12,'delete_user'),(37,'Can add country',13,'add_country'),(38,'Can change country',13,'change_country'),(39,'Can delete country',13,'delete_country'),(40,'Can add match',14,'add_match'),(41,'Can change match',14,'change_match'),(42,'Can delete match',14,'delete_match'),(43,'Can add prediction',15,'add_prediction'),(44,'Can change prediction',15,'change_prediction'),(45,'Can delete prediction',15,'delete_prediction'),(46,'Can add match outcome',16,'add_matchoutcome'),(47,'Can change match outcome',16,'change_matchoutcome'),(48,'Can delete match outcome',16,'delete_matchoutcome'),(49,'Can add point scored',17,'add_pointscored'),(50,'Can change point scored',17,'change_pointscored'),(51,'Can delete point scored',17,'delete_pointscored');
/*!40000 ALTER TABLE `auth_permission` ENABLE KEYS */;
UNLOCK TABLES;

--
-- Table structure for table `django_admin_log`
--

DROP TABLE IF EXISTS `django_admin_log`;
/*!40101 SET @saved_cs_client     = @@character_set_client */;
/*!40101 SET character_set_client = utf8 */;
CREATE TABLE `django_admin_log` (
  `id` int(11) NOT NULL AUTO_INCREMENT,
  `action_time` datetime(6) NOT NULL,
  `object_id` longtext,
  `object_repr` varchar(200) NOT NULL,
  `action_flag` smallint(5) unsigned NOT NULL,
  `change_message` longtext NOT NULL,
  `content_type_id` int(11) DEFAULT NULL,
  `user_id` int(11) NOT NULL,
  PRIMARY KEY (`id`),
  KEY `django_admin_log_content_type_id_c4bce8eb_fk_django_co` (`content_type_id`),
  KEY `django_admin_log_user_id_c564eba6_fk_users_user_id` (`user_id`),
  CONSTRAINT `django_admin_log_content_type_id_c4bce8eb_fk_django_co` FOREIGN KEY (`content_type_id`) REFERENCES `django_content_type` (`id`),
  CONSTRAINT `django_admin_log_user_id_c564eba6_fk_users_user_id` FOREIGN KEY (`user_id`) REFERENCES `users_user` (`id`)
) ENGINE=InnoDB AUTO_INCREMENT=58 DEFAULT CHARSET=utf8;
/*!40101 SET character_set_client = @saved_cs_client */;

--
-- Dumping data for table `django_admin_log`
--

LOCK TABLES `django_admin_log` WRITE;
/*!40000 ALTER TABLE `django_admin_log` DISABLE KEYS */;
INSERT INTO `django_admin_log` VALUES (1,'2018-06-15 08:31:57.098990','4','rajesh',1,'[{\"added\": {}}]',12,1),(2,'2018-06-15 08:33:08.310783','4','rajesh',3,'',12,1),(3,'2018-06-15 08:34:42.108935','6','rajesh',2,'[{\"changed\": {\"fields\": [\"is_staff\", \"is_superuser\"]}}]',12,1),(4,'2018-06-15 08:34:52.474040','5','shrawan',2,'[{\"changed\": {\"fields\": [\"is_staff\", \"is_superuser\"]}}]',12,1),(5,'2018-06-15 08:41:23.281429','16','aashik',2,'[{\"changed\": {\"fields\": [\"is_staff\", \"is_superuser\"]}}]',12,1),(6,'2018-06-15 08:41:41.562194','16','aashik',2,'[{\"changed\": {\"fields\": [\"password\"]}}]',12,1),(7,'2018-06-15 08:43:33.561043','2','aashik@aashik.com (aashik)',2,'[{\"changed\": {\"fields\": [\"verified\", \"primary\"]}}]',7,1),(8,'2018-06-15 08:44:38.322495','15','aavash',2,'[{\"changed\": {\"fields\": [\"is_staff\", \"is_superuser\"]}}]',12,1),(9,'2018-06-15 08:44:46.143797','10','amit',2,'[{\"changed\": {\"fields\": [\"is_staff\", \"is_superuser\"]}}]',12,1),(10,'2018-06-15 08:44:52.038959','7','anurag',2,'[{\"changed\": {\"fields\": [\"is_staff\", \"is_superuser\"]}}]',12,1),(11,'2018-06-15 08:45:09.986372','13','bimal',2,'[{\"changed\": {\"fields\": [\"is_staff\", \"is_superuser\"]}}]',12,1),(12,'2018-06-15 08:45:17.788564','11','bindeep',2,'[{\"changed\": {\"fields\": [\"is_staff\", \"is_superuser\"]}}]',12,1),(13,'2018-06-15 08:45:24.162246','3','bishwo',2,'[{\"changed\": {\"fields\": [\"is_staff\", \"is_superuser\"]}}]',12,1),(14,'2018-06-15 08:45:29.333841','8','ishan',2,'[{\"changed\": {\"fields\": [\"is_staff\", \"is_superuser\"]}}]',12,1),(15,'2018-06-15 08:45:34.172220','12','ishwor',2,'[{\"changed\": {\"fields\": [\"is_staff\", \"is_superuser\"]}}]',12,1),(16,'2018-06-15 08:45:39.150699','9','pradeep',2,'[{\"changed\": {\"fields\": [\"is_staff\", \"is_superuser\"]}}]',12,1),(17,'2018-06-15 08:45:57.536340','17','ravi',2,'[{\"changed\": {\"fields\": [\"is_staff\", \"is_superuser\"]}}]',12,1),(18,'2018-06-15 08:46:03.694549','14','sujan',2,'[{\"changed\": {\"fields\": [\"is_staff\", \"is_superuser\"]}}]',12,1),(19,'2018-06-15 08:46:39.193648','15','aavash',2,'[{\"changed\": {\"fields\": [\"password\"]}}]',12,1),(20,'2018-06-15 08:47:16.826215','10','amit',2,'[{\"changed\": {\"fields\": [\"password\"]}}]',12,1),(21,'2018-06-15 08:47:50.363046','7','anurag',2,'[{\"changed\": {\"fields\": [\"password\"]}}]',12,1),(22,'2018-06-15 08:48:23.912108','13','bimal',2,'[{\"changed\": {\"fields\": [\"password\"]}}]',12,1),(23,'2018-06-15 08:48:44.423406','11','bindeep',2,'[{\"changed\": {\"fields\": [\"password\"]}}]',12,1),(24,'2018-06-15 08:49:11.240147','3','bishwo',2,'[{\"changed\": {\"fields\": [\"password\"]}}]',12,1),(25,'2018-06-15 08:49:41.752682','8','ishan',2,'[{\"changed\": {\"fields\": [\"password\"]}}]',12,1),(26,'2018-06-15 08:50:09.199206','12','ishwor',2,'[{\"changed\": {\"fields\": [\"password\"]}}]',12,1),(27,'2018-06-15 08:50:29.372605','9','pradeep',2,'[{\"changed\": {\"fields\": [\"password\"]}}]',12,1),(28,'2018-06-15 08:50:51.346452','6','rajesh',2,'[{\"changed\": {\"fields\": [\"password\"]}}]',12,1),(29,'2018-06-15 08:51:20.278592','17','ravi',2,'[{\"changed\": {\"fields\": [\"password\"]}}]',12,1),(30,'2018-06-15 08:51:56.273841','2','shankar',2,'[{\"changed\": {\"fields\": [\"password\"]}}]',12,1),(31,'2018-06-15 08:52:25.834545','5','shrawan',2,'[{\"changed\": {\"fields\": [\"password\"]}}]',12,1),(32,'2018-06-15 08:52:48.506024','14','sujan',2,'[{\"changed\": {\"fields\": [\"password\"]}}]',12,1),(33,'2018-06-15 17:09:39.437396','5','Ravi Adhikari predicted Saudi Arabia as a winning team.',3,'',15,1),(34,'2018-06-15 17:15:57.730578','62','Shrawan predicted None as a winning team.',1,'[{\"added\": {}}]',15,1),(35,'2018-06-15 17:17:42.626926','63','aashik predicted Russia as a winning team.',1,'[{\"added\": {}}]',15,1),(36,'2018-06-15 17:18:55.678069','7','Bindeep predicted Russia as a winning team.',2,'[{\"changed\": {\"fields\": [\"away_goal\", \"penalty_goal\"]}}]',15,1),(37,'2018-06-15 17:20:40.998133','64','Bishwo Maharjan predicted Russia as a winning team.',1,'[{\"added\": {}}]',15,1),(38,'2018-06-15 17:22:44.525719','65','Aavash predicted Russia as a winning team.',1,'[{\"added\": {}}]',15,1),(39,'2018-06-15 17:24:55.971944','2','Shankar Pandey predicted Russia as a winning team.',2,'[{\"changed\": {\"fields\": [\"penalty_goal\"]}}]',15,1),(40,'2018-06-15 17:26:41.556300','66','Ishwor Shrestha predicted Russia as a winning team.',1,'[{\"added\": {}}]',15,1),(41,'2018-06-15 17:27:56.180347','67','Bimal Koju predicted Russia as a winning team.',1,'[{\"added\": {}}]',15,1),(42,'2018-06-15 17:29:37.296335','69','Sujan Sitikhu predicted Russia as a winning team.',1,'[{\"added\": {}}]',15,1),(43,'2018-06-15 17:30:53.329507','8','Rajesh Shrestha predicted Russia as a winning team.',2,'[{\"changed\": {\"fields\": [\"penalty_goal\"]}}]',15,1),(44,'2018-06-15 17:51:18.163988','63','aashik predicted Russia as a winning team.',2,'[]',15,1),(45,'2018-06-15 17:52:18.051226','63','aashik predicted Russia as a winning team.',2,'[]',15,1),(46,'2018-06-16 05:45:15.950880','20','Upakarp',3,'',12,1),(47,'2018-06-16 05:45:23.485504','18','akash',3,'',12,1),(48,'2018-06-16 05:46:52.111620','19','Upakar',2,'[{\"changed\": {\"fields\": [\"name\"]}}]',12,1),(49,'2018-06-16 05:47:06.597493','19','upakar',2,'[{\"changed\": {\"fields\": [\"username\"]}}]',12,1),(50,'2018-06-16 05:47:38.668207','19','upakar',2,'[{\"changed\": {\"fields\": [\"password\"]}}]',12,1),(51,'2018-06-18 16:33:34.827962','18','upakarpaudel96@gmail.com (upakar)',2,'[{\"changed\": {\"fields\": [\"verified\"]}}]',7,1),(52,'2018-06-22 18:13:08.759469','381','Sisir Ghimire Chettri predicted Switzerland as a winning team.',3,'',15,1),(53,'2018-06-25 05:12:09.853260','34','None wins the match of Uruguay vs. Russia.',3,'',16,1),(54,'2018-06-25 05:14:47.638296','464','amit scored 9 points on Uruguay vs. Russia',3,'',17,1),(55,'2018-06-27 12:31:17.443509','624','Anurag Regmi predicted Germany as a winning team.',3,'',15,1),(56,'2018-06-29 07:11:26.911236','727','Bimal Koju predicted France as a winning team.',3,'',15,1),(57,'2018-07-02 16:05:44.688275','19','upakar',3,'',12,1);
/*!40000 ALTER TABLE `django_admin_log` ENABLE KEYS */;
UNLOCK TABLES;

--
-- Table structure for table `django_content_type`
--

DROP TABLE IF EXISTS `django_content_type`;
/*!40101 SET @saved_cs_client     = @@character_set_client */;
/*!40101 SET character_set_client = utf8 */;
CREATE TABLE `django_content_type` (
  `id` int(11) NOT NULL AUTO_INCREMENT,
  `app_label` varchar(100) NOT NULL,
  `model` varchar(100) NOT NULL,
  PRIMARY KEY (`id`),
  UNIQUE KEY `django_content_type_app_label_model_76bd3d3b_uniq` (`app_label`,`model`)
) ENGINE=InnoDB AUTO_INCREMENT=18 DEFAULT CHARSET=utf8;
/*!40101 SET character_set_client = @saved_cs_client */;

--
-- Dumping data for table `django_content_type`
--

LOCK TABLES `django_content_type` WRITE;
/*!40000 ALTER TABLE `django_content_type` DISABLE KEYS */;
INSERT INTO `django_content_type` VALUES (7,'account','emailaddress'),(8,'account','emailconfirmation'),(6,'admin','logentry'),(2,'auth','group'),(1,'auth','permission'),(3,'contenttypes','contenttype'),(13,'match','country'),(14,'match','match'),(16,'prediction','matchoutcome'),(17,'prediction','pointscored'),(15,'prediction','prediction'),(4,'sessions','session'),(5,'sites','site'),(9,'socialaccount','socialaccount'),(10,'socialaccount','socialapp'),(11,'socialaccount','socialtoken'),(12,'users','user');
/*!40000 ALTER TABLE `django_content_type` ENABLE KEYS */;
UNLOCK TABLES;

--
-- Table structure for table `django_migrations`
--

DROP TABLE IF EXISTS `django_migrations`;
/*!40101 SET @saved_cs_client     = @@character_set_client */;
/*!40101 SET character_set_client = utf8 */;
CREATE TABLE `django_migrations` (
  `id` int(11) NOT NULL AUTO_INCREMENT,
  `app` varchar(255) NOT NULL,
  `name` varchar(255) NOT NULL,
  `applied` datetime(6) NOT NULL,
  PRIMARY KEY (`id`)
) ENGINE=InnoDB AUTO_INCREMENT=38 DEFAULT CHARSET=utf8;
/*!40101 SET character_set_client = @saved_cs_client */;

--
-- Dumping data for table `django_migrations`
--

LOCK TABLES `django_migrations` WRITE;
/*!40000 ALTER TABLE `django_migrations` DISABLE KEYS */;
INSERT INTO `django_migrations` VALUES (1,'contenttypes','0001_initial','2018-06-15 08:12:05.352597'),(2,'contenttypes','0002_remove_content_type_name','2018-06-15 08:12:05.502499'),(3,'auth','0001_initial','2018-06-15 08:12:38.217479'),(4,'auth','0002_alter_permission_name_max_length','2018-06-15 08:12:38.315547'),(5,'auth','0003_alter_user_email_max_length','2018-06-15 08:12:38.354679'),(6,'auth','0004_alter_user_username_opts','2018-06-15 08:12:38.379821'),(7,'auth','0005_alter_user_last_login_null','2018-06-15 08:12:38.409117'),(8,'auth','0006_require_contenttypes_0002','2018-06-15 08:12:38.420255'),(9,'auth','0007_alter_validators_add_error_messages','2018-06-15 08:12:38.440868'),(10,'auth','0008_alter_user_username_max_length','2018-06-15 08:12:38.456735'),(11,'users','0001_initial','2018-06-15 08:13:20.720287'),(12,'account','0001_initial','2018-06-15 08:13:43.637994'),(13,'account','0002_email_max_length','2018-06-15 08:13:43.712343'),(14,'admin','0001_initial','2018-06-15 08:14:01.022136'),(15,'admin','0002_logentry_remove_auto_add','2018-06-15 08:14:01.055923'),(16,'auth','0009_alter_user_last_name_max_length','2018-06-15 08:14:01.089704'),(17,'match','0001_initial','2018-06-15 08:14:22.285684'),(18,'match','0002_match_bonus_question','2018-06-15 08:14:24.358186'),(19,'prediction','0001_initial','2018-06-15 08:14:44.527309'),(20,'prediction','0002_auto_20180613_0331','2018-06-15 08:14:44.556127'),(21,'prediction','0003_matchoutcome','2018-06-15 08:15:01.150904'),(22,'prediction','0004_auto_20180614_2340','2018-06-15 08:15:15.662913'),(23,'prediction','0005_pointscored','2018-06-15 08:15:26.889216'),(24,'prediction','0006_pointscored_last_increased_by','2018-06-15 08:15:28.934607'),(25,'sessions','0001_initial','2018-06-15 08:15:34.924136'),(26,'sites','0001_initial','2018-06-15 08:15:43.196323'),(27,'sites','0002_alter_domain_unique','2018-06-15 08:15:43.232706'),(28,'sites','0003_set_site_domain_and_name','2018-06-15 08:15:43.298543'),(29,'socialaccount','0001_initial','2018-06-15 08:16:32.695395'),(30,'socialaccount','0002_token_max_lengths','2018-06-15 08:16:33.009672'),(31,'socialaccount','0003_extra_data_default_dict','2018-06-15 08:16:33.045501'),(32,'users','0002_auto_20180612_2344','2018-06-15 08:16:37.576596'),(33,'users','0003_user_points_scored','2018-06-15 08:16:39.879985'),(34,'users','0004_remove_user_points_scored','2018-06-15 08:16:39.974528'),(35,'prediction','0007_auto_20180615_1618','2018-06-15 10:34:05.627722'),(36,'prediction','0008_auto_20180617_1744','2018-06-17 12:00:15.963953'),(37,'prediction','0009_auto_20180618_2327','2018-06-18 17:46:42.108180');
/*!40000 ALTER TABLE `django_migrations` ENABLE KEYS */;
UNLOCK TABLES;

--
-- Table structure for table `django_session`
--

DROP TABLE IF EXISTS `django_session`;
/*!40101 SET @saved_cs_client     = @@character_set_client */;
/*!40101 SET character_set_client = utf8 */;
CREATE TABLE `django_session` (
  `session_key` varchar(40) NOT NULL,
  `session_data` longtext NOT NULL,
  `expire_date` datetime(6) NOT NULL,
  PRIMARY KEY (`session_key`),
  KEY `django_session_expire_date_a5c62663` (`expire_date`)
) ENGINE=InnoDB DEFAULT CHARSET=utf8;
/*!40101 SET character_set_client = @saved_cs_client */;

--
-- Dumping data for table `django_session`
--

LOCK TABLES `django_session` WRITE;
/*!40000 ALTER TABLE `django_session` DISABLE KEYS */;
INSERT INTO `django_session` VALUES ('00e7s286wlf9yqw15tj3vs90nsbne5rq','ZmFhZjlmNmM1NGU3ZmIzMzA0ZWE3NDc4NmI4OGQ0NDkxYjY1MzdmNjp7Il9hdXRoX3VzZXJfaWQiOiIxMyIsIl9hdXRoX3VzZXJfYmFja2VuZCI6ImRqYW5nby5jb250cmliLmF1dGguYmFja2VuZHMuTW9kZWxCYWNrZW5kIiwiX2F1dGhfdXNlcl9oYXNoIjoiZDZiZWNmNjBkZTdiZWU1NGJiNGRlZjhmYWQ4N2Y5MDM5N2YzZGJlOSIsIl9zZXNzaW9uX2V4cGlyeSI6MH0=','2018-06-29 10:07:28.533990'),('05otxld9hlcy8goohb4q4jh1rdjmu7cx','ZmFmNjQ0MjljNjNiNDYzNTdkMGJiOGRkZGJhNTMyNjgwOTU0ZWZhMjp7Il9hdXRoX3VzZXJfaWQiOiIxNCIsIl9hdXRoX3VzZXJfYmFja2VuZCI6ImRqYW5nby5jb250cmliLmF1dGguYmFja2VuZHMuTW9kZWxCYWNrZW5kIiwiX2F1dGhfdXNlcl9oYXNoIjoiYWVmMDYxZGU2ZDJhN2I2NzY1ZDBkYWEzNzllMWUyYjU2MWU5MjM0ZCIsIl9zZXNzaW9uX2V4cGlyeSI6MH0=','2018-07-25 12:25:51.054537'),('06ieil1azlnznovdqf0xtd1zu59zp62u','YmZhMzJlMDY5ZDExZTBlNjI3MWVhYmMzODJmZTcwYmI4ZWRkN2M0Zjp7Il9hdXRoX3VzZXJfaWQiOiIxIiwiX2F1dGhfdXNlcl9iYWNrZW5kIjoiZGphbmdvLmNvbnRyaWIuYXV0aC5iYWNrZW5kcy5Nb2RlbEJhY2tlbmQiLCJfYXV0aF91c2VyX2hhc2giOiI4Y2Q2NGEyMWVmNzcxNjUwMmQyNmJhMjljNTcwMGE5Mzk2YWM5NmY4IiwiX3Nlc3Npb25fZXhwaXJ5IjowfQ==','2018-07-25 05:22:48.444494'),('07glxy4ddd92txq5qhkzsskz96ou693d','NTE5MGQzMGQzNjNlNTMwNDlkMDlhNWQxMGFiMDE2NGVmYzY1YzJjZTp7Il9hdXRoX3VzZXJfaWQiOiIxNyIsIl9hdXRoX3VzZXJfYmFja2VuZCI6ImRqYW5nby5jb250cmliLmF1dGguYmFja2VuZHMuTW9kZWxCYWNrZW5kIiwiX2F1dGhfdXNlcl9oYXNoIjoiNzQyYzNiZjNmZmJjMDc1NTlkNzcxYTgzNDgyNjk5YTE3YTY5MjZkYSIsIl9zZXNzaW9uX2V4cGlyeSI6MH0=','2018-07-15 18:07:12.983634'),('07o7xbp5i3ochv2oqjhf2evuwq8s2bj0','ZmFhZjlmNmM1NGU3ZmIzMzA0ZWE3NDc4NmI4OGQ0NDkxYjY1MzdmNjp7Il9hdXRoX3VzZXJfaWQiOiIxMyIsIl9hdXRoX3VzZXJfYmFja2VuZCI6ImRqYW5nby5jb250cmliLmF1dGguYmFja2VuZHMuTW9kZWxCYWNrZW5kIiwiX2F1dGhfdXNlcl9oYXNoIjoiZDZiZWNmNjBkZTdiZWU1NGJiNGRlZjhmYWQ4N2Y5MDM5N2YzZGJlOSIsIl9zZXNzaW9uX2V4cGlyeSI6MH0=','2018-07-03 00:21:04.109181'),('09hjxpcph9y5sesdwpw0q52jafpj3c98','MGJmMzk0MjhlY2IwMmNmMzFmNzA2ZDY3MDEyYjA5NWZiY2ZiNDU3ZDp7Il9hdXRoX3VzZXJfaWQiOiIzIiwiX2F1dGhfdXNlcl9iYWNrZW5kIjoiZGphbmdvLmNvbnRyaWIuYXV0aC5iYWNrZW5kcy5Nb2RlbEJhY2tlbmQiLCJfYXV0aF91c2VyX2hhc2giOiJhNWUwMTI1NjMxZTNjOGVkZjc1N2Q4MzhhNDZlNTI2Yjk2MDY1Yzg5IiwiX3Nlc3Npb25fZXhwaXJ5IjowfQ==','2018-06-29 09:51:08.917821'),('0h8uxpfv4r1fclqct9otlppx9vmy9vec','YmZhMzJlMDY5ZDExZTBlNjI3MWVhYmMzODJmZTcwYmI4ZWRkN2M0Zjp7Il9hdXRoX3VzZXJfaWQiOiIxIiwiX2F1dGhfdXNlcl9iYWNrZW5kIjoiZGphbmdvLmNvbnRyaWIuYXV0aC5iYWNrZW5kcy5Nb2RlbEJhY2tlbmQiLCJfYXV0aF91c2VyX2hhc2giOiI4Y2Q2NGEyMWVmNzcxNjUwMmQyNmJhMjljNTcwMGE5Mzk2YWM5NmY4IiwiX3Nlc3Npb25fZXhwaXJ5IjowfQ==','2018-07-20 15:54:19.942390'),('0j6xi7ahkwat0rpdeob6za6keywd00fp','MTc1MTg0NTc4MTE0OGQ3NmE3YmNmYzdiZDc4YmVkODMxZTFiMWUwZTp7Il9hdXRoX3VzZXJfaWQiOiI4IiwiX2F1dGhfdXNlcl9iYWNrZW5kIjoiZGphbmdvLmNvbnRyaWIuYXV0aC5iYWNrZW5kcy5Nb2RlbEJhY2tlbmQiLCJfYXV0aF91c2VyX2hhc2giOiJhNzQ5OTFmZTk2M2I0YzZhY2E5MWNhMzBiYTNkMzJjOGYxYzhiZDk1IiwiX3Nlc3Npb25fZXhwaXJ5IjoxMjA5NjAwfQ==','2018-06-30 17:20:31.132295'),('0luws62kr83zlgbe247xh2wbdj9gzfck','NTdkODljYWZjYjczMTUwNTBiYTgyYmU3MGU2YWM3MDlhMjFiMDI1Mzp7Il9hdXRoX3VzZXJfaWQiOiI1IiwiX2F1dGhfdXNlcl9iYWNrZW5kIjoiZGphbmdvLmNvbnRyaWIuYXV0aC5iYWNrZW5kcy5Nb2RlbEJhY2tlbmQiLCJfYXV0aF91c2VyX2hhc2giOiI3YWYyYmFmMmRlZDZhYWNhY2Y5ZjBiMjhlZDk5NDIyYzZkZDA3MmQ1IiwiX3Nlc3Npb25fZXhwaXJ5IjowfQ==','2018-07-14 09:45:03.859914'),('0obt91b4es5boicsa2tk8mey5ny2nm91','YmZhMzJlMDY5ZDExZTBlNjI3MWVhYmMzODJmZTcwYmI4ZWRkN2M0Zjp7Il9hdXRoX3VzZXJfaWQiOiIxIiwiX2F1dGhfdXNlcl9iYWNrZW5kIjoiZGphbmdvLmNvbnRyaWIuYXV0aC5iYWNrZW5kcy5Nb2RlbEJhY2tlbmQiLCJfYXV0aF91c2VyX2hhc2giOiI4Y2Q2NGEyMWVmNzcxNjUwMmQyNmJhMjljNTcwMGE5Mzk2YWM5NmY4IiwiX3Nlc3Npb25fZXhwaXJ5IjowfQ==','2018-06-30 10:25:34.585299'),('103qesixdaklozv6e85mvhy072gpben0','YmZhMzJlMDY5ZDExZTBlNjI3MWVhYmMzODJmZTcwYmI4ZWRkN2M0Zjp7Il9hdXRoX3VzZXJfaWQiOiIxIiwiX2F1dGhfdXNlcl9iYWNrZW5kIjoiZGphbmdvLmNvbnRyaWIuYXV0aC5iYWNrZW5kcy5Nb2RlbEJhY2tlbmQiLCJfYXV0aF91c2VyX2hhc2giOiI4Y2Q2NGEyMWVmNzcxNjUwMmQyNmJhMjljNTcwMGE5Mzk2YWM5NmY4IiwiX3Nlc3Npb25fZXhwaXJ5IjowfQ==','2018-07-16 16:04:45.278444'),('104d09szl3cx0lb31latya2qq5jxlk8q','ZmFhZjlmNmM1NGU3ZmIzMzA0ZWE3NDc4NmI4OGQ0NDkxYjY1MzdmNjp7Il9hdXRoX3VzZXJfaWQiOiIxMyIsIl9hdXRoX3VzZXJfYmFja2VuZCI6ImRqYW5nby5jb250cmliLmF1dGguYmFja2VuZHMuTW9kZWxCYWNrZW5kIiwiX2F1dGhfdXNlcl9oYXNoIjoiZDZiZWNmNjBkZTdiZWU1NGJiNGRlZjhmYWQ4N2Y5MDM5N2YzZGJlOSIsIl9zZXNzaW9uX2V4cGlyeSI6MH0=','2018-07-28 04:06:01.912836'),('119w1dodqwvm6vz0804spzvbmo3u8r5c','NDY3ZjVjNGNiNDYyYmZkNzVkNTlmZWM0OGQ4MzA5N2Y1MjdkOTJmYjp7Il9hdXRoX3VzZXJfaWQiOiI2IiwiX2F1dGhfdXNlcl9iYWNrZW5kIjoiZGphbmdvLmNvbnRyaWIuYXV0aC5iYWNrZW5kcy5Nb2RlbEJhY2tlbmQiLCJfYXV0aF91c2VyX2hhc2giOiIxZTliMWNhMTMwMjk2YjU0ZTc3MzUyNThmYWZmY2Y5OGE0M2JjZmVkIiwiX3Nlc3Npb25fZXhwaXJ5IjowfQ==','2018-07-05 02:31:52.180656'),('12a4lsm1m8gvvuubnx8dgoxksksqcfnr','ZmFhZjlmNmM1NGU3ZmIzMzA0ZWE3NDc4NmI4OGQ0NDkxYjY1MzdmNjp7Il9hdXRoX3VzZXJfaWQiOiIxMyIsIl9hdXRoX3VzZXJfYmFja2VuZCI6ImRqYW5nby5jb250cmliLmF1dGguYmFja2VuZHMuTW9kZWxCYWNrZW5kIiwiX2F1dGhfdXNlcl9oYXNoIjoiZDZiZWNmNjBkZTdiZWU1NGJiNGRlZjhmYWQ4N2Y5MDM5N2YzZGJlOSIsIl9zZXNzaW9uX2V4cGlyeSI6MH0=','2018-07-04 16:54:26.769801'),('12mre8vu3jnm6pjemtce3blb1dqd4le9','NDY3ZjVjNGNiNDYyYmZkNzVkNTlmZWM0OGQ4MzA5N2Y1MjdkOTJmYjp7Il9hdXRoX3VzZXJfaWQiOiI2IiwiX2F1dGhfdXNlcl9iYWNrZW5kIjoiZGphbmdvLmNvbnRyaWIuYXV0aC5iYWNrZW5kcy5Nb2RlbEJhY2tlbmQiLCJfYXV0aF91c2VyX2hhc2giOiIxZTliMWNhMTMwMjk2YjU0ZTc3MzUyNThmYWZmY2Y5OGE0M2JjZmVkIiwiX3Nlc3Npb25fZXhwaXJ5IjowfQ==','2018-07-15 08:37:44.708778'),('154ybr71ikv64yzyvjmxfgy0es9qnb1e','ZTRhZWQ1NjIxMTBjNDllYmE0MGM0YzI1Mjk5YTIyY2MyMGNkMWE1NDp7Il9hdXRoX3VzZXJfaWQiOiIxNiIsIl9hdXRoX3VzZXJfYmFja2VuZCI6ImRqYW5nby5jb250cmliLmF1dGguYmFja2VuZHMuTW9kZWxCYWNrZW5kIiwiX2F1dGhfdXNlcl9oYXNoIjoiZTE1NGJhOGMxMTYyNTMwZDQ0OTQ2MDNlZTFlZGM2N2NmMzIxNWJkOSIsIl9zZXNzaW9uX2V4cGlyeSI6MH0=','2018-07-07 19:54:46.966391'),('15sxrldk97xzdr4mp0g17xb72xd00he3','YmZhMzJlMDY5ZDExZTBlNjI3MWVhYmMzODJmZTcwYmI4ZWRkN2M0Zjp7Il9hdXRoX3VzZXJfaWQiOiIxIiwiX2F1dGhfdXNlcl9iYWNrZW5kIjoiZGphbmdvLmNvbnRyaWIuYXV0aC5iYWNrZW5kcy5Nb2RlbEJhY2tlbmQiLCJfYXV0aF91c2VyX2hhc2giOiI4Y2Q2NGEyMWVmNzcxNjUwMmQyNmJhMjljNTcwMGE5Mzk2YWM5NmY4IiwiX3Nlc3Npb25fZXhwaXJ5IjowfQ==','2018-07-22 12:07:10.019227'),('1m433uopsnkattvwsrbf7my3tr30wl3q','NWM2Y2QxMDVmMmE2MjY2MTVkYWVhNzZkOGQ1NzliZTliZDc2YzczNTp7Il9hdXRoX3VzZXJfaWQiOiIxNiIsIl9hdXRoX3VzZXJfYmFja2VuZCI6ImRqYW5nby5jb250cmliLmF1dGguYmFja2VuZHMuTW9kZWxCYWNrZW5kIiwiX2F1dGhfdXNlcl9oYXNoIjoiZTE1NGJhOGMxMTYyNTMwZDQ0OTQ2MDNlZTFlZGM2N2NmMzIxNWJkOSIsIl9zZXNzaW9uX2V4cGlyeSI6MTIwOTYwMH0=','2018-06-29 12:00:31.689849'),('1z2ngrwtsg1brw972n0eah4fgq2fff23','ZjViNTI3NjFhYzM1OWViNTIyYjc2NWY1MTczMjg3N2VkYzVmNjFlMjp7Il9hdXRoX3VzZXJfaWQiOiIyIiwiX2F1dGhfdXNlcl9iYWNrZW5kIjoiZGphbmdvLmNvbnRyaWIuYXV0aC5iYWNrZW5kcy5Nb2RlbEJhY2tlbmQiLCJfYXV0aF91c2VyX2hhc2giOiI2YTY4Y2I3YmUxNTljY2Q5ODc1ZjJkNjg2YzJjMDI1YjU3NTQzZGM3IiwiX3Nlc3Npb25fZXhwaXJ5IjowfQ==','2018-07-30 00:53:10.063805'),('1zmbai3xhfywz1z17yvpt3uu9p7lolyo','NTdkODljYWZjYjczMTUwNTBiYTgyYmU3MGU2YWM3MDlhMjFiMDI1Mzp7Il9hdXRoX3VzZXJfaWQiOiI1IiwiX2F1dGhfdXNlcl9iYWNrZW5kIjoiZGphbmdvLmNvbnRyaWIuYXV0aC5iYWNrZW5kcy5Nb2RlbEJhY2tlbmQiLCJfYXV0aF91c2VyX2hhc2giOiI3YWYyYmFmMmRlZDZhYWNhY2Y5ZjBiMjhlZDk5NDIyYzZkZDA3MmQ1IiwiX3Nlc3Npb25fZXhwaXJ5IjowfQ==','2018-07-21 04:43:12.441384'),('214yop5pjlqi7oztmimx1zpukdpw2evi','NjMxNzczOGQ0M2UxOGI4NTQxZTVlM2EzOGJiZjRmNGZlMTFjOGU5MTp7Il9hdXRoX3VzZXJfaWQiOiIxNSIsIl9hdXRoX3VzZXJfYmFja2VuZCI6ImRqYW5nby5jb250cmliLmF1dGguYmFja2VuZHMuTW9kZWxCYWNrZW5kIiwiX2F1dGhfdXNlcl9oYXNoIjoiNzUyYzYzNTkwMzBmOGY2MTA0MzAyN2U0OTQ0ZTU0ZTJhYWY5YTYwZSIsIl9zZXNzaW9uX2V4cGlyeSI6MTIwOTYwMH0=','2018-07-25 17:45:21.019068'),('24cz5k2d5j0mo6b6ktj82i65jd4e06kf','NDY3ZjVjNGNiNDYyYmZkNzVkNTlmZWM0OGQ4MzA5N2Y1MjdkOTJmYjp7Il9hdXRoX3VzZXJfaWQiOiI2IiwiX2F1dGhfdXNlcl9iYWNrZW5kIjoiZGphbmdvLmNvbnRyaWIuYXV0aC5iYWNrZW5kcy5Nb2RlbEJhY2tlbmQiLCJfYXV0aF91c2VyX2hhc2giOiIxZTliMWNhMTMwMjk2YjU0ZTc3MzUyNThmYWZmY2Y5OGE0M2JjZmVkIiwiX3Nlc3Npb25fZXhwaXJ5IjowfQ==','2018-07-01 08:18:55.366730'),('26b0x8389vxtvm1pef2jcq1qkpc1l8jm','YWI0NjEyMWRmODYwNTBjNGQ0ZjNkNDljMWJkZTA5MGJiNzJiNmRkYzp7Il9hdXRoX3VzZXJfaWQiOiIxNSIsIl9hdXRoX3VzZXJfYmFja2VuZCI6ImRqYW5nby5jb250cmliLmF1dGguYmFja2VuZHMuTW9kZWxCYWNrZW5kIiwiX2F1dGhfdXNlcl9oYXNoIjoiNzUyYzYzNTkwMzBmOGY2MTA0MzAyN2U0OTQ0ZTU0ZTJhYWY5YTYwZSIsIl9zZXNzaW9uX2V4cGlyeSI6MH0=','2018-07-08 10:32:27.074700'),('278ak4ht7z1tv1jc37ps2k9yfdavcpov','NTdkODljYWZjYjczMTUwNTBiYTgyYmU3MGU2YWM3MDlhMjFiMDI1Mzp7Il9hdXRoX3VzZXJfaWQiOiI1IiwiX2F1dGhfdXNlcl9iYWNrZW5kIjoiZGphbmdvLmNvbnRyaWIuYXV0aC5iYWNrZW5kcy5Nb2RlbEJhY2tlbmQiLCJfYXV0aF91c2VyX2hhc2giOiI3YWYyYmFmMmRlZDZhYWNhY2Y5ZjBiMjhlZDk5NDIyYzZkZDA3MmQ1IiwiX3Nlc3Npb25fZXhwaXJ5IjowfQ==','2018-06-29 10:39:55.028275'),('2e26vgn0zvq207lstybkkpytyoicq3jx','ZmFmNjQ0MjljNjNiNDYzNTdkMGJiOGRkZGJhNTMyNjgwOTU0ZWZhMjp7Il9hdXRoX3VzZXJfaWQiOiIxNCIsIl9hdXRoX3VzZXJfYmFja2VuZCI6ImRqYW5nby5jb250cmliLmF1dGguYmFja2VuZHMuTW9kZWxCYWNrZW5kIiwiX2F1dGhfdXNlcl9oYXNoIjoiYWVmMDYxZGU2ZDJhN2I2NzY1ZDBkYWEzNzllMWUyYjU2MWU5MjM0ZCIsIl9zZXNzaW9uX2V4cGlyeSI6MH0=','2018-07-16 09:24:39.509035'),('2lzm5ll5kpzzxr4mnptt61q74j8hhv47','NDY3ZjVjNGNiNDYyYmZkNzVkNTlmZWM0OGQ4MzA5N2Y1MjdkOTJmYjp7Il9hdXRoX3VzZXJfaWQiOiI2IiwiX2F1dGhfdXNlcl9iYWNrZW5kIjoiZGphbmdvLmNvbnRyaWIuYXV0aC5iYWNrZW5kcy5Nb2RlbEJhY2tlbmQiLCJfYXV0aF91c2VyX2hhc2giOiIxZTliMWNhMTMwMjk2YjU0ZTc3MzUyNThmYWZmY2Y5OGE0M2JjZmVkIiwiX3Nlc3Npb25fZXhwaXJ5IjowfQ==','2018-07-30 01:58:03.693610'),('2njoz81ai86zucjxpasmmfbf5h4qhp5d','YmZhMzJlMDY5ZDExZTBlNjI3MWVhYmMzODJmZTcwYmI4ZWRkN2M0Zjp7Il9hdXRoX3VzZXJfaWQiOiIxIiwiX2F1dGhfdXNlcl9iYWNrZW5kIjoiZGphbmdvLmNvbnRyaWIuYXV0aC5iYWNrZW5kcy5Nb2RlbEJhY2tlbmQiLCJfYXV0aF91c2VyX2hhc2giOiI4Y2Q2NGEyMWVmNzcxNjUwMmQyNmJhMjljNTcwMGE5Mzk2YWM5NmY4IiwiX3Nlc3Npb25fZXhwaXJ5IjowfQ==','2018-07-26 02:11:13.222318'),('2obu12puc149lfe05lssjlboccyuse8y','ZTRhZWQ1NjIxMTBjNDllYmE0MGM0YzI1Mjk5YTIyY2MyMGNkMWE1NDp7Il9hdXRoX3VzZXJfaWQiOiIxNiIsIl9hdXRoX3VzZXJfYmFja2VuZCI6ImRqYW5nby5jb250cmliLmF1dGguYmFja2VuZHMuTW9kZWxCYWNrZW5kIiwiX2F1dGhfdXNlcl9oYXNoIjoiZTE1NGJhOGMxMTYyNTMwZDQ0OTQ2MDNlZTFlZGM2N2NmMzIxNWJkOSIsIl9zZXNzaW9uX2V4cGlyeSI6MH0=','2018-07-08 16:14:01.047828'),('2vxo130n1cc6o56d1lmbkn29cte98f51','ZTRhZWQ1NjIxMTBjNDllYmE0MGM0YzI1Mjk5YTIyY2MyMGNkMWE1NDp7Il9hdXRoX3VzZXJfaWQiOiIxNiIsIl9hdXRoX3VzZXJfYmFja2VuZCI6ImRqYW5nby5jb250cmliLmF1dGguYmFja2VuZHMuTW9kZWxCYWNrZW5kIiwiX2F1dGhfdXNlcl9oYXNoIjoiZTE1NGJhOGMxMTYyNTMwZDQ0OTQ2MDNlZTFlZGM2N2NmMzIxNWJkOSIsIl9zZXNzaW9uX2V4cGlyeSI6MH0=','2018-07-20 03:16:36.761733'),('2we0w98f61v85jiuvied5m428cjtptke','ZTRhZWQ1NjIxMTBjNDllYmE0MGM0YzI1Mjk5YTIyY2MyMGNkMWE1NDp7Il9hdXRoX3VzZXJfaWQiOiIxNiIsIl9hdXRoX3VzZXJfYmFja2VuZCI6ImRqYW5nby5jb250cmliLmF1dGguYmFja2VuZHMuTW9kZWxCYWNrZW5kIiwiX2F1dGhfdXNlcl9oYXNoIjoiZTE1NGJhOGMxMTYyNTMwZDQ0OTQ2MDNlZTFlZGM2N2NmMzIxNWJkOSIsIl9zZXNzaW9uX2V4cGlyeSI6MH0=','2018-07-15 09:09:30.187316'),('2yjgc2c6o8vxb6zatdvw98tp7kravjzu','MTc1MTg0NTc4MTE0OGQ3NmE3YmNmYzdiZDc4YmVkODMxZTFiMWUwZTp7Il9hdXRoX3VzZXJfaWQiOiI4IiwiX2F1dGhfdXNlcl9iYWNrZW5kIjoiZGphbmdvLmNvbnRyaWIuYXV0aC5iYWNrZW5kcy5Nb2RlbEJhY2tlbmQiLCJfYXV0aF91c2VyX2hhc2giOiJhNzQ5OTFmZTk2M2I0YzZhY2E5MWNhMzBiYTNkMzJjOGYxYzhiZDk1IiwiX3Nlc3Npb25fZXhwaXJ5IjoxMjA5NjAwfQ==','2018-07-20 16:42:37.762953'),('319hmgkmvl92r1a5hk55lcedz578xoyx','NTVhZWMzNDkxMGZjMmRjZjA0ZjQwNWEzM2ZmM2Q4NDRiNTM4YTRhOTp7Il9hdXRoX3VzZXJfaWQiOiIxMiIsIl9hdXRoX3VzZXJfYmFja2VuZCI6ImRqYW5nby5jb250cmliLmF1dGguYmFja2VuZHMuTW9kZWxCYWNrZW5kIiwiX2F1dGhfdXNlcl9oYXNoIjoiYmY1YjM1NmFhMTFlNDdkMmYyNTc4NjgxZmQ0NTI0OThhZjJiYTNmMCIsIl9zZXNzaW9uX2V4cGlyeSI6MH0=','2018-07-25 17:05:35.003746'),('38kkp4p0je8hfwc0at0eq6kp0zmqhndl','NDY3ZjVjNGNiNDYyYmZkNzVkNTlmZWM0OGQ4MzA5N2Y1MjdkOTJmYjp7Il9hdXRoX3VzZXJfaWQiOiI2IiwiX2F1dGhfdXNlcl9iYWNrZW5kIjoiZGphbmdvLmNvbnRyaWIuYXV0aC5iYWNrZW5kcy5Nb2RlbEJhY2tlbmQiLCJfYXV0aF91c2VyX2hhc2giOiIxZTliMWNhMTMwMjk2YjU0ZTc3MzUyNThmYWZmY2Y5OGE0M2JjZmVkIiwiX3Nlc3Npb25fZXhwaXJ5IjowfQ==','2018-07-03 08:16:09.229103'),('3c11rvdcw3wmowmna9qcu3dhycy0y4d8','ZmFhZjlmNmM1NGU3ZmIzMzA0ZWE3NDc4NmI4OGQ0NDkxYjY1MzdmNjp7Il9hdXRoX3VzZXJfaWQiOiIxMyIsIl9hdXRoX3VzZXJfYmFja2VuZCI6ImRqYW5nby5jb250cmliLmF1dGguYmFja2VuZHMuTW9kZWxCYWNrZW5kIiwiX2F1dGhfdXNlcl9oYXNoIjoiZDZiZWNmNjBkZTdiZWU1NGJiNGRlZjhmYWQ4N2Y5MDM5N2YzZGJlOSIsIl9zZXNzaW9uX2V4cGlyeSI6MH0=','2018-07-24 16:36:56.685114'),('3hbfpolwzw5tw9mv7yg6al0dxpa58f16','YmZhMzJlMDY5ZDExZTBlNjI3MWVhYmMzODJmZTcwYmI4ZWRkN2M0Zjp7Il9hdXRoX3VzZXJfaWQiOiIxIiwiX2F1dGhfdXNlcl9iYWNrZW5kIjoiZGphbmdvLmNvbnRyaWIuYXV0aC5iYWNrZW5kcy5Nb2RlbEJhY2tlbmQiLCJfYXV0aF91c2VyX2hhc2giOiI4Y2Q2NGEyMWVmNzcxNjUwMmQyNmJhMjljNTcwMGE5Mzk2YWM5NmY4IiwiX3Nlc3Npb25fZXhwaXJ5IjowfQ==','2018-07-17 16:41:25.028046'),('3mbx6k6u9eno68r1hmu628daed32sild','ZTRhZWQ1NjIxMTBjNDllYmE0MGM0YzI1Mjk5YTIyY2MyMGNkMWE1NDp7Il9hdXRoX3VzZXJfaWQiOiIxNiIsIl9hdXRoX3VzZXJfYmFja2VuZCI6ImRqYW5nby5jb250cmliLmF1dGguYmFja2VuZHMuTW9kZWxCYWNrZW5kIiwiX2F1dGhfdXNlcl9oYXNoIjoiZTE1NGJhOGMxMTYyNTMwZDQ0OTQ2MDNlZTFlZGM2N2NmMzIxNWJkOSIsIl9zZXNzaW9uX2V4cGlyeSI6MH0=','2018-07-08 16:41:25.783218'),('3z179s7jvqldze7pnx4yimooo3in185f','YmZhMzJlMDY5ZDExZTBlNjI3MWVhYmMzODJmZTcwYmI4ZWRkN2M0Zjp7Il9hdXRoX3VzZXJfaWQiOiIxIiwiX2F1dGhfdXNlcl9iYWNrZW5kIjoiZGphbmdvLmNvbnRyaWIuYXV0aC5iYWNrZW5kcy5Nb2RlbEJhY2tlbmQiLCJfYXV0aF91c2VyX2hhc2giOiI4Y2Q2NGEyMWVmNzcxNjUwMmQyNmJhMjljNTcwMGE5Mzk2YWM5NmY4IiwiX3Nlc3Npb25fZXhwaXJ5IjowfQ==','2018-07-08 14:09:32.216944'),('441duwgl3g8a3p2m12nxhpheaplqzrci','ZmFmNjQ0MjljNjNiNDYzNTdkMGJiOGRkZGJhNTMyNjgwOTU0ZWZhMjp7Il9hdXRoX3VzZXJfaWQiOiIxNCIsIl9hdXRoX3VzZXJfYmFja2VuZCI6ImRqYW5nby5jb250cmliLmF1dGguYmFja2VuZHMuTW9kZWxCYWNrZW5kIiwiX2F1dGhfdXNlcl9oYXNoIjoiYWVmMDYxZGU2ZDJhN2I2NzY1ZDBkYWEzNzllMWUyYjU2MWU5MjM0ZCIsIl9zZXNzaW9uX2V4cGlyeSI6MH0=','2018-07-21 12:46:20.710504'),('484iqylc2i7wuzgjqilrxu3uh43840vm','NDY3ZjVjNGNiNDYyYmZkNzVkNTlmZWM0OGQ4MzA5N2Y1MjdkOTJmYjp7Il9hdXRoX3VzZXJfaWQiOiI2IiwiX2F1dGhfdXNlcl9iYWNrZW5kIjoiZGphbmdvLmNvbnRyaWIuYXV0aC5iYWNrZW5kcy5Nb2RlbEJhY2tlbmQiLCJfYXV0aF91c2VyX2hhc2giOiIxZTliMWNhMTMwMjk2YjU0ZTc3MzUyNThmYWZmY2Y5OGE0M2JjZmVkIiwiX3Nlc3Npb25fZXhwaXJ5IjowfQ==','2018-07-11 05:25:20.690789'),('48bckth8jhur8zohuy5jfjz9bgbbatw4','ZDgzYWE5MWJhNWIxYWY5MjQ5M2RiZjFkMDU0NjVhNTRhYTkwYmJhNTp7Il9hdXRoX3VzZXJfaWQiOiI3IiwiX2F1dGhfdXNlcl9iYWNrZW5kIjoiZGphbmdvLmNvbnRyaWIuYXV0aC5iYWNrZW5kcy5Nb2RlbEJhY2tlbmQiLCJfYXV0aF91c2VyX2hhc2giOiI5NGVmYWQ5MzY3NTcyZTAxZTk0ZjcyZWFkODY2NDk3YzQzZDcyOTcxIiwiX3Nlc3Npb25fZXhwaXJ5IjowfQ==','2018-06-29 14:52:17.885171'),('4c12sldbuvmd06yxwtkoo4uw8fxdlgt2','MGJmMzk0MjhlY2IwMmNmMzFmNzA2ZDY3MDEyYjA5NWZiY2ZiNDU3ZDp7Il9hdXRoX3VzZXJfaWQiOiIzIiwiX2F1dGhfdXNlcl9iYWNrZW5kIjoiZGphbmdvLmNvbnRyaWIuYXV0aC5iYWNrZW5kcy5Nb2RlbEJhY2tlbmQiLCJfYXV0aF91c2VyX2hhc2giOiJhNWUwMTI1NjMxZTNjOGVkZjc1N2Q4MzhhNDZlNTI2Yjk2MDY1Yzg5IiwiX3Nlc3Npb25fZXhwaXJ5IjowfQ==','2018-07-14 17:59:12.341450'),('4eaptt3zslak1jxurwcu4lhaq08psd2c','MGJmMzk0MjhlY2IwMmNmMzFmNzA2ZDY3MDEyYjA5NWZiY2ZiNDU3ZDp7Il9hdXRoX3VzZXJfaWQiOiIzIiwiX2F1dGhfdXNlcl9iYWNrZW5kIjoiZGphbmdvLmNvbnRyaWIuYXV0aC5iYWNrZW5kcy5Nb2RlbEJhY2tlbmQiLCJfYXV0aF91c2VyX2hhc2giOiJhNWUwMTI1NjMxZTNjOGVkZjc1N2Q4MzhhNDZlNTI2Yjk2MDY1Yzg5IiwiX3Nlc3Npb25fZXhwaXJ5IjowfQ==','2018-07-28 14:21:51.386692'),('4gsz5778tnt5u7rezsilyab1zystgoxy','ZmFmNjQ0MjljNjNiNDYzNTdkMGJiOGRkZGJhNTMyNjgwOTU0ZWZhMjp7Il9hdXRoX3VzZXJfaWQiOiIxNCIsIl9hdXRoX3VzZXJfYmFja2VuZCI6ImRqYW5nby5jb250cmliLmF1dGguYmFja2VuZHMuTW9kZWxCYWNrZW5kIiwiX2F1dGhfdXNlcl9oYXNoIjoiYWVmMDYxZGU2ZDJhN2I2NzY1ZDBkYWEzNzllMWUyYjU2MWU5MjM0ZCIsIl9zZXNzaW9uX2V4cGlyeSI6MH0=','2018-07-10 05:23:32.184854'),('4nl82ggzn2m9s9xm8drauehlkjrg3mbs','YmZhMzJlMDY5ZDExZTBlNjI3MWVhYmMzODJmZTcwYmI4ZWRkN2M0Zjp7Il9hdXRoX3VzZXJfaWQiOiIxIiwiX2F1dGhfdXNlcl9iYWNrZW5kIjoiZGphbmdvLmNvbnRyaWIuYXV0aC5iYWNrZW5kcy5Nb2RlbEJhY2tlbmQiLCJfYXV0aF91c2VyX2hhc2giOiI4Y2Q2NGEyMWVmNzcxNjUwMmQyNmJhMjljNTcwMGE5Mzk2YWM5NmY4IiwiX3Nlc3Npb25fZXhwaXJ5IjowfQ==','2018-07-14 13:47:50.272341'),('4rdh2ix6fsryjyp27kt8jfx8k3rnx0a3','NDY3ZjVjNGNiNDYyYmZkNzVkNTlmZWM0OGQ4MzA5N2Y1MjdkOTJmYjp7Il9hdXRoX3VzZXJfaWQiOiI2IiwiX2F1dGhfdXNlcl9iYWNrZW5kIjoiZGphbmdvLmNvbnRyaWIuYXV0aC5iYWNrZW5kcy5Nb2RlbEJhY2tlbmQiLCJfYXV0aF91c2VyX2hhc2giOiIxZTliMWNhMTMwMjk2YjU0ZTc3MzUyNThmYWZmY2Y5OGE0M2JjZmVkIiwiX3Nlc3Npb25fZXhwaXJ5IjowfQ==','2018-07-25 20:56:57.803167'),('4v1y9v131un05y3eme3uzcxk1ktah3ev','ZmFmNjQ0MjljNjNiNDYzNTdkMGJiOGRkZGJhNTMyNjgwOTU0ZWZhMjp7Il9hdXRoX3VzZXJfaWQiOiIxNCIsIl9hdXRoX3VzZXJfYmFja2VuZCI6ImRqYW5nby5jb250cmliLmF1dGguYmFja2VuZHMuTW9kZWxCYWNrZW5kIiwiX2F1dGhfdXNlcl9oYXNoIjoiYWVmMDYxZGU2ZDJhN2I2NzY1ZDBkYWEzNzllMWUyYjU2MWU5MjM0ZCIsIl9zZXNzaW9uX2V4cGlyeSI6MH0=','2018-07-09 15:11:14.456384'),('4ybgukjo6h50u1j0a3zvbcj5cmppd7vo','MGJmMzk0MjhlY2IwMmNmMzFmNzA2ZDY3MDEyYjA5NWZiY2ZiNDU3ZDp7Il9hdXRoX3VzZXJfaWQiOiIzIiwiX2F1dGhfdXNlcl9iYWNrZW5kIjoiZGphbmdvLmNvbnRyaWIuYXV0aC5iYWNrZW5kcy5Nb2RlbEJhY2tlbmQiLCJfYXV0aF91c2VyX2hhc2giOiJhNWUwMTI1NjMxZTNjOGVkZjc1N2Q4MzhhNDZlNTI2Yjk2MDY1Yzg5IiwiX3Nlc3Npb25fZXhwaXJ5IjowfQ==','2018-06-30 13:01:39.517892'),('4yzxqd2wn4brmxkq9zpsva5xsyqpyscm','OTMxNjY4ZjM4MjJjZTM5ZmUwMTE4ZTg2ZTVmNzhkNGZhYThlZDhjMzp7Il9hdXRoX3VzZXJfaWQiOiI5IiwiX2F1dGhfdXNlcl9iYWNrZW5kIjoiZGphbmdvLmNvbnRyaWIuYXV0aC5iYWNrZW5kcy5Nb2RlbEJhY2tlbmQiLCJfYXV0aF91c2VyX2hhc2giOiJhMWYxMTViZTEyODZkNjdjNTJmMmRmYmZlZWM4NWQ2ZTE0ZGE5ZDA3IiwiX3Nlc3Npb25fZXhwaXJ5IjowfQ==','2018-07-10 10:26:13.167268'),('52xzpqraqrkuff7ifu0t80nmska7udr8','ZjViNTI3NjFhYzM1OWViNTIyYjc2NWY1MTczMjg3N2VkYzVmNjFlMjp7Il9hdXRoX3VzZXJfaWQiOiIyIiwiX2F1dGhfdXNlcl9iYWNrZW5kIjoiZGphbmdvLmNvbnRyaWIuYXV0aC5iYWNrZW5kcy5Nb2RlbEJhY2tlbmQiLCJfYXV0aF91c2VyX2hhc2giOiI2YTY4Y2I3YmUxNTljY2Q5ODc1ZjJkNjg2YzJjMDI1YjU3NTQzZGM3IiwiX3Nlc3Npb25fZXhwaXJ5IjowfQ==','2018-07-21 11:30:49.667198'),('541xlifrt6n7cvu4xh5f8ssgyf5b7uiy','YmZhMzJlMDY5ZDExZTBlNjI3MWVhYmMzODJmZTcwYmI4ZWRkN2M0Zjp7Il9hdXRoX3VzZXJfaWQiOiIxIiwiX2F1dGhfdXNlcl9iYWNrZW5kIjoiZGphbmdvLmNvbnRyaWIuYXV0aC5iYWNrZW5kcy5Nb2RlbEJhY2tlbmQiLCJfYXV0aF91c2VyX2hhc2giOiI4Y2Q2NGEyMWVmNzcxNjUwMmQyNmJhMjljNTcwMGE5Mzk2YWM5NmY4IiwiX3Nlc3Npb25fZXhwaXJ5IjowfQ==','2018-07-21 17:06:46.928952'),('575zvebfp4z30ocek3p4xh8xaqn6cp87','ZmFmNjQ0MjljNjNiNDYzNTdkMGJiOGRkZGJhNTMyNjgwOTU0ZWZhMjp7Il9hdXRoX3VzZXJfaWQiOiIxNCIsIl9hdXRoX3VzZXJfYmFja2VuZCI6ImRqYW5nby5jb250cmliLmF1dGguYmFja2VuZHMuTW9kZWxCYWNrZW5kIiwiX2F1dGhfdXNlcl9oYXNoIjoiYWVmMDYxZGU2ZDJhN2I2NzY1ZDBkYWEzNzllMWUyYjU2MWU5MjM0ZCIsIl9zZXNzaW9uX2V4cGlyeSI6MH0=','2018-07-15 16:58:54.197555'),('5d01mw6cojs4qr92minilke6nlnd0ap6','NDY3ZjVjNGNiNDYyYmZkNzVkNTlmZWM0OGQ4MzA5N2Y1MjdkOTJmYjp7Il9hdXRoX3VzZXJfaWQiOiI2IiwiX2F1dGhfdXNlcl9iYWNrZW5kIjoiZGphbmdvLmNvbnRyaWIuYXV0aC5iYWNrZW5kcy5Nb2RlbEJhY2tlbmQiLCJfYXV0aF91c2VyX2hhc2giOiIxZTliMWNhMTMwMjk2YjU0ZTc3MzUyNThmYWZmY2Y5OGE0M2JjZmVkIiwiX3Nlc3Npb25fZXhwaXJ5IjowfQ==','2018-07-08 11:23:45.102372'),('5kbze2kfay3m5d8we9pnus26dtxr4ca6','ZmFhZjlmNmM1NGU3ZmIzMzA0ZWE3NDc4NmI4OGQ0NDkxYjY1MzdmNjp7Il9hdXRoX3VzZXJfaWQiOiIxMyIsIl9hdXRoX3VzZXJfYmFja2VuZCI6ImRqYW5nby5jb250cmliLmF1dGguYmFja2VuZHMuTW9kZWxCYWNrZW5kIiwiX2F1dGhfdXNlcl9oYXNoIjoiZDZiZWNmNjBkZTdiZWU1NGJiNGRlZjhmYWQ4N2Y5MDM5N2YzZGJlOSIsIl9zZXNzaW9uX2V4cGlyeSI6MH0=','2018-07-07 10:18:44.952869'),('5kv2obs0z3xm52jj7c5lf6ri7zvgvn3j','ZmFmNjQ0MjljNjNiNDYzNTdkMGJiOGRkZGJhNTMyNjgwOTU0ZWZhMjp7Il9hdXRoX3VzZXJfaWQiOiIxNCIsIl9hdXRoX3VzZXJfYmFja2VuZCI6ImRqYW5nby5jb250cmliLmF1dGguYmFja2VuZHMuTW9kZWxCYWNrZW5kIiwiX2F1dGhfdXNlcl9oYXNoIjoiYWVmMDYxZGU2ZDJhN2I2NzY1ZDBkYWEzNzllMWUyYjU2MWU5MjM0ZCIsIl9zZXNzaW9uX2V4cGlyeSI6MH0=','2018-07-01 12:37:36.534549'),('5n7n1v9cc86lbh1xfxxhcs2mwf9bsvgv','MTc1MTg0NTc4MTE0OGQ3NmE3YmNmYzdiZDc4YmVkODMxZTFiMWUwZTp7Il9hdXRoX3VzZXJfaWQiOiI4IiwiX2F1dGhfdXNlcl9iYWNrZW5kIjoiZGphbmdvLmNvbnRyaWIuYXV0aC5iYWNrZW5kcy5Nb2RlbEJhY2tlbmQiLCJfYXV0aF91c2VyX2hhc2giOiJhNzQ5OTFmZTk2M2I0YzZhY2E5MWNhMzBiYTNkMzJjOGYxYzhiZDk1IiwiX3Nlc3Npb25fZXhwaXJ5IjoxMjA5NjAwfQ==','2018-07-14 17:31:46.044524'),('5qbadw29qaigi4ngrcqsuo76zu1kihbu','ZTRhZWQ1NjIxMTBjNDllYmE0MGM0YzI1Mjk5YTIyY2MyMGNkMWE1NDp7Il9hdXRoX3VzZXJfaWQiOiIxNiIsIl9hdXRoX3VzZXJfYmFja2VuZCI6ImRqYW5nby5jb250cmliLmF1dGguYmFja2VuZHMuTW9kZWxCYWNrZW5kIiwiX2F1dGhfdXNlcl9oYXNoIjoiZTE1NGJhOGMxMTYyNTMwZDQ0OTQ2MDNlZTFlZGM2N2NmMzIxNWJkOSIsIl9zZXNzaW9uX2V4cGlyeSI6MH0=','2018-07-09 03:08:53.956168'),('5tgfqtmp7asel3agft27opv0u8p89s68','ZDgzYWE5MWJhNWIxYWY5MjQ5M2RiZjFkMDU0NjVhNTRhYTkwYmJhNTp7Il9hdXRoX3VzZXJfaWQiOiI3IiwiX2F1dGhfdXNlcl9iYWNrZW5kIjoiZGphbmdvLmNvbnRyaWIuYXV0aC5iYWNrZW5kcy5Nb2RlbEJhY2tlbmQiLCJfYXV0aF91c2VyX2hhc2giOiI5NGVmYWQ5MzY3NTcyZTAxZTk0ZjcyZWFkODY2NDk3YzQzZDcyOTcxIiwiX3Nlc3Npb25fZXhwaXJ5IjowfQ==','2018-07-02 15:47:18.069772'),('61h77ccz54e8cnc85f0ok5754dx46zk8','NzRkMDc2YzNhNGFlMWJhNWE5OTIyNGZlMGRiYjk5YzFjYjQzMzY0Zjp7Il9hdXRoX3VzZXJfaWQiOiIxMCIsIl9hdXRoX3VzZXJfYmFja2VuZCI6ImRqYW5nby5jb250cmliLmF1dGguYmFja2VuZHMuTW9kZWxCYWNrZW5kIiwiX2F1dGhfdXNlcl9oYXNoIjoiZDk5OWIyMjQzYzRkNzFmMDQ5NmRlYzliYmY0YTY4NzIwZTYxMTE3YiIsIl9zZXNzaW9uX2V4cGlyeSI6MTIwOTYwMH0=','2018-06-29 09:11:19.315481'),('69bpwpix7fol10sax4njukjkoyhbnj1y','NWM2Y2QxMDVmMmE2MjY2MTVkYWVhNzZkOGQ1NzliZTliZDc2YzczNTp7Il9hdXRoX3VzZXJfaWQiOiIxNiIsIl9hdXRoX3VzZXJfYmFja2VuZCI6ImRqYW5nby5jb250cmliLmF1dGguYmFja2VuZHMuTW9kZWxCYWNrZW5kIiwiX2F1dGhfdXNlcl9oYXNoIjoiZTE1NGJhOGMxMTYyNTMwZDQ0OTQ2MDNlZTFlZGM2N2NmMzIxNWJkOSIsIl9zZXNzaW9uX2V4cGlyeSI6MTIwOTYwMH0=','2018-06-30 13:00:40.888264'),('6bkql9l6vrz7j2pm7ce0cykwn6kesst3','NTVhZWMzNDkxMGZjMmRjZjA0ZjQwNWEzM2ZmM2Q4NDRiNTM4YTRhOTp7Il9hdXRoX3VzZXJfaWQiOiIxMiIsIl9hdXRoX3VzZXJfYmFja2VuZCI6ImRqYW5nby5jb250cmliLmF1dGguYmFja2VuZHMuTW9kZWxCYWNrZW5kIiwiX2F1dGhfdXNlcl9oYXNoIjoiYmY1YjM1NmFhMTFlNDdkMmYyNTc4NjgxZmQ0NTI0OThhZjJiYTNmMCIsIl9zZXNzaW9uX2V4cGlyeSI6MH0=','2018-07-20 16:32:37.757847'),('6cqf7yasek3ornk8ull8zqxm2ub5gcn6','NTE5MGQzMGQzNjNlNTMwNDlkMDlhNWQxMGFiMDE2NGVmYzY1YzJjZTp7Il9hdXRoX3VzZXJfaWQiOiIxNyIsIl9hdXRoX3VzZXJfYmFja2VuZCI6ImRqYW5nby5jb250cmliLmF1dGguYmFja2VuZHMuTW9kZWxCYWNrZW5kIiwiX2F1dGhfdXNlcl9oYXNoIjoiNzQyYzNiZjNmZmJjMDc1NTlkNzcxYTgzNDgyNjk5YTE3YTY5MjZkYSIsIl9zZXNzaW9uX2V4cGlyeSI6MH0=','2018-07-04 05:57:46.451532'),('6gkbakvl0tmx2ep3so2m0tqiuu5u6hgu','ZDgzYWE5MWJhNWIxYWY5MjQ5M2RiZjFkMDU0NjVhNTRhYTkwYmJhNTp7Il9hdXRoX3VzZXJfaWQiOiI3IiwiX2F1dGhfdXNlcl9iYWNrZW5kIjoiZGphbmdvLmNvbnRyaWIuYXV0aC5iYWNrZW5kcy5Nb2RlbEJhY2tlbmQiLCJfYXV0aF91c2VyX2hhc2giOiI5NGVmYWQ5MzY3NTcyZTAxZTk0ZjcyZWFkODY2NDk3YzQzZDcyOTcxIiwiX3Nlc3Npb25fZXhwaXJ5IjowfQ==','2018-07-22 07:41:49.069019'),('6k7cy0gmttlc6eailiov7mudmrh9vc94','MGJmMzk0MjhlY2IwMmNmMzFmNzA2ZDY3MDEyYjA5NWZiY2ZiNDU3ZDp7Il9hdXRoX3VzZXJfaWQiOiIzIiwiX2F1dGhfdXNlcl9iYWNrZW5kIjoiZGphbmdvLmNvbnRyaWIuYXV0aC5iYWNrZW5kcy5Nb2RlbEJhY2tlbmQiLCJfYXV0aF91c2VyX2hhc2giOiJhNWUwMTI1NjMxZTNjOGVkZjc1N2Q4MzhhNDZlNTI2Yjk2MDY1Yzg5IiwiX3Nlc3Npb25fZXhwaXJ5IjowfQ==','2018-07-29 14:59:23.865610'),('6ryiorl1ld76fk2o4g3azv0igug0csfp','NTVhZWMzNDkxMGZjMmRjZjA0ZjQwNWEzM2ZmM2Q4NDRiNTM4YTRhOTp7Il9hdXRoX3VzZXJfaWQiOiIxMiIsIl9hdXRoX3VzZXJfYmFja2VuZCI6ImRqYW5nby5jb250cmliLmF1dGguYmFja2VuZHMuTW9kZWxCYWNrZW5kIiwiX2F1dGhfdXNlcl9oYXNoIjoiYmY1YjM1NmFhMTFlNDdkMmYyNTc4NjgxZmQ0NTI0OThhZjJiYTNmMCIsIl9zZXNzaW9uX2V4cGlyeSI6MH0=','2018-07-17 03:37:08.520466'),('6s1rvrvcochy0xo1svxt0ua5don3sbj3','NDY3ZjVjNGNiNDYyYmZkNzVkNTlmZWM0OGQ4MzA5N2Y1MjdkOTJmYjp7Il9hdXRoX3VzZXJfaWQiOiI2IiwiX2F1dGhfdXNlcl9iYWNrZW5kIjoiZGphbmdvLmNvbnRyaWIuYXV0aC5iYWNrZW5kcy5Nb2RlbEJhY2tlbmQiLCJfYXV0aF91c2VyX2hhc2giOiIxZTliMWNhMTMwMjk2YjU0ZTc3MzUyNThmYWZmY2Y5OGE0M2JjZmVkIiwiX3Nlc3Npb25fZXhwaXJ5IjowfQ==','2018-07-29 14:53:58.951895'),('6tfgol3lpi84ndomnv5zvt2vtbtktuc1','NDY3ZjVjNGNiNDYyYmZkNzVkNTlmZWM0OGQ4MzA5N2Y1MjdkOTJmYjp7Il9hdXRoX3VzZXJfaWQiOiI2IiwiX2F1dGhfdXNlcl9iYWNrZW5kIjoiZGphbmdvLmNvbnRyaWIuYXV0aC5iYWNrZW5kcy5Nb2RlbEJhY2tlbmQiLCJfYXV0aF91c2VyX2hhc2giOiIxZTliMWNhMTMwMjk2YjU0ZTc3MzUyNThmYWZmY2Y5OGE0M2JjZmVkIiwiX3Nlc3Npb25fZXhwaXJ5IjowfQ==','2018-07-15 06:48:01.283093'),('6u6a4h6asigkj0g04feu9j9pfh1pbrc7','NDY3ZjVjNGNiNDYyYmZkNzVkNTlmZWM0OGQ4MzA5N2Y1MjdkOTJmYjp7Il9hdXRoX3VzZXJfaWQiOiI2IiwiX2F1dGhfdXNlcl9iYWNrZW5kIjoiZGphbmdvLmNvbnRyaWIuYXV0aC5iYWNrZW5kcy5Nb2RlbEJhY2tlbmQiLCJfYXV0aF91c2VyX2hhc2giOiIxZTliMWNhMTMwMjk2YjU0ZTc3MzUyNThmYWZmY2Y5OGE0M2JjZmVkIiwiX3Nlc3Npb25fZXhwaXJ5IjowfQ==','2018-06-29 19:01:31.573041'),('6y4wty8f2t9v0t0zl3q9jqp1u3vx3rnr','ZDgzYWE5MWJhNWIxYWY5MjQ5M2RiZjFkMDU0NjVhNTRhYTkwYmJhNTp7Il9hdXRoX3VzZXJfaWQiOiI3IiwiX2F1dGhfdXNlcl9iYWNrZW5kIjoiZGphbmdvLmNvbnRyaWIuYXV0aC5iYWNrZW5kcy5Nb2RlbEJhY2tlbmQiLCJfYXV0aF91c2VyX2hhc2giOiI5NGVmYWQ5MzY3NTcyZTAxZTk0ZjcyZWFkODY2NDk3YzQzZDcyOTcxIiwiX3Nlc3Npb25fZXhwaXJ5IjowfQ==','2018-07-20 07:00:08.821034'),('74n9fav57jvorzfm91fr3h0bpr6g0w6d','NDY3ZjVjNGNiNDYyYmZkNzVkNTlmZWM0OGQ4MzA5N2Y1MjdkOTJmYjp7Il9hdXRoX3VzZXJfaWQiOiI2IiwiX2F1dGhfdXNlcl9iYWNrZW5kIjoiZGphbmdvLmNvbnRyaWIuYXV0aC5iYWNrZW5kcy5Nb2RlbEJhY2tlbmQiLCJfYXV0aF91c2VyX2hhc2giOiIxZTliMWNhMTMwMjk2YjU0ZTc3MzUyNThmYWZmY2Y5OGE0M2JjZmVkIiwiX3Nlc3Npb25fZXhwaXJ5IjowfQ==','2018-07-08 15:36:17.291672'),('77itld2hlhqme9b0u0zwq8n9iyxpeipc','NDY3ZjVjNGNiNDYyYmZkNzVkNTlmZWM0OGQ4MzA5N2Y1MjdkOTJmYjp7Il9hdXRoX3VzZXJfaWQiOiI2IiwiX2F1dGhfdXNlcl9iYWNrZW5kIjoiZGphbmdvLmNvbnRyaWIuYXV0aC5iYWNrZW5kcy5Nb2RlbEJhY2tlbmQiLCJfYXV0aF91c2VyX2hhc2giOiIxZTliMWNhMTMwMjk2YjU0ZTc3MzUyNThmYWZmY2Y5OGE0M2JjZmVkIiwiX3Nlc3Npb25fZXhwaXJ5IjowfQ==','2018-07-18 04:10:17.802131'),('79cggxkc9poby8om62utedg86uru51jr','ZmFmNjQ0MjljNjNiNDYzNTdkMGJiOGRkZGJhNTMyNjgwOTU0ZWZhMjp7Il9hdXRoX3VzZXJfaWQiOiIxNCIsIl9hdXRoX3VzZXJfYmFja2VuZCI6ImRqYW5nby5jb250cmliLmF1dGguYmFja2VuZHMuTW9kZWxCYWNrZW5kIiwiX2F1dGhfdXNlcl9oYXNoIjoiYWVmMDYxZGU2ZDJhN2I2NzY1ZDBkYWEzNzllMWUyYjU2MWU5MjM0ZCIsIl9zZXNzaW9uX2V4cGlyeSI6MH0=','2018-07-04 03:34:53.322460'),('79tm05h5uij8h5aix9kxo3s84a43wm6i','MGJmMzk0MjhlY2IwMmNmMzFmNzA2ZDY3MDEyYjA5NWZiY2ZiNDU3ZDp7Il9hdXRoX3VzZXJfaWQiOiIzIiwiX2F1dGhfdXNlcl9iYWNrZW5kIjoiZGphbmdvLmNvbnRyaWIuYXV0aC5iYWNrZW5kcy5Nb2RlbEJhY2tlbmQiLCJfYXV0aF91c2VyX2hhc2giOiJhNWUwMTI1NjMxZTNjOGVkZjc1N2Q4MzhhNDZlNTI2Yjk2MDY1Yzg5IiwiX3Nlc3Npb25fZXhwaXJ5IjowfQ==','2018-07-28 15:54:33.948968'),('7axtcurgyfd71glhh99eecpztl75lwuw','MGJmMzk0MjhlY2IwMmNmMzFmNzA2ZDY3MDEyYjA5NWZiY2ZiNDU3ZDp7Il9hdXRoX3VzZXJfaWQiOiIzIiwiX2F1dGhfdXNlcl9iYWNrZW5kIjoiZGphbmdvLmNvbnRyaWIuYXV0aC5iYWNrZW5kcy5Nb2RlbEJhY2tlbmQiLCJfYXV0aF91c2VyX2hhc2giOiJhNWUwMTI1NjMxZTNjOGVkZjc1N2Q4MzhhNDZlNTI2Yjk2MDY1Yzg5IiwiX3Nlc3Npb25fZXhwaXJ5IjowfQ==','2018-07-15 06:22:55.837183'),('7gj2nneg3kkg08l8kf219msok0t3fjwk','NDY3ZjVjNGNiNDYyYmZkNzVkNTlmZWM0OGQ4MzA5N2Y1MjdkOTJmYjp7Il9hdXRoX3VzZXJfaWQiOiI2IiwiX2F1dGhfdXNlcl9iYWNrZW5kIjoiZGphbmdvLmNvbnRyaWIuYXV0aC5iYWNrZW5kcy5Nb2RlbEJhY2tlbmQiLCJfYXV0aF91c2VyX2hhc2giOiIxZTliMWNhMTMwMjk2YjU0ZTc3MzUyNThmYWZmY2Y5OGE0M2JjZmVkIiwiX3Nlc3Npb25fZXhwaXJ5IjowfQ==','2018-07-07 18:12:12.010479'),('7gwex5prvicj7g3ejlthha32ectr094a','YmZhMzJlMDY5ZDExZTBlNjI3MWVhYmMzODJmZTcwYmI4ZWRkN2M0Zjp7Il9hdXRoX3VzZXJfaWQiOiIxIiwiX2F1dGhfdXNlcl9iYWNrZW5kIjoiZGphbmdvLmNvbnRyaWIuYXV0aC5iYWNrZW5kcy5Nb2RlbEJhY2tlbmQiLCJfYXV0aF91c2VyX2hhc2giOiI4Y2Q2NGEyMWVmNzcxNjUwMmQyNmJhMjljNTcwMGE5Mzk2YWM5NmY4IiwiX3Nlc3Npb25fZXhwaXJ5IjowfQ==','2018-07-08 12:33:57.168371'),('7ndknmsxrx0zdun7520qni2olzhxcyhp','ZmFmNjQ0MjljNjNiNDYzNTdkMGJiOGRkZGJhNTMyNjgwOTU0ZWZhMjp7Il9hdXRoX3VzZXJfaWQiOiIxNCIsIl9hdXRoX3VzZXJfYmFja2VuZCI6ImRqYW5nby5jb250cmliLmF1dGguYmFja2VuZHMuTW9kZWxCYWNrZW5kIiwiX2F1dGhfdXNlcl9oYXNoIjoiYWVmMDYxZGU2ZDJhN2I2NzY1ZDBkYWEzNzllMWUyYjU2MWU5MjM0ZCIsIl9zZXNzaW9uX2V4cGlyeSI6MH0=','2018-07-29 13:33:49.689173'),('7obh51lv54t9y2j337242vr3xaag7b0z','ZDgzYWE5MWJhNWIxYWY5MjQ5M2RiZjFkMDU0NjVhNTRhYTkwYmJhNTp7Il9hdXRoX3VzZXJfaWQiOiI3IiwiX2F1dGhfdXNlcl9iYWNrZW5kIjoiZGphbmdvLmNvbnRyaWIuYXV0aC5iYWNrZW5kcy5Nb2RlbEJhY2tlbmQiLCJfYXV0aF91c2VyX2hhc2giOiI5NGVmYWQ5MzY3NTcyZTAxZTk0ZjcyZWFkODY2NDk3YzQzZDcyOTcxIiwiX3Nlc3Npb25fZXhwaXJ5IjowfQ==','2018-07-04 16:12:01.381484'),('7qgrj5y96p5var7mjghz99l64xoyljv9','OTMxNjY4ZjM4MjJjZTM5ZmUwMTE4ZTg2ZTVmNzhkNGZhYThlZDhjMzp7Il9hdXRoX3VzZXJfaWQiOiI5IiwiX2F1dGhfdXNlcl9iYWNrZW5kIjoiZGphbmdvLmNvbnRyaWIuYXV0aC5iYWNrZW5kcy5Nb2RlbEJhY2tlbmQiLCJfYXV0aF91c2VyX2hhc2giOiJhMWYxMTViZTEyODZkNjdjNTJmMmRmYmZlZWM4NWQ2ZTE0ZGE5ZDA3IiwiX3Nlc3Npb25fZXhwaXJ5IjowfQ==','2018-07-12 03:32:55.115128'),('7x803nkh22w681jrez2cddmk58ughv4a','ZmFmNjQ0MjljNjNiNDYzNTdkMGJiOGRkZGJhNTMyNjgwOTU0ZWZhMjp7Il9hdXRoX3VzZXJfaWQiOiIxNCIsIl9hdXRoX3VzZXJfYmFja2VuZCI6ImRqYW5nby5jb250cmliLmF1dGguYmFja2VuZHMuTW9kZWxCYWNrZW5kIiwiX2F1dGhfdXNlcl9oYXNoIjoiYWVmMDYxZGU2ZDJhN2I2NzY1ZDBkYWEzNzllMWUyYjU2MWU5MjM0ZCIsIl9zZXNzaW9uX2V4cGlyeSI6MH0=','2018-07-28 13:46:44.975650'),('80bj0hohbmdzi25twczuyikxhzc9iqnl','ZDgzYWE5MWJhNWIxYWY5MjQ5M2RiZjFkMDU0NjVhNTRhYTkwYmJhNTp7Il9hdXRoX3VzZXJfaWQiOiI3IiwiX2F1dGhfdXNlcl9iYWNrZW5kIjoiZGphbmdvLmNvbnRyaWIuYXV0aC5iYWNrZW5kcy5Nb2RlbEJhY2tlbmQiLCJfYXV0aF91c2VyX2hhc2giOiI5NGVmYWQ5MzY3NTcyZTAxZTk0ZjcyZWFkODY2NDk3YzQzZDcyOTcxIiwiX3Nlc3Npb25fZXhwaXJ5IjowfQ==','2018-07-03 01:36:11.491088'),('81hhm07dol2foy1rn4erws8k7o2j2ist','YmZhMzJlMDY5ZDExZTBlNjI3MWVhYmMzODJmZTcwYmI4ZWRkN2M0Zjp7Il9hdXRoX3VzZXJfaWQiOiIxIiwiX2F1dGhfdXNlcl9iYWNrZW5kIjoiZGphbmdvLmNvbnRyaWIuYXV0aC5iYWNrZW5kcy5Nb2RlbEJhY2tlbmQiLCJfYXV0aF91c2VyX2hhc2giOiI4Y2Q2NGEyMWVmNzcxNjUwMmQyNmJhMjljNTcwMGE5Mzk2YWM5NmY4IiwiX3Nlc3Npb25fZXhwaXJ5IjowfQ==','2018-07-06 03:06:50.205792'),('81s1c4q3pm67bs93ek9e2dltdfumq4n4','MGJmMzk0MjhlY2IwMmNmMzFmNzA2ZDY3MDEyYjA5NWZiY2ZiNDU3ZDp7Il9hdXRoX3VzZXJfaWQiOiIzIiwiX2F1dGhfdXNlcl9iYWNrZW5kIjoiZGphbmdvLmNvbnRyaWIuYXV0aC5iYWNrZW5kcy5Nb2RlbEJhY2tlbmQiLCJfYXV0aF91c2VyX2hhc2giOiJhNWUwMTI1NjMxZTNjOGVkZjc1N2Q4MzhhNDZlNTI2Yjk2MDY1Yzg5IiwiX3Nlc3Npb25fZXhwaXJ5IjowfQ==','2018-07-24 15:46:29.414425'),('86osejjefbtcgdtb81vdlw8hm7fwe84z','NjMxNzczOGQ0M2UxOGI4NTQxZTVlM2EzOGJiZjRmNGZlMTFjOGU5MTp7Il9hdXRoX3VzZXJfaWQiOiIxNSIsIl9hdXRoX3VzZXJfYmFja2VuZCI6ImRqYW5nby5jb250cmliLmF1dGguYmFja2VuZHMuTW9kZWxCYWNrZW5kIiwiX2F1dGhfdXNlcl9oYXNoIjoiNzUyYzYzNTkwMzBmOGY2MTA0MzAyN2U0OTQ0ZTU0ZTJhYWY5YTYwZSIsIl9zZXNzaW9uX2V4cGlyeSI6MTIwOTYwMH0=','2018-07-24 03:40:50.777834'),('86tpbp97urmz0n7tlneluzh4zoxrd2mv','ZTRhZWQ1NjIxMTBjNDllYmE0MGM0YzI1Mjk5YTIyY2MyMGNkMWE1NDp7Il9hdXRoX3VzZXJfaWQiOiIxNiIsIl9hdXRoX3VzZXJfYmFja2VuZCI6ImRqYW5nby5jb250cmliLmF1dGguYmFja2VuZHMuTW9kZWxCYWNrZW5kIiwiX2F1dGhfdXNlcl9oYXNoIjoiZTE1NGJhOGMxMTYyNTMwZDQ0OTQ2MDNlZTFlZGM2N2NmMzIxNWJkOSIsIl9zZXNzaW9uX2V4cGlyeSI6MH0=','2018-07-21 04:03:06.870956'),('8bbwiptsx1qdrv2kd9dca1mcqvf6lvcm','NDY3ZjVjNGNiNDYyYmZkNzVkNTlmZWM0OGQ4MzA5N2Y1MjdkOTJmYjp7Il9hdXRoX3VzZXJfaWQiOiI2IiwiX2F1dGhfdXNlcl9iYWNrZW5kIjoiZGphbmdvLmNvbnRyaWIuYXV0aC5iYWNrZW5kcy5Nb2RlbEJhY2tlbmQiLCJfYXV0aF91c2VyX2hhc2giOiIxZTliMWNhMTMwMjk2YjU0ZTc3MzUyNThmYWZmY2Y5OGE0M2JjZmVkIiwiX3Nlc3Npb25fZXhwaXJ5IjowfQ==','2018-07-20 15:40:44.427874'),('8ch48i2tu6gjf4mghru4cyoueei22jyj','OWRiZDI4NGY1ZmUyM2NiNThkZGY3NjY0MjhkMDVmMmNkNDA1OWYxMTp7Il9hdXRoX3VzZXJfaWQiOiIxMyIsIl9hdXRoX3VzZXJfYmFja2VuZCI6ImRqYW5nby5jb250cmliLmF1dGguYmFja2VuZHMuTW9kZWxCYWNrZW5kIiwiX2F1dGhfdXNlcl9oYXNoIjoiZDZiZWNmNjBkZTdiZWU1NGJiNGRlZjhmYWQ4N2Y5MDM5N2YzZGJlOSIsIl9zZXNzaW9uX2V4cGlyeSI6MTIwOTYwMH0=','2018-07-14 15:07:15.588943'),('8etwswu671ewigy4zefx2dgo0gkn6ddb','NDY3ZjVjNGNiNDYyYmZkNzVkNTlmZWM0OGQ4MzA5N2Y1MjdkOTJmYjp7Il9hdXRoX3VzZXJfaWQiOiI2IiwiX2F1dGhfdXNlcl9iYWNrZW5kIjoiZGphbmdvLmNvbnRyaWIuYXV0aC5iYWNrZW5kcy5Nb2RlbEJhY2tlbmQiLCJfYXV0aF91c2VyX2hhc2giOiIxZTliMWNhMTMwMjk2YjU0ZTc3MzUyNThmYWZmY2Y5OGE0M2JjZmVkIiwiX3Nlc3Npb25fZXhwaXJ5IjowfQ==','2018-07-09 12:54:50.477007'),('8fve9nd164e5faf2nplqgsbsm1jel7fg','NDY3ZjVjNGNiNDYyYmZkNzVkNTlmZWM0OGQ4MzA5N2Y1MjdkOTJmYjp7Il9hdXRoX3VzZXJfaWQiOiI2IiwiX2F1dGhfdXNlcl9iYWNrZW5kIjoiZGphbmdvLmNvbnRyaWIuYXV0aC5iYWNrZW5kcy5Nb2RlbEJhY2tlbmQiLCJfYXV0aF91c2VyX2hhc2giOiIxZTliMWNhMTMwMjk2YjU0ZTc3MzUyNThmYWZmY2Y5OGE0M2JjZmVkIiwiX3Nlc3Npb25fZXhwaXJ5IjowfQ==','2018-07-07 10:26:17.379467'),('8jbnp2d3bwl1y3vcjhrbgopa0obg8vc1','ZDgzYWE5MWJhNWIxYWY5MjQ5M2RiZjFkMDU0NjVhNTRhYTkwYmJhNTp7Il9hdXRoX3VzZXJfaWQiOiI3IiwiX2F1dGhfdXNlcl9iYWNrZW5kIjoiZGphbmdvLmNvbnRyaWIuYXV0aC5iYWNrZW5kcy5Nb2RlbEJhY2tlbmQiLCJfYXV0aF91c2VyX2hhc2giOiI5NGVmYWQ5MzY3NTcyZTAxZTk0ZjcyZWFkODY2NDk3YzQzZDcyOTcxIiwiX3Nlc3Npb25fZXhwaXJ5IjowfQ==','2018-07-10 19:55:20.273653'),('8llxx1a3nvmmufrd9s5056q3jxfa0954','ZTRhZWQ1NjIxMTBjNDllYmE0MGM0YzI1Mjk5YTIyY2MyMGNkMWE1NDp7Il9hdXRoX3VzZXJfaWQiOiIxNiIsIl9hdXRoX3VzZXJfYmFja2VuZCI6ImRqYW5nby5jb250cmliLmF1dGguYmFja2VuZHMuTW9kZWxCYWNrZW5kIiwiX2F1dGhfdXNlcl9oYXNoIjoiZTE1NGJhOGMxMTYyNTMwZDQ0OTQ2MDNlZTFlZGM2N2NmMzIxNWJkOSIsIl9zZXNzaW9uX2V4cGlyeSI6MH0=','2018-07-08 14:04:45.233133'),('8qfkin30t7n4yngckwhxmzbfyw9ox7ph','NzM2ODZhY2ViYmY1ZWUzZDUzMWYyZTZkYzlhMDNhOTk5ZGIxYTc0Yjp7Il9hdXRoX3VzZXJfaWQiOiIzIiwiX2F1dGhfdXNlcl9iYWNrZW5kIjoiZGphbmdvLmNvbnRyaWIuYXV0aC5iYWNrZW5kcy5Nb2RlbEJhY2tlbmQiLCJfYXV0aF91c2VyX2hhc2giOiJhNWUwMTI1NjMxZTNjOGVkZjc1N2Q4MzhhNDZlNTI2Yjk2MDY1Yzg5IiwiX3Nlc3Npb25fZXhwaXJ5IjoxMjA5NjAwfQ==','2018-06-29 17:19:10.361544'),('8sc1ieqkhkk5tcvmxp80z5s0w3er1x4g','ZmFhZjlmNmM1NGU3ZmIzMzA0ZWE3NDc4NmI4OGQ0NDkxYjY1MzdmNjp7Il9hdXRoX3VzZXJfaWQiOiIxMyIsIl9hdXRoX3VzZXJfYmFja2VuZCI6ImRqYW5nby5jb250cmliLmF1dGguYmFja2VuZHMuTW9kZWxCYWNrZW5kIiwiX2F1dGhfdXNlcl9oYXNoIjoiZDZiZWNmNjBkZTdiZWU1NGJiNGRlZjhmYWQ4N2Y5MDM5N2YzZGJlOSIsIl9zZXNzaW9uX2V4cGlyeSI6MH0=','2018-07-01 01:36:50.626632'),('8u6b9kodxe9t9hjq7eguhyz3iupc5fde','YWI0NjEyMWRmODYwNTBjNGQ0ZjNkNDljMWJkZTA5MGJiNzJiNmRkYzp7Il9hdXRoX3VzZXJfaWQiOiIxNSIsIl9hdXRoX3VzZXJfYmFja2VuZCI6ImRqYW5nby5jb250cmliLmF1dGguYmFja2VuZHMuTW9kZWxCYWNrZW5kIiwiX2F1dGhfdXNlcl9oYXNoIjoiNzUyYzYzNTkwMzBmOGY2MTA0MzAyN2U0OTQ0ZTU0ZTJhYWY5YTYwZSIsIl9zZXNzaW9uX2V4cGlyeSI6MH0=','2018-07-21 17:18:10.785877'),('8wmv6ujkb0b4rnw5lwf22tk2omddhbnv','MGJmMzk0MjhlY2IwMmNmMzFmNzA2ZDY3MDEyYjA5NWZiY2ZiNDU3ZDp7Il9hdXRoX3VzZXJfaWQiOiIzIiwiX2F1dGhfdXNlcl9iYWNrZW5kIjoiZGphbmdvLmNvbnRyaWIuYXV0aC5iYWNrZW5kcy5Nb2RlbEJhY2tlbmQiLCJfYXV0aF91c2VyX2hhc2giOiJhNWUwMTI1NjMxZTNjOGVkZjc1N2Q4MzhhNDZlNTI2Yjk2MDY1Yzg5IiwiX3Nlc3Npb25fZXhwaXJ5IjowfQ==','2018-07-21 00:50:51.160594'),('92qzp6ts2nsw6w5toy4xalso4uq48l95','ZTRhZWQ1NjIxMTBjNDllYmE0MGM0YzI1Mjk5YTIyY2MyMGNkMWE1NDp7Il9hdXRoX3VzZXJfaWQiOiIxNiIsIl9hdXRoX3VzZXJfYmFja2VuZCI6ImRqYW5nby5jb250cmliLmF1dGguYmFja2VuZHMuTW9kZWxCYWNrZW5kIiwiX2F1dGhfdXNlcl9oYXNoIjoiZTE1NGJhOGMxMTYyNTMwZDQ0OTQ2MDNlZTFlZGM2N2NmMzIxNWJkOSIsIl9zZXNzaW9uX2V4cGlyeSI6MH0=','2018-07-15 13:14:37.520281'),('94wk48lv74mtau5drtxgwem6wwcp693l','OTQ4YzY0MWFjOGYyNDllMDBjMzU2MWMzZGVjYTc2OGIwNDE5MjcyNDp7Il9hdXRoX3VzZXJfaWQiOiI5IiwiX2F1dGhfdXNlcl9iYWNrZW5kIjoiZGphbmdvLmNvbnRyaWIuYXV0aC5iYWNrZW5kcy5Nb2RlbEJhY2tlbmQiLCJfYXV0aF91c2VyX2hhc2giOiJhMWYxMTViZTEyODZkNjdjNTJmMmRmYmZlZWM4NWQ2ZTE0ZGE5ZDA3IiwiX3Nlc3Npb25fZXhwaXJ5IjoxMjA5NjAwfQ==','2018-07-04 03:35:15.752660'),('952afydr3wwwfzi437warny36wmqzz2u','NDY3ZjVjNGNiNDYyYmZkNzVkNTlmZWM0OGQ4MzA5N2Y1MjdkOTJmYjp7Il9hdXRoX3VzZXJfaWQiOiI2IiwiX2F1dGhfdXNlcl9iYWNrZW5kIjoiZGphbmdvLmNvbnRyaWIuYXV0aC5iYWNrZW5kcy5Nb2RlbEJhY2tlbmQiLCJfYXV0aF91c2VyX2hhc2giOiIxZTliMWNhMTMwMjk2YjU0ZTc3MzUyNThmYWZmY2Y5OGE0M2JjZmVkIiwiX3Nlc3Npb25fZXhwaXJ5IjowfQ==','2018-07-02 15:32:31.460749'),('9ciabwgdwchd7yx3qv3h5x5ozgsmjf4v','ZjViNTI3NjFhYzM1OWViNTIyYjc2NWY1MTczMjg3N2VkYzVmNjFlMjp7Il9hdXRoX3VzZXJfaWQiOiIyIiwiX2F1dGhfdXNlcl9iYWNrZW5kIjoiZGphbmdvLmNvbnRyaWIuYXV0aC5iYWNrZW5kcy5Nb2RlbEJhY2tlbmQiLCJfYXV0aF91c2VyX2hhc2giOiI2YTY4Y2I3YmUxNTljY2Q5ODc1ZjJkNjg2YzJjMDI1YjU3NTQzZGM3IiwiX3Nlc3Npb25fZXhwaXJ5IjowfQ==','2018-07-20 13:38:49.059148'),('9co4ezhwco4bnnmvny8prm6ozez05p2b','NDY3ZjVjNGNiNDYyYmZkNzVkNTlmZWM0OGQ4MzA5N2Y1MjdkOTJmYjp7Il9hdXRoX3VzZXJfaWQiOiI2IiwiX2F1dGhfdXNlcl9iYWNrZW5kIjoiZGphbmdvLmNvbnRyaWIuYXV0aC5iYWNrZW5kcy5Nb2RlbEJhY2tlbmQiLCJfYXV0aF91c2VyX2hhc2giOiIxZTliMWNhMTMwMjk2YjU0ZTc3MzUyNThmYWZmY2Y5OGE0M2JjZmVkIiwiX3Nlc3Npb25fZXhwaXJ5IjowfQ==','2018-07-20 15:54:45.059783'),('9fp5zpe8tnzoht9zdsgzb4re47uh7k93','NDY3ZjVjNGNiNDYyYmZkNzVkNTlmZWM0OGQ4MzA5N2Y1MjdkOTJmYjp7Il9hdXRoX3VzZXJfaWQiOiI2IiwiX2F1dGhfdXNlcl9iYWNrZW5kIjoiZGphbmdvLmNvbnRyaWIuYXV0aC5iYWNrZW5kcy5Nb2RlbEJhY2tlbmQiLCJfYXV0aF91c2VyX2hhc2giOiIxZTliMWNhMTMwMjk2YjU0ZTc3MzUyNThmYWZmY2Y5OGE0M2JjZmVkIiwiX3Nlc3Npb25fZXhwaXJ5IjowfQ==','2018-07-10 05:28:23.862908'),('9hsq5mwb5pkjcsd04pt82py4mko5oj4s','NzM2ODZhY2ViYmY1ZWUzZDUzMWYyZTZkYzlhMDNhOTk5ZGIxYTc0Yjp7Il9hdXRoX3VzZXJfaWQiOiIzIiwiX2F1dGhfdXNlcl9iYWNrZW5kIjoiZGphbmdvLmNvbnRyaWIuYXV0aC5iYWNrZW5kcy5Nb2RlbEJhY2tlbmQiLCJfYXV0aF91c2VyX2hhc2giOiJhNWUwMTI1NjMxZTNjOGVkZjc1N2Q4MzhhNDZlNTI2Yjk2MDY1Yzg5IiwiX3Nlc3Npb25fZXhwaXJ5IjoxMjA5NjAwfQ==','2018-07-04 16:55:16.362715'),('9kqi1byqxjh158evikv9k5oa0jadlekq','NDY3ZjVjNGNiNDYyYmZkNzVkNTlmZWM0OGQ4MzA5N2Y1MjdkOTJmYjp7Il9hdXRoX3VzZXJfaWQiOiI2IiwiX2F1dGhfdXNlcl9iYWNrZW5kIjoiZGphbmdvLmNvbnRyaWIuYXV0aC5iYWNrZW5kcy5Nb2RlbEJhY2tlbmQiLCJfYXV0aF91c2VyX2hhc2giOiIxZTliMWNhMTMwMjk2YjU0ZTc3MzUyNThmYWZmY2Y5OGE0M2JjZmVkIiwiX3Nlc3Npb25fZXhwaXJ5IjowfQ==','2018-07-17 08:04:40.957814'),('9myhw3i5wdxtrki1rc2wlm5cvzyep7ic','NDY3ZjVjNGNiNDYyYmZkNzVkNTlmZWM0OGQ4MzA5N2Y1MjdkOTJmYjp7Il9hdXRoX3VzZXJfaWQiOiI2IiwiX2F1dGhfdXNlcl9iYWNrZW5kIjoiZGphbmdvLmNvbnRyaWIuYXV0aC5iYWNrZW5kcy5Nb2RlbEJhY2tlbmQiLCJfYXV0aF91c2VyX2hhc2giOiIxZTliMWNhMTMwMjk2YjU0ZTc3MzUyNThmYWZmY2Y5OGE0M2JjZmVkIiwiX3Nlc3Npb25fZXhwaXJ5IjowfQ==','2018-07-06 11:47:38.215299'),('9o2hc3guocavgdajeyx37qpuyz691ltu','ZmFmNjQ0MjljNjNiNDYzNTdkMGJiOGRkZGJhNTMyNjgwOTU0ZWZhMjp7Il9hdXRoX3VzZXJfaWQiOiIxNCIsIl9hdXRoX3VzZXJfYmFja2VuZCI6ImRqYW5nby5jb250cmliLmF1dGguYmFja2VuZHMuTW9kZWxCYWNrZW5kIiwiX2F1dGhfdXNlcl9oYXNoIjoiYWVmMDYxZGU2ZDJhN2I2NzY1ZDBkYWEzNzllMWUyYjU2MWU5MjM0ZCIsIl9zZXNzaW9uX2V4cGlyeSI6MH0=','2018-07-21 08:23:48.244181'),('9pxt0ut6n4o7045lcwhs6kek9yv4dbt4','NTE5MGQzMGQzNjNlNTMwNDlkMDlhNWQxMGFiMDE2NGVmYzY1YzJjZTp7Il9hdXRoX3VzZXJfaWQiOiIxNyIsIl9hdXRoX3VzZXJfYmFja2VuZCI6ImRqYW5nby5jb250cmliLmF1dGguYmFja2VuZHMuTW9kZWxCYWNrZW5kIiwiX2F1dGhfdXNlcl9oYXNoIjoiNzQyYzNiZjNmZmJjMDc1NTlkNzcxYTgzNDgyNjk5YTE3YTY5MjZkYSIsIl9zZXNzaW9uX2V4cGlyeSI6MH0=','2018-07-16 03:54:38.503821'),('9tb2l3i0bku1jtd1lgn3xqtbea97uuzs','YWI0NjEyMWRmODYwNTBjNGQ0ZjNkNDljMWJkZTA5MGJiNzJiNmRkYzp7Il9hdXRoX3VzZXJfaWQiOiIxNSIsIl9hdXRoX3VzZXJfYmFja2VuZCI6ImRqYW5nby5jb250cmliLmF1dGguYmFja2VuZHMuTW9kZWxCYWNrZW5kIiwiX2F1dGhfdXNlcl9oYXNoIjoiNzUyYzYzNTkwMzBmOGY2MTA0MzAyN2U0OTQ0ZTU0ZTJhYWY5YTYwZSIsIl9zZXNzaW9uX2V4cGlyeSI6MH0=','2018-06-29 15:48:12.452779'),('9xiqdb4jgydxux8t7xgbpxkq8qrmlshl','NTVhZWMzNDkxMGZjMmRjZjA0ZjQwNWEzM2ZmM2Q4NDRiNTM4YTRhOTp7Il9hdXRoX3VzZXJfaWQiOiIxMiIsIl9hdXRoX3VzZXJfYmFja2VuZCI6ImRqYW5nby5jb250cmliLmF1dGguYmFja2VuZHMuTW9kZWxCYWNrZW5kIiwiX2F1dGhfdXNlcl9oYXNoIjoiYmY1YjM1NmFhMTFlNDdkMmYyNTc4NjgxZmQ0NTI0OThhZjJiYTNmMCIsIl9zZXNzaW9uX2V4cGlyeSI6MH0=','2018-07-20 12:52:35.642968'),('a020cshijxb3yt2sjtggodmvk59x1qsn','ZDgzYWE5MWJhNWIxYWY5MjQ5M2RiZjFkMDU0NjVhNTRhYTkwYmJhNTp7Il9hdXRoX3VzZXJfaWQiOiI3IiwiX2F1dGhfdXNlcl9iYWNrZW5kIjoiZGphbmdvLmNvbnRyaWIuYXV0aC5iYWNrZW5kcy5Nb2RlbEJhY2tlbmQiLCJfYXV0aF91c2VyX2hhc2giOiI5NGVmYWQ5MzY3NTcyZTAxZTk0ZjcyZWFkODY2NDk3YzQzZDcyOTcxIiwiX3Nlc3Npb25fZXhwaXJ5IjowfQ==','2018-07-02 06:44:54.593905'),('a0qensruvj5gyuf3t54ciuxzaqswz52s','ZTRhZWQ1NjIxMTBjNDllYmE0MGM0YzI1Mjk5YTIyY2MyMGNkMWE1NDp7Il9hdXRoX3VzZXJfaWQiOiIxNiIsIl9hdXRoX3VzZXJfYmFja2VuZCI6ImRqYW5nby5jb250cmliLmF1dGguYmFja2VuZHMuTW9kZWxCYWNrZW5kIiwiX2F1dGhfdXNlcl9oYXNoIjoiZTE1NGJhOGMxMTYyNTMwZDQ0OTQ2MDNlZTFlZGM2N2NmMzIxNWJkOSIsIl9zZXNzaW9uX2V4cGlyeSI6MH0=','2018-07-15 23:17:59.134486'),('a38xv3c5li7chfu0i36jz830d15e9pkc','ZjViNTI3NjFhYzM1OWViNTIyYjc2NWY1MTczMjg3N2VkYzVmNjFlMjp7Il9hdXRoX3VzZXJfaWQiOiIyIiwiX2F1dGhfdXNlcl9iYWNrZW5kIjoiZGphbmdvLmNvbnRyaWIuYXV0aC5iYWNrZW5kcy5Nb2RlbEJhY2tlbmQiLCJfYXV0aF91c2VyX2hhc2giOiI2YTY4Y2I3YmUxNTljY2Q5ODc1ZjJkNjg2YzJjMDI1YjU3NTQzZGM3IiwiX3Nlc3Npb25fZXhwaXJ5IjowfQ==','2018-07-16 01:11:33.256275'),('agx4fyw8uubj69k090l9okojp7kn3bxg','NTE1ZDA5ZTE4YjM1OWQ5NGNjYzI4MGI1MTBjZDRhM2JlYzVjYmQwMzp7Il9hdXRoX3VzZXJfaWQiOiI3IiwiX2F1dGhfdXNlcl9iYWNrZW5kIjoiZGphbmdvLmNvbnRyaWIuYXV0aC5iYWNrZW5kcy5Nb2RlbEJhY2tlbmQiLCJfYXV0aF91c2VyX2hhc2giOiI5NGVmYWQ5MzY3NTcyZTAxZTk0ZjcyZWFkODY2NDk3YzQzZDcyOTcxIiwiX3Nlc3Npb25fZXhwaXJ5IjoxMjA5NjAwfQ==','2018-07-07 10:58:47.836718'),('ahdpnw8j7cm9bvilrs1ewdq421in8haz','NDY3ZjVjNGNiNDYyYmZkNzVkNTlmZWM0OGQ4MzA5N2Y1MjdkOTJmYjp7Il9hdXRoX3VzZXJfaWQiOiI2IiwiX2F1dGhfdXNlcl9iYWNrZW5kIjoiZGphbmdvLmNvbnRyaWIuYXV0aC5iYWNrZW5kcy5Nb2RlbEJhY2tlbmQiLCJfYXV0aF91c2VyX2hhc2giOiIxZTliMWNhMTMwMjk2YjU0ZTc3MzUyNThmYWZmY2Y5OGE0M2JjZmVkIiwiX3Nlc3Npb25fZXhwaXJ5IjowfQ==','2018-06-30 09:15:37.857302'),('art5855shhg7mxuce0kio20xr8pg0zf3','ZmFmNjQ0MjljNjNiNDYzNTdkMGJiOGRkZGJhNTMyNjgwOTU0ZWZhMjp7Il9hdXRoX3VzZXJfaWQiOiIxNCIsIl9hdXRoX3VzZXJfYmFja2VuZCI6ImRqYW5nby5jb250cmliLmF1dGguYmFja2VuZHMuTW9kZWxCYWNrZW5kIiwiX2F1dGhfdXNlcl9oYXNoIjoiYWVmMDYxZGU2ZDJhN2I2NzY1ZDBkYWEzNzllMWUyYjU2MWU5MjM0ZCIsIl9zZXNzaW9uX2V4cGlyeSI6MH0=','2018-07-01 14:04:15.258853'),('b385jy7oxj75sfqrsmu8c7fcma6jf7jy','NWJjMDFiNGRiOWVhNjczZTVlNTgyMTc4YTlhMmQ4NjQyNTU5NWE1MTp7Il9hdXRoX3VzZXJfaWQiOiIyIiwiX2F1dGhfdXNlcl9iYWNrZW5kIjoiZGphbmdvLmNvbnRyaWIuYXV0aC5iYWNrZW5kcy5Nb2RlbEJhY2tlbmQiLCJfYXV0aF91c2VyX2hhc2giOiI2YTY4Y2I3YmUxNTljY2Q5ODc1ZjJkNjg2YzJjMDI1YjU3NTQzZGM3IiwiX3Nlc3Npb25fZXhwaXJ5IjoxMjA5NjAwfQ==','2018-06-29 11:39:56.610814'),('b62lckgeq0id07riukkfhqi5xql1s672','NTVhZWMzNDkxMGZjMmRjZjA0ZjQwNWEzM2ZmM2Q4NDRiNTM4YTRhOTp7Il9hdXRoX3VzZXJfaWQiOiIxMiIsIl9hdXRoX3VzZXJfYmFja2VuZCI6ImRqYW5nby5jb250cmliLmF1dGguYmFja2VuZHMuTW9kZWxCYWNrZW5kIiwiX2F1dGhfdXNlcl9oYXNoIjoiYmY1YjM1NmFhMTFlNDdkMmYyNTc4NjgxZmQ0NTI0OThhZjJiYTNmMCIsIl9zZXNzaW9uX2V4cGlyeSI6MH0=','2018-07-24 05:12:24.102123'),('bgstedewec52zctnltc73pxgtmbi5gvk','ZmFhZjlmNmM1NGU3ZmIzMzA0ZWE3NDc4NmI4OGQ0NDkxYjY1MzdmNjp7Il9hdXRoX3VzZXJfaWQiOiIxMyIsIl9hdXRoX3VzZXJfYmFja2VuZCI6ImRqYW5nby5jb250cmliLmF1dGguYmFja2VuZHMuTW9kZWxCYWNrZW5kIiwiX2F1dGhfdXNlcl9oYXNoIjoiZDZiZWNmNjBkZTdiZWU1NGJiNGRlZjhmYWQ4N2Y5MDM5N2YzZGJlOSIsIl9zZXNzaW9uX2V4cGlyeSI6MH0=','2018-07-10 15:16:56.012325'),('bgudft0ptgivchcmr073anjronkypnab','ZTg0MDgxNTA3ODE1OGNhZDNhMTY0MWZiMGU3N2MzYTY2OGZhZDQ1Mzp7Il9zZXNzaW9uX2V4cGlyeSI6MH0=','2018-07-02 04:44:26.102974'),('bhqx34e2goy58wxf6xqjpzvad3t2f5kg','ZjViNTI3NjFhYzM1OWViNTIyYjc2NWY1MTczMjg3N2VkYzVmNjFlMjp7Il9hdXRoX3VzZXJfaWQiOiIyIiwiX2F1dGhfdXNlcl9iYWNrZW5kIjoiZGphbmdvLmNvbnRyaWIuYXV0aC5iYWNrZW5kcy5Nb2RlbEJhY2tlbmQiLCJfYXV0aF91c2VyX2hhc2giOiI2YTY4Y2I3YmUxNTljY2Q5ODc1ZjJkNjg2YzJjMDI1YjU3NTQzZGM3IiwiX3Nlc3Npb25fZXhwaXJ5IjowfQ==','2018-07-16 16:40:59.207372'),('bizpmrvlsv9g9xseha1zarktz0quy7j6','MGJmMzk0MjhlY2IwMmNmMzFmNzA2ZDY3MDEyYjA5NWZiY2ZiNDU3ZDp7Il9hdXRoX3VzZXJfaWQiOiIzIiwiX2F1dGhfdXNlcl9iYWNrZW5kIjoiZGphbmdvLmNvbnRyaWIuYXV0aC5iYWNrZW5kcy5Nb2RlbEJhY2tlbmQiLCJfYXV0aF91c2VyX2hhc2giOiJhNWUwMTI1NjMxZTNjOGVkZjc1N2Q4MzhhNDZlNTI2Yjk2MDY1Yzg5IiwiX3Nlc3Npb25fZXhwaXJ5IjowfQ==','2018-07-29 15:39:00.891967'),('bl5k1mvjboe2isng2gi6kz41bl8wh8d5','ZmFhZjlmNmM1NGU3ZmIzMzA0ZWE3NDc4NmI4OGQ0NDkxYjY1MzdmNjp7Il9hdXRoX3VzZXJfaWQiOiIxMyIsIl9hdXRoX3VzZXJfYmFja2VuZCI6ImRqYW5nby5jb250cmliLmF1dGguYmFja2VuZHMuTW9kZWxCYWNrZW5kIiwiX2F1dGhfdXNlcl9oYXNoIjoiZDZiZWNmNjBkZTdiZWU1NGJiNGRlZjhmYWQ4N2Y5MDM5N2YzZGJlOSIsIl9zZXNzaW9uX2V4cGlyeSI6MH0=','2018-07-28 12:07:46.841579'),('blgl7kz0pkyxbf4l4feki60o60zyx5wu','MGJmMzk0MjhlY2IwMmNmMzFmNzA2ZDY3MDEyYjA5NWZiY2ZiNDU3ZDp7Il9hdXRoX3VzZXJfaWQiOiIzIiwiX2F1dGhfdXNlcl9iYWNrZW5kIjoiZGphbmdvLmNvbnRyaWIuYXV0aC5iYWNrZW5kcy5Nb2RlbEJhY2tlbmQiLCJfYXV0aF91c2VyX2hhc2giOiJhNWUwMTI1NjMxZTNjOGVkZjc1N2Q4MzhhNDZlNTI2Yjk2MDY1Yzg5IiwiX3Nlc3Npb25fZXhwaXJ5IjowfQ==','2018-07-29 15:50:12.719638'),('bu8f4c2vc6px8ukktajbaq2pyyt2z4pt','ZmFmNjQ0MjljNjNiNDYzNTdkMGJiOGRkZGJhNTMyNjgwOTU0ZWZhMjp7Il9hdXRoX3VzZXJfaWQiOiIxNCIsIl9hdXRoX3VzZXJfYmFja2VuZCI6ImRqYW5nby5jb250cmliLmF1dGguYmFja2VuZHMuTW9kZWxCYWNrZW5kIiwiX2F1dGhfdXNlcl9oYXNoIjoiYWVmMDYxZGU2ZDJhN2I2NzY1ZDBkYWEzNzllMWUyYjU2MWU5MjM0ZCIsIl9zZXNzaW9uX2V4cGlyeSI6MH0=','2018-07-28 16:37:52.661899'),('bup2mum1x1un0lpxxu8h9a287awfb4sg','NTE5MGQzMGQzNjNlNTMwNDlkMDlhNWQxMGFiMDE2NGVmYzY1YzJjZTp7Il9hdXRoX3VzZXJfaWQiOiIxNyIsIl9hdXRoX3VzZXJfYmFja2VuZCI6ImRqYW5nby5jb250cmliLmF1dGguYmFja2VuZHMuTW9kZWxCYWNrZW5kIiwiX2F1dGhfdXNlcl9oYXNoIjoiNzQyYzNiZjNmZmJjMDc1NTlkNzcxYTgzNDgyNjk5YTE3YTY5MjZkYSIsIl9zZXNzaW9uX2V4cGlyeSI6MH0=','2018-07-04 08:27:39.494168'),('bwc51hgx5xtug457wsq78pe65rllkgzc','NDY3ZjVjNGNiNDYyYmZkNzVkNTlmZWM0OGQ4MzA5N2Y1MjdkOTJmYjp7Il9hdXRoX3VzZXJfaWQiOiI2IiwiX2F1dGhfdXNlcl9iYWNrZW5kIjoiZGphbmdvLmNvbnRyaWIuYXV0aC5iYWNrZW5kcy5Nb2RlbEJhY2tlbmQiLCJfYXV0aF91c2VyX2hhc2giOiIxZTliMWNhMTMwMjk2YjU0ZTc3MzUyNThmYWZmY2Y5OGE0M2JjZmVkIiwiX3Nlc3Npb25fZXhwaXJ5IjowfQ==','2018-07-21 13:58:08.157636'),('by6zo3v3wbk6bh3hm2w0vbs57ftep8p0','OTMxNjY4ZjM4MjJjZTM5ZmUwMTE4ZTg2ZTVmNzhkNGZhYThlZDhjMzp7Il9hdXRoX3VzZXJfaWQiOiI5IiwiX2F1dGhfdXNlcl9iYWNrZW5kIjoiZGphbmdvLmNvbnRyaWIuYXV0aC5iYWNrZW5kcy5Nb2RlbEJhY2tlbmQiLCJfYXV0aF91c2VyX2hhc2giOiJhMWYxMTViZTEyODZkNjdjNTJmMmRmYmZlZWM4NWQ2ZTE0ZGE5ZDA3IiwiX3Nlc3Npb25fZXhwaXJ5IjowfQ==','2018-07-11 03:18:39.798323'),('c2n2xxgk8s11yhvgk9v17w1yv57b7oc2','NTdkODljYWZjYjczMTUwNTBiYTgyYmU3MGU2YWM3MDlhMjFiMDI1Mzp7Il9hdXRoX3VzZXJfaWQiOiI1IiwiX2F1dGhfdXNlcl9iYWNrZW5kIjoiZGphbmdvLmNvbnRyaWIuYXV0aC5iYWNrZW5kcy5Nb2RlbEJhY2tlbmQiLCJfYXV0aF91c2VyX2hhc2giOiI3YWYyYmFmMmRlZDZhYWNhY2Y5ZjBiMjhlZDk5NDIyYzZkZDA3MmQ1IiwiX3Nlc3Npb25fZXhwaXJ5IjowfQ==','2018-07-08 10:18:32.574200'),('c6v1st7uq0sl52wqdwl8dgi46gz0sv0c','NDY3ZjVjNGNiNDYyYmZkNzVkNTlmZWM0OGQ4MzA5N2Y1MjdkOTJmYjp7Il9hdXRoX3VzZXJfaWQiOiI2IiwiX2F1dGhfdXNlcl9iYWNrZW5kIjoiZGphbmdvLmNvbnRyaWIuYXV0aC5iYWNrZW5kcy5Nb2RlbEJhY2tlbmQiLCJfYXV0aF91c2VyX2hhc2giOiIxZTliMWNhMTMwMjk2YjU0ZTc3MzUyNThmYWZmY2Y5OGE0M2JjZmVkIiwiX3Nlc3Npb25fZXhwaXJ5IjowfQ==','2018-07-16 14:56:43.476066'),('c87ma43fkydhwilr912abh7j267tp9oj','ZmFmNjQ0MjljNjNiNDYzNTdkMGJiOGRkZGJhNTMyNjgwOTU0ZWZhMjp7Il9hdXRoX3VzZXJfaWQiOiIxNCIsIl9hdXRoX3VzZXJfYmFja2VuZCI6ImRqYW5nby5jb250cmliLmF1dGguYmFja2VuZHMuTW9kZWxCYWNrZW5kIiwiX2F1dGhfdXNlcl9oYXNoIjoiYWVmMDYxZGU2ZDJhN2I2NzY1ZDBkYWEzNzllMWUyYjU2MWU5MjM0ZCIsIl9zZXNzaW9uX2V4cGlyeSI6MH0=','2018-07-18 14:43:16.121588'),('c8hhuf7csv1slhkix6vlbw7ahitx0qfv','ZmFmNjQ0MjljNjNiNDYzNTdkMGJiOGRkZGJhNTMyNjgwOTU0ZWZhMjp7Il9hdXRoX3VzZXJfaWQiOiIxNCIsIl9hdXRoX3VzZXJfYmFja2VuZCI6ImRqYW5nby5jb250cmliLmF1dGguYmFja2VuZHMuTW9kZWxCYWNrZW5kIiwiX2F1dGhfdXNlcl9oYXNoIjoiYWVmMDYxZGU2ZDJhN2I2NzY1ZDBkYWEzNzllMWUyYjU2MWU5MjM0ZCIsIl9zZXNzaW9uX2V4cGlyeSI6MH0=','2018-07-08 12:46:59.687557'),('c99xb4qti1wxkfnx35heboltz8tn4rsm','NjBhMWM2NjE3M2JjY2EzNzJkNWRhZmVhMGU1NjE3MmIxMjI3MjM2NDp7Il9hdXRoX3VzZXJfaWQiOiIxNyIsIl9hdXRoX3VzZXJfYmFja2VuZCI6ImRqYW5nby5jb250cmliLmF1dGguYmFja2VuZHMuTW9kZWxCYWNrZW5kIiwiX2F1dGhfdXNlcl9oYXNoIjoiNzQyYzNiZjNmZmJjMDc1NTlkNzcxYTgzNDgyNjk5YTE3YTY5MjZkYSIsIl9zZXNzaW9uX2V4cGlyeSI6MTIwOTYwMH0=','2018-07-07 13:56:11.502825'),('c9xa5twv9j4e72q5bhbq71v5vkggjujd','NTVhZWMzNDkxMGZjMmRjZjA0ZjQwNWEzM2ZmM2Q4NDRiNTM4YTRhOTp7Il9hdXRoX3VzZXJfaWQiOiIxMiIsIl9hdXRoX3VzZXJfYmFja2VuZCI6ImRqYW5nby5jb250cmliLmF1dGguYmFja2VuZHMuTW9kZWxCYWNrZW5kIiwiX2F1dGhfdXNlcl9oYXNoIjoiYmY1YjM1NmFhMTFlNDdkMmYyNTc4NjgxZmQ0NTI0OThhZjJiYTNmMCIsIl9zZXNzaW9uX2V4cGlyeSI6MH0=','2018-07-30 05:54:38.429691'),('c9xhgvrxn1g76ii7ysec07uc08qy2o0h','NDY3ZjVjNGNiNDYyYmZkNzVkNTlmZWM0OGQ4MzA5N2Y1MjdkOTJmYjp7Il9hdXRoX3VzZXJfaWQiOiI2IiwiX2F1dGhfdXNlcl9iYWNrZW5kIjoiZGphbmdvLmNvbnRyaWIuYXV0aC5iYWNrZW5kcy5Nb2RlbEJhY2tlbmQiLCJfYXV0aF91c2VyX2hhc2giOiIxZTliMWNhMTMwMjk2YjU0ZTc3MzUyNThmYWZmY2Y5OGE0M2JjZmVkIiwiX3Nlc3Npb25fZXhwaXJ5IjowfQ==','2018-07-20 13:42:10.453534'),('cdnbnq53pw4ockghzvip6pquz8uukrs3','ZmFhZjlmNmM1NGU3ZmIzMzA0ZWE3NDc4NmI4OGQ0NDkxYjY1MzdmNjp7Il9hdXRoX3VzZXJfaWQiOiIxMyIsIl9hdXRoX3VzZXJfYmFja2VuZCI6ImRqYW5nby5jb250cmliLmF1dGguYmFja2VuZHMuTW9kZWxCYWNrZW5kIiwiX2F1dGhfdXNlcl9oYXNoIjoiZDZiZWNmNjBkZTdiZWU1NGJiNGRlZjhmYWQ4N2Y5MDM5N2YzZGJlOSIsIl9zZXNzaW9uX2V4cGlyeSI6MH0=','2018-07-03 11:53:26.061198'),('cdr4o9g9ltjkp5c95akm4mc6s3zwpxhy','ZjViNTI3NjFhYzM1OWViNTIyYjc2NWY1MTczMjg3N2VkYzVmNjFlMjp7Il9hdXRoX3VzZXJfaWQiOiIyIiwiX2F1dGhfdXNlcl9iYWNrZW5kIjoiZGphbmdvLmNvbnRyaWIuYXV0aC5iYWNrZW5kcy5Nb2RlbEJhY2tlbmQiLCJfYXV0aF91c2VyX2hhc2giOiI2YTY4Y2I3YmUxNTljY2Q5ODc1ZjJkNjg2YzJjMDI1YjU3NTQzZGM3IiwiX3Nlc3Npb25fZXhwaXJ5IjowfQ==','2018-07-16 03:50:27.541183'),('co0oz49ve5qm4xndu0l1qrkw5txatwud','MGJmMzk0MjhlY2IwMmNmMzFmNzA2ZDY3MDEyYjA5NWZiY2ZiNDU3ZDp7Il9hdXRoX3VzZXJfaWQiOiIzIiwiX2F1dGhfdXNlcl9iYWNrZW5kIjoiZGphbmdvLmNvbnRyaWIuYXV0aC5iYWNrZW5kcy5Nb2RlbEJhY2tlbmQiLCJfYXV0aF91c2VyX2hhc2giOiJhNWUwMTI1NjMxZTNjOGVkZjc1N2Q4MzhhNDZlNTI2Yjk2MDY1Yzg5IiwiX3Nlc3Npb25fZXhwaXJ5IjowfQ==','2018-07-14 11:57:55.616807'),('cq1sq3749b1fj2qxr7yqlywbpb5yym4a','NTVhZWMzNDkxMGZjMmRjZjA0ZjQwNWEzM2ZmM2Q4NDRiNTM4YTRhOTp7Il9hdXRoX3VzZXJfaWQiOiIxMiIsIl9hdXRoX3VzZXJfYmFja2VuZCI6ImRqYW5nby5jb250cmliLmF1dGguYmFja2VuZHMuTW9kZWxCYWNrZW5kIiwiX2F1dGhfdXNlcl9oYXNoIjoiYmY1YjM1NmFhMTFlNDdkMmYyNTc4NjgxZmQ0NTI0OThhZjJiYTNmMCIsIl9zZXNzaW9uX2V4cGlyeSI6MH0=','2018-07-16 09:47:26.871317'),('cq6z2przqq9fw6n44zaxe456k35eq9nx','ZmFmNjQ0MjljNjNiNDYzNTdkMGJiOGRkZGJhNTMyNjgwOTU0ZWZhMjp7Il9hdXRoX3VzZXJfaWQiOiIxNCIsIl9hdXRoX3VzZXJfYmFja2VuZCI6ImRqYW5nby5jb250cmliLmF1dGguYmFja2VuZHMuTW9kZWxCYWNrZW5kIiwiX2F1dGhfdXNlcl9oYXNoIjoiYWVmMDYxZGU2ZDJhN2I2NzY1ZDBkYWEzNzllMWUyYjU2MWU5MjM0ZCIsIl9zZXNzaW9uX2V4cGlyeSI6MH0=','2018-07-04 14:44:06.534788'),('cwy02jxrf48ztcf494e3msmc0ppheuq4','ZDgzYWE5MWJhNWIxYWY5MjQ5M2RiZjFkMDU0NjVhNTRhYTkwYmJhNTp7Il9hdXRoX3VzZXJfaWQiOiI3IiwiX2F1dGhfdXNlcl9iYWNrZW5kIjoiZGphbmdvLmNvbnRyaWIuYXV0aC5iYWNrZW5kcy5Nb2RlbEJhY2tlbmQiLCJfYXV0aF91c2VyX2hhc2giOiI5NGVmYWQ5MzY3NTcyZTAxZTk0ZjcyZWFkODY2NDk3YzQzZDcyOTcxIiwiX3Nlc3Npb25fZXhwaXJ5IjowfQ==','2018-07-06 15:24:55.860501'),('cxu861gq3164e5896xqp7cdszl2dg2dl','ZTRhZWQ1NjIxMTBjNDllYmE0MGM0YzI1Mjk5YTIyY2MyMGNkMWE1NDp7Il9hdXRoX3VzZXJfaWQiOiIxNiIsIl9hdXRoX3VzZXJfYmFja2VuZCI6ImRqYW5nby5jb250cmliLmF1dGguYmFja2VuZHMuTW9kZWxCYWNrZW5kIiwiX2F1dGhfdXNlcl9oYXNoIjoiZTE1NGJhOGMxMTYyNTMwZDQ0OTQ2MDNlZTFlZGM2N2NmMzIxNWJkOSIsIl9zZXNzaW9uX2V4cGlyeSI6MH0=','2018-07-29 12:57:23.998887'),('d0eitidexgtfra0crndojpjb49rq1e03','ZmFmNjQ0MjljNjNiNDYzNTdkMGJiOGRkZGJhNTMyNjgwOTU0ZWZhMjp7Il9hdXRoX3VzZXJfaWQiOiIxNCIsIl9hdXRoX3VzZXJfYmFja2VuZCI6ImRqYW5nby5jb250cmliLmF1dGguYmFja2VuZHMuTW9kZWxCYWNrZW5kIiwiX2F1dGhfdXNlcl9oYXNoIjoiYWVmMDYxZGU2ZDJhN2I2NzY1ZDBkYWEzNzllMWUyYjU2MWU5MjM0ZCIsIl9zZXNzaW9uX2V4cGlyeSI6MH0=','2018-07-04 01:17:18.281174'),('d1vc3fl8qkfrsz5srdvfe5rq5jy5a7n8','ZmFhZjlmNmM1NGU3ZmIzMzA0ZWE3NDc4NmI4OGQ0NDkxYjY1MzdmNjp7Il9hdXRoX3VzZXJfaWQiOiIxMyIsIl9hdXRoX3VzZXJfYmFja2VuZCI6ImRqYW5nby5jb250cmliLmF1dGguYmFja2VuZHMuTW9kZWxCYWNrZW5kIiwiX2F1dGhfdXNlcl9oYXNoIjoiZDZiZWNmNjBkZTdiZWU1NGJiNGRlZjhmYWQ4N2Y5MDM5N2YzZGJlOSIsIl9zZXNzaW9uX2V4cGlyeSI6MH0=','2018-07-01 20:04:19.130542'),('dfwh39gmd9763mgt5lmp0zdzeiod2msg','MGJmMzk0MjhlY2IwMmNmMzFmNzA2ZDY3MDEyYjA5NWZiY2ZiNDU3ZDp7Il9hdXRoX3VzZXJfaWQiOiIzIiwiX2F1dGhfdXNlcl9iYWNrZW5kIjoiZGphbmdvLmNvbnRyaWIuYXV0aC5iYWNrZW5kcy5Nb2RlbEJhY2tlbmQiLCJfYXV0aF91c2VyX2hhc2giOiJhNWUwMTI1NjMxZTNjOGVkZjc1N2Q4MzhhNDZlNTI2Yjk2MDY1Yzg5IiwiX3Nlc3Npb25fZXhwaXJ5IjowfQ==','2018-07-15 13:51:42.554658'),('dk1kvd4huwua63zui0hh7cabaqpfes3y','ZmE0MmYxYmI0ZTZkZmI4NzEzYmI5YmU0YzJlOTdlZDAzNjIzNDQ1Mzp7Il9hdXRoX3VzZXJfaWQiOiIxNCIsIl9hdXRoX3VzZXJfYmFja2VuZCI6ImRqYW5nby5jb250cmliLmF1dGguYmFja2VuZHMuTW9kZWxCYWNrZW5kIiwiX2F1dGhfdXNlcl9oYXNoIjoiYWVmMDYxZGU2ZDJhN2I2NzY1ZDBkYWEzNzllMWUyYjU2MWU5MjM0ZCIsIl9zZXNzaW9uX2V4cGlyeSI6MTIwOTYwMH0=','2018-07-07 05:34:14.966534'),('dlzbo67j4uc9hcwg4a4rzwl3dpbqvfbp','ZDgzYWE5MWJhNWIxYWY5MjQ5M2RiZjFkMDU0NjVhNTRhYTkwYmJhNTp7Il9hdXRoX3VzZXJfaWQiOiI3IiwiX2F1dGhfdXNlcl9iYWNrZW5kIjoiZGphbmdvLmNvbnRyaWIuYXV0aC5iYWNrZW5kcy5Nb2RlbEJhY2tlbmQiLCJfYXV0aF91c2VyX2hhc2giOiI5NGVmYWQ5MzY3NTcyZTAxZTk0ZjcyZWFkODY2NDk3YzQzZDcyOTcxIiwiX3Nlc3Npb25fZXhwaXJ5IjowfQ==','2018-06-30 11:09:45.851249'),('doeame8mgmtpc2y4rgosne5emo0o9ms2','MGJmMzk0MjhlY2IwMmNmMzFmNzA2ZDY3MDEyYjA5NWZiY2ZiNDU3ZDp7Il9hdXRoX3VzZXJfaWQiOiIzIiwiX2F1dGhfdXNlcl9iYWNrZW5kIjoiZGphbmdvLmNvbnRyaWIuYXV0aC5iYWNrZW5kcy5Nb2RlbEJhY2tlbmQiLCJfYXV0aF91c2VyX2hhc2giOiJhNWUwMTI1NjMxZTNjOGVkZjc1N2Q4MzhhNDZlNTI2Yjk2MDY1Yzg5IiwiX3Nlc3Npb25fZXhwaXJ5IjowfQ==','2018-07-04 15:31:20.795550'),('domgfzirxzjrdzuzqvwjftvahei9hzn0','OTMxNjY4ZjM4MjJjZTM5ZmUwMTE4ZTg2ZTVmNzhkNGZhYThlZDhjMzp7Il9hdXRoX3VzZXJfaWQiOiI5IiwiX2F1dGhfdXNlcl9iYWNrZW5kIjoiZGphbmdvLmNvbnRyaWIuYXV0aC5iYWNrZW5kcy5Nb2RlbEJhY2tlbmQiLCJfYXV0aF91c2VyX2hhc2giOiJhMWYxMTViZTEyODZkNjdjNTJmMmRmYmZlZWM4NWQ2ZTE0ZGE5ZDA3IiwiX3Nlc3Npb25fZXhwaXJ5IjowfQ==','2018-07-13 04:43:01.692423'),('drcxiqnftfpw3nrb3kh6cukssehqv4mf','NDY3ZjVjNGNiNDYyYmZkNzVkNTlmZWM0OGQ4MzA5N2Y1MjdkOTJmYjp7Il9hdXRoX3VzZXJfaWQiOiI2IiwiX2F1dGhfdXNlcl9iYWNrZW5kIjoiZGphbmdvLmNvbnRyaWIuYXV0aC5iYWNrZW5kcy5Nb2RlbEJhY2tlbmQiLCJfYXV0aF91c2VyX2hhc2giOiIxZTliMWNhMTMwMjk2YjU0ZTc3MzUyNThmYWZmY2Y5OGE0M2JjZmVkIiwiX3Nlc3Npb25fZXhwaXJ5IjowfQ==','2018-07-10 13:47:31.010400'),('dsgfr4m05nwa5m41qdu9jgfjqukndhaw','ZmFmNjQ0MjljNjNiNDYzNTdkMGJiOGRkZGJhNTMyNjgwOTU0ZWZhMjp7Il9hdXRoX3VzZXJfaWQiOiIxNCIsIl9hdXRoX3VzZXJfYmFja2VuZCI6ImRqYW5nby5jb250cmliLmF1dGguYmFja2VuZHMuTW9kZWxCYWNrZW5kIiwiX2F1dGhfdXNlcl9oYXNoIjoiYWVmMDYxZGU2ZDJhN2I2NzY1ZDBkYWEzNzllMWUyYjU2MWU5MjM0ZCIsIl9zZXNzaW9uX2V4cGlyeSI6MH0=','2018-07-28 11:59:13.838183'),('dvjpdqmujya6pbccvvq0ukoz4nwpkrzv','NDY3ZjVjNGNiNDYyYmZkNzVkNTlmZWM0OGQ4MzA5N2Y1MjdkOTJmYjp7Il9hdXRoX3VzZXJfaWQiOiI2IiwiX2F1dGhfdXNlcl9iYWNrZW5kIjoiZGphbmdvLmNvbnRyaWIuYXV0aC5iYWNrZW5kcy5Nb2RlbEJhY2tlbmQiLCJfYXV0aF91c2VyX2hhc2giOiIxZTliMWNhMTMwMjk2YjU0ZTc3MzUyNThmYWZmY2Y5OGE0M2JjZmVkIiwiX3Nlc3Npb25fZXhwaXJ5IjowfQ==','2018-07-03 08:12:08.976787'),('dwuparzgujlbqamnc3d1qwnhas406gge','NTdkODljYWZjYjczMTUwNTBiYTgyYmU3MGU2YWM3MDlhMjFiMDI1Mzp7Il9hdXRoX3VzZXJfaWQiOiI1IiwiX2F1dGhfdXNlcl9iYWNrZW5kIjoiZGphbmdvLmNvbnRyaWIuYXV0aC5iYWNrZW5kcy5Nb2RlbEJhY2tlbmQiLCJfYXV0aF91c2VyX2hhc2giOiI3YWYyYmFmMmRlZDZhYWNhY2Y5ZjBiMjhlZDk5NDIyYzZkZDA3MmQ1IiwiX3Nlc3Npb25fZXhwaXJ5IjowfQ==','2018-07-11 00:04:37.294790'),('e1td8orikr0kfk0vgdzaxt658hgcan2k','ZmFhZjlmNmM1NGU3ZmIzMzA0ZWE3NDc4NmI4OGQ0NDkxYjY1MzdmNjp7Il9hdXRoX3VzZXJfaWQiOiIxMyIsIl9hdXRoX3VzZXJfYmFja2VuZCI6ImRqYW5nby5jb250cmliLmF1dGguYmFja2VuZHMuTW9kZWxCYWNrZW5kIiwiX2F1dGhfdXNlcl9oYXNoIjoiZDZiZWNmNjBkZTdiZWU1NGJiNGRlZjhmYWQ4N2Y5MDM5N2YzZGJlOSIsIl9zZXNzaW9uX2V4cGlyeSI6MH0=','2018-07-30 09:52:04.521801'),('e43x4m08dm91raly7k8qpuehjxn5evaf','ZmFmNjQ0MjljNjNiNDYzNTdkMGJiOGRkZGJhNTMyNjgwOTU0ZWZhMjp7Il9hdXRoX3VzZXJfaWQiOiIxNCIsIl9hdXRoX3VzZXJfYmFja2VuZCI6ImRqYW5nby5jb250cmliLmF1dGguYmFja2VuZHMuTW9kZWxCYWNrZW5kIiwiX2F1dGhfdXNlcl9oYXNoIjoiYWVmMDYxZGU2ZDJhN2I2NzY1ZDBkYWEzNzllMWUyYjU2MWU5MjM0ZCIsIl9zZXNzaW9uX2V4cGlyeSI6MH0=','2018-07-18 03:53:51.454207'),('eaghm13nd9t25p6z3tvq43mz8ncpx1lu','MGJmMzk0MjhlY2IwMmNmMzFmNzA2ZDY3MDEyYjA5NWZiY2ZiNDU3ZDp7Il9hdXRoX3VzZXJfaWQiOiIzIiwiX2F1dGhfdXNlcl9iYWNrZW5kIjoiZGphbmdvLmNvbnRyaWIuYXV0aC5iYWNrZW5kcy5Nb2RlbEJhY2tlbmQiLCJfYXV0aF91c2VyX2hhc2giOiJhNWUwMTI1NjMxZTNjOGVkZjc1N2Q4MzhhNDZlNTI2Yjk2MDY1Yzg5IiwiX3Nlc3Npb25fZXhwaXJ5IjowfQ==','2018-07-04 16:59:12.340269'),('ear33noysxqcasvd4x4up200evpbh7kq','NDY3ZjVjNGNiNDYyYmZkNzVkNTlmZWM0OGQ4MzA5N2Y1MjdkOTJmYjp7Il9hdXRoX3VzZXJfaWQiOiI2IiwiX2F1dGhfdXNlcl9iYWNrZW5kIjoiZGphbmdvLmNvbnRyaWIuYXV0aC5iYWNrZW5kcy5Nb2RlbEJhY2tlbmQiLCJfYXV0aF91c2VyX2hhc2giOiIxZTliMWNhMTMwMjk2YjU0ZTc3MzUyNThmYWZmY2Y5OGE0M2JjZmVkIiwiX3Nlc3Npb25fZXhwaXJ5IjowfQ==','2018-07-16 15:57:13.897784'),('ecfsd0wngf3c5utbl90yj0k886mb5w2f','ZmFmNjQ0MjljNjNiNDYzNTdkMGJiOGRkZGJhNTMyNjgwOTU0ZWZhMjp7Il9hdXRoX3VzZXJfaWQiOiIxNCIsIl9hdXRoX3VzZXJfYmFja2VuZCI6ImRqYW5nby5jb250cmliLmF1dGguYmFja2VuZHMuTW9kZWxCYWNrZW5kIiwiX2F1dGhfdXNlcl9oYXNoIjoiYWVmMDYxZGU2ZDJhN2I2NzY1ZDBkYWEzNzllMWUyYjU2MWU5MjM0ZCIsIl9zZXNzaW9uX2V4cGlyeSI6MH0=','2018-07-21 17:09:48.090954'),('ed3x7pb8iwzz8bx2rnvar59chsjp07l0','ZTRhZWQ1NjIxMTBjNDllYmE0MGM0YzI1Mjk5YTIyY2MyMGNkMWE1NDp7Il9hdXRoX3VzZXJfaWQiOiIxNiIsIl9hdXRoX3VzZXJfYmFja2VuZCI6ImRqYW5nby5jb250cmliLmF1dGguYmFja2VuZHMuTW9kZWxCYWNrZW5kIiwiX2F1dGhfdXNlcl9oYXNoIjoiZTE1NGJhOGMxMTYyNTMwZDQ0OTQ2MDNlZTFlZGM2N2NmMzIxNWJkOSIsIl9zZXNzaW9uX2V4cGlyeSI6MH0=','2018-07-01 02:11:36.837242'),('edjh8l2n38urae0hw3jm9yuxyeyfg4zr','ZTRhZWQ1NjIxMTBjNDllYmE0MGM0YzI1Mjk5YTIyY2MyMGNkMWE1NDp7Il9hdXRoX3VzZXJfaWQiOiIxNiIsIl9hdXRoX3VzZXJfYmFja2VuZCI6ImRqYW5nby5jb250cmliLmF1dGguYmFja2VuZHMuTW9kZWxCYWNrZW5kIiwiX2F1dGhfdXNlcl9oYXNoIjoiZTE1NGJhOGMxMTYyNTMwZDQ0OTQ2MDNlZTFlZGM2N2NmMzIxNWJkOSIsIl9zZXNzaW9uX2V4cGlyeSI6MH0=','2018-07-09 12:25:06.174550'),('edm205i5b3focyptvjwzzbhftbkwedye','YmZhMzJlMDY5ZDExZTBlNjI3MWVhYmMzODJmZTcwYmI4ZWRkN2M0Zjp7Il9hdXRoX3VzZXJfaWQiOiIxIiwiX2F1dGhfdXNlcl9iYWNrZW5kIjoiZGphbmdvLmNvbnRyaWIuYXV0aC5iYWNrZW5kcy5Nb2RlbEJhY2tlbmQiLCJfYXV0aF91c2VyX2hhc2giOiI4Y2Q2NGEyMWVmNzcxNjUwMmQyNmJhMjljNTcwMGE5Mzk2YWM5NmY4IiwiX3Nlc3Npb25fZXhwaXJ5IjowfQ==','2018-07-01 15:48:29.794761'),('egbj9xn50gy0ldipoofcl4zeyoqswdw5','NTVhZWMzNDkxMGZjMmRjZjA0ZjQwNWEzM2ZmM2Q4NDRiNTM4YTRhOTp7Il9hdXRoX3VzZXJfaWQiOiIxMiIsIl9hdXRoX3VzZXJfYmFja2VuZCI6ImRqYW5nby5jb250cmliLmF1dGguYmFja2VuZHMuTW9kZWxCYWNrZW5kIiwiX2F1dGhfdXNlcl9oYXNoIjoiYmY1YjM1NmFhMTFlNDdkMmYyNTc4NjgxZmQ0NTI0OThhZjJiYTNmMCIsIl9zZXNzaW9uX2V4cGlyeSI6MH0=','2018-07-15 03:33:02.119504'),('eitlvtkx3s3ta0qdnm26bjmiv9w9egsk','NDY3ZjVjNGNiNDYyYmZkNzVkNTlmZWM0OGQ4MzA5N2Y1MjdkOTJmYjp7Il9hdXRoX3VzZXJfaWQiOiI2IiwiX2F1dGhfdXNlcl9iYWNrZW5kIjoiZGphbmdvLmNvbnRyaWIuYXV0aC5iYWNrZW5kcy5Nb2RlbEJhY2tlbmQiLCJfYXV0aF91c2VyX2hhc2giOiIxZTliMWNhMTMwMjk2YjU0ZTc3MzUyNThmYWZmY2Y5OGE0M2JjZmVkIiwiX3Nlc3Npb25fZXhwaXJ5IjowfQ==','2018-07-18 08:02:49.161383'),('elc377jchibdbfosmaj4laene5g5d7nn','ZmFmNjQ0MjljNjNiNDYzNTdkMGJiOGRkZGJhNTMyNjgwOTU0ZWZhMjp7Il9hdXRoX3VzZXJfaWQiOiIxNCIsIl9hdXRoX3VzZXJfYmFja2VuZCI6ImRqYW5nby5jb250cmliLmF1dGguYmFja2VuZHMuTW9kZWxCYWNrZW5kIiwiX2F1dGhfdXNlcl9oYXNoIjoiYWVmMDYxZGU2ZDJhN2I2NzY1ZDBkYWEzNzllMWUyYjU2MWU5MjM0ZCIsIl9zZXNzaW9uX2V4cGlyeSI6MH0=','2018-07-02 23:44:19.655527'),('eo61g2fsrc6lboat3z8fueihh10l7685','ZmFmNjQ0MjljNjNiNDYzNTdkMGJiOGRkZGJhNTMyNjgwOTU0ZWZhMjp7Il9hdXRoX3VzZXJfaWQiOiIxNCIsIl9hdXRoX3VzZXJfYmFja2VuZCI6ImRqYW5nby5jb250cmliLmF1dGguYmFja2VuZHMuTW9kZWxCYWNrZW5kIiwiX2F1dGhfdXNlcl9oYXNoIjoiYWVmMDYxZGU2ZDJhN2I2NzY1ZDBkYWEzNzllMWUyYjU2MWU5MjM0ZCIsIl9zZXNzaW9uX2V4cGlyeSI6MH0=','2018-07-24 12:19:57.630576'),('epslkd4mjeh4rxb68bltunz37v9zc83q','ZTRhZWQ1NjIxMTBjNDllYmE0MGM0YzI1Mjk5YTIyY2MyMGNkMWE1NDp7Il9hdXRoX3VzZXJfaWQiOiIxNiIsIl9hdXRoX3VzZXJfYmFja2VuZCI6ImRqYW5nby5jb250cmliLmF1dGguYmFja2VuZHMuTW9kZWxCYWNrZW5kIiwiX2F1dGhfdXNlcl9oYXNoIjoiZTE1NGJhOGMxMTYyNTMwZDQ0OTQ2MDNlZTFlZGM2N2NmMzIxNWJkOSIsIl9zZXNzaW9uX2V4cGlyeSI6MH0=','2018-07-17 14:57:59.720251'),('esonp7dh34u7jog0u4ekw1ygry28m33d','YWI0NjEyMWRmODYwNTBjNGQ0ZjNkNDljMWJkZTA5MGJiNzJiNmRkYzp7Il9hdXRoX3VzZXJfaWQiOiIxNSIsIl9hdXRoX3VzZXJfYmFja2VuZCI6ImRqYW5nby5jb250cmliLmF1dGguYmFja2VuZHMuTW9kZWxCYWNrZW5kIiwiX2F1dGhfdXNlcl9oYXNoIjoiNzUyYzYzNTkwMzBmOGY2MTA0MzAyN2U0OTQ0ZTU0ZTJhYWY5YTYwZSIsIl9zZXNzaW9uX2V4cGlyeSI6MH0=','2018-06-29 10:16:36.788519'),('ewcl4spjxqn6u50qx10tq0k9ttvmte45','YmZhMzJlMDY5ZDExZTBlNjI3MWVhYmMzODJmZTcwYmI4ZWRkN2M0Zjp7Il9hdXRoX3VzZXJfaWQiOiIxIiwiX2F1dGhfdXNlcl9iYWNrZW5kIjoiZGphbmdvLmNvbnRyaWIuYXV0aC5iYWNrZW5kcy5Nb2RlbEJhY2tlbmQiLCJfYXV0aF91c2VyX2hhc2giOiI4Y2Q2NGEyMWVmNzcxNjUwMmQyNmJhMjljNTcwMGE5Mzk2YWM5NmY4IiwiX3Nlc3Npb25fZXhwaXJ5IjowfQ==','2018-07-24 16:28:52.555336'),('eyaf814999gccpkkq2fzzf6xkkwwbzoa','NjMxNzczOGQ0M2UxOGI4NTQxZTVlM2EzOGJiZjRmNGZlMTFjOGU5MTp7Il9hdXRoX3VzZXJfaWQiOiIxNSIsIl9hdXRoX3VzZXJfYmFja2VuZCI6ImRqYW5nby5jb250cmliLmF1dGguYmFja2VuZHMuTW9kZWxCYWNrZW5kIiwiX2F1dGhfdXNlcl9oYXNoIjoiNzUyYzYzNTkwMzBmOGY2MTA0MzAyN2U0OTQ0ZTU0ZTJhYWY5YTYwZSIsIl9zZXNzaW9uX2V4cGlyeSI6MTIwOTYwMH0=','2018-06-30 11:39:34.338231'),('ezdoc5kh2wuss0ht0r32b6ilkiyvrr2a','ZmFmNjQ0MjljNjNiNDYzNTdkMGJiOGRkZGJhNTMyNjgwOTU0ZWZhMjp7Il9hdXRoX3VzZXJfaWQiOiIxNCIsIl9hdXRoX3VzZXJfYmFja2VuZCI6ImRqYW5nby5jb250cmliLmF1dGguYmFja2VuZHMuTW9kZWxCYWNrZW5kIiwiX2F1dGhfdXNlcl9oYXNoIjoiYWVmMDYxZGU2ZDJhN2I2NzY1ZDBkYWEzNzllMWUyYjU2MWU5MjM0ZCIsIl9zZXNzaW9uX2V4cGlyeSI6MH0=','2018-07-21 08:23:46.575675'),('ezk36uypmmyy31c2oy3gnhli9lioxi0v','YmZhMzJlMDY5ZDExZTBlNjI3MWVhYmMzODJmZTcwYmI4ZWRkN2M0Zjp7Il9hdXRoX3VzZXJfaWQiOiIxIiwiX2F1dGhfdXNlcl9iYWNrZW5kIjoiZGphbmdvLmNvbnRyaWIuYXV0aC5iYWNrZW5kcy5Nb2RlbEJhY2tlbmQiLCJfYXV0aF91c2VyX2hhc2giOiI4Y2Q2NGEyMWVmNzcxNjUwMmQyNmJhMjljNTcwMGE5Mzk2YWM5NmY4IiwiX3Nlc3Npb25fZXhwaXJ5IjowfQ==','2018-07-14 17:23:02.721951'),('f3jb3rov9gly1ixk09atrk4g5lakbzja','ZmFmNjQ0MjljNjNiNDYzNTdkMGJiOGRkZGJhNTMyNjgwOTU0ZWZhMjp7Il9hdXRoX3VzZXJfaWQiOiIxNCIsIl9hdXRoX3VzZXJfYmFja2VuZCI6ImRqYW5nby5jb250cmliLmF1dGguYmFja2VuZHMuTW9kZWxCYWNrZW5kIiwiX2F1dGhfdXNlcl9oYXNoIjoiYWVmMDYxZGU2ZDJhN2I2NzY1ZDBkYWEzNzllMWUyYjU2MWU5MjM0ZCIsIl9zZXNzaW9uX2V4cGlyeSI6MH0=','2018-07-28 13:10:00.486074'),('f6qjf2kb4a99silksrxz94qnkoop1izo','YWI0NjEyMWRmODYwNTBjNGQ0ZjNkNDljMWJkZTA5MGJiNzJiNmRkYzp7Il9hdXRoX3VzZXJfaWQiOiIxNSIsIl9hdXRoX3VzZXJfYmFja2VuZCI6ImRqYW5nby5jb250cmliLmF1dGguYmFja2VuZHMuTW9kZWxCYWNrZW5kIiwiX2F1dGhfdXNlcl9oYXNoIjoiNzUyYzYzNTkwMzBmOGY2MTA0MzAyN2U0OTQ0ZTU0ZTJhYWY5YTYwZSIsIl9zZXNzaW9uX2V4cGlyeSI6MH0=','2018-07-21 12:51:15.025004'),('fcz0tlepzh6xam2dtanjg35tr0ff765m','ZmFhZjlmNmM1NGU3ZmIzMzA0ZWE3NDc4NmI4OGQ0NDkxYjY1MzdmNjp7Il9hdXRoX3VzZXJfaWQiOiIxMyIsIl9hdXRoX3VzZXJfYmFja2VuZCI6ImRqYW5nby5jb250cmliLmF1dGguYmFja2VuZHMuTW9kZWxCYWNrZW5kIiwiX2F1dGhfdXNlcl9oYXNoIjoiZDZiZWNmNjBkZTdiZWU1NGJiNGRlZjhmYWQ4N2Y5MDM5N2YzZGJlOSIsIl9zZXNzaW9uX2V4cGlyeSI6MH0=','2018-07-21 17:33:17.798182'),('fegrju62ygpm2e04zbcd6oih6dglbmw8','YTI3YTdhYTAzZDUwMDNlOWZmOWRiZmRkMTAxYWE3N2E0NmU3YzZiODp7Il9hdXRoX3VzZXJfaWQiOiI4IiwiX2F1dGhfdXNlcl9iYWNrZW5kIjoiZGphbmdvLmNvbnRyaWIuYXV0aC5iYWNrZW5kcy5Nb2RlbEJhY2tlbmQiLCJfYXV0aF91c2VyX2hhc2giOiJhNzQ5OTFmZTk2M2I0YzZhY2E5MWNhMzBiYTNkMzJjOGYxYzhiZDk1IiwiX3Nlc3Npb25fZXhwaXJ5IjowfQ==','2018-06-29 09:12:24.950489'),('ffxpvt64qp1blo3er14pk70redlaiy6a','MGJmMzk0MjhlY2IwMmNmMzFmNzA2ZDY3MDEyYjA5NWZiY2ZiNDU3ZDp7Il9hdXRoX3VzZXJfaWQiOiIzIiwiX2F1dGhfdXNlcl9iYWNrZW5kIjoiZGphbmdvLmNvbnRyaWIuYXV0aC5iYWNrZW5kcy5Nb2RlbEJhY2tlbmQiLCJfYXV0aF91c2VyX2hhc2giOiJhNWUwMTI1NjMxZTNjOGVkZjc1N2Q4MzhhNDZlNTI2Yjk2MDY1Yzg5IiwiX3Nlc3Npb25fZXhwaXJ5IjowfQ==','2018-07-16 09:15:06.742297'),('fgdmtx2yjitm8grum0de10vrky8temvz','ZmFhZjlmNmM1NGU3ZmIzMzA0ZWE3NDc4NmI4OGQ0NDkxYjY1MzdmNjp7Il9hdXRoX3VzZXJfaWQiOiIxMyIsIl9hdXRoX3VzZXJfYmFja2VuZCI6ImRqYW5nby5jb250cmliLmF1dGguYmFja2VuZHMuTW9kZWxCYWNrZW5kIiwiX2F1dGhfdXNlcl9oYXNoIjoiZDZiZWNmNjBkZTdiZWU1NGJiNGRlZjhmYWQ4N2Y5MDM5N2YzZGJlOSIsIl9zZXNzaW9uX2V4cGlyeSI6MH0=','2018-07-12 15:53:29.497997'),('fh5oc3j3g3z9kezvbtg63huiwaq67s7b','ZmFhZjlmNmM1NGU3ZmIzMzA0ZWE3NDc4NmI4OGQ0NDkxYjY1MzdmNjp7Il9hdXRoX3VzZXJfaWQiOiIxMyIsIl9hdXRoX3VzZXJfYmFja2VuZCI6ImRqYW5nby5jb250cmliLmF1dGguYmFja2VuZHMuTW9kZWxCYWNrZW5kIiwiX2F1dGhfdXNlcl9oYXNoIjoiZDZiZWNmNjBkZTdiZWU1NGJiNGRlZjhmYWQ4N2Y5MDM5N2YzZGJlOSIsIl9zZXNzaW9uX2V4cGlyeSI6MH0=','2018-07-06 16:52:57.454361'),('flhn9zubqbsrwk2vusyd6oiekzwdzbbn','NDY3ZjVjNGNiNDYyYmZkNzVkNTlmZWM0OGQ4MzA5N2Y1MjdkOTJmYjp7Il9hdXRoX3VzZXJfaWQiOiI2IiwiX2F1dGhfdXNlcl9iYWNrZW5kIjoiZGphbmdvLmNvbnRyaWIuYXV0aC5iYWNrZW5kcy5Nb2RlbEJhY2tlbmQiLCJfYXV0aF91c2VyX2hhc2giOiIxZTliMWNhMTMwMjk2YjU0ZTc3MzUyNThmYWZmY2Y5OGE0M2JjZmVkIiwiX3Nlc3Npb25fZXhwaXJ5IjowfQ==','2018-07-01 09:31:25.009700'),('ftwudtu5iq1k73spsp020thqb2p4goq2','NTVhZWMzNDkxMGZjMmRjZjA0ZjQwNWEzM2ZmM2Q4NDRiNTM4YTRhOTp7Il9hdXRoX3VzZXJfaWQiOiIxMiIsIl9hdXRoX3VzZXJfYmFja2VuZCI6ImRqYW5nby5jb250cmliLmF1dGguYmFja2VuZHMuTW9kZWxCYWNrZW5kIiwiX2F1dGhfdXNlcl9oYXNoIjoiYmY1YjM1NmFhMTFlNDdkMmYyNTc4NjgxZmQ0NTI0OThhZjJiYTNmMCIsIl9zZXNzaW9uX2V4cGlyeSI6MH0=','2018-07-24 18:50:47.297499'),('fvx0dyhcrojc1jst0gx6q6qcajncken5','ZmFmNjQ0MjljNjNiNDYzNTdkMGJiOGRkZGJhNTMyNjgwOTU0ZWZhMjp7Il9hdXRoX3VzZXJfaWQiOiIxNCIsIl9hdXRoX3VzZXJfYmFja2VuZCI6ImRqYW5nby5jb250cmliLmF1dGguYmFja2VuZHMuTW9kZWxCYWNrZW5kIiwiX2F1dGhfdXNlcl9oYXNoIjoiYWVmMDYxZGU2ZDJhN2I2NzY1ZDBkYWEzNzllMWUyYjU2MWU5MjM0ZCIsIl9zZXNzaW9uX2V4cGlyeSI6MH0=','2018-07-29 14:07:17.233408'),('fwjv7s4i8502rbpw15n4s6e0mbx8is4r','ZmFmNjQ0MjljNjNiNDYzNTdkMGJiOGRkZGJhNTMyNjgwOTU0ZWZhMjp7Il9hdXRoX3VzZXJfaWQiOiIxNCIsIl9hdXRoX3VzZXJfYmFja2VuZCI6ImRqYW5nby5jb250cmliLmF1dGguYmFja2VuZHMuTW9kZWxCYWNrZW5kIiwiX2F1dGhfdXNlcl9oYXNoIjoiYWVmMDYxZGU2ZDJhN2I2NzY1ZDBkYWEzNzllMWUyYjU2MWU5MjM0ZCIsIl9zZXNzaW9uX2V4cGlyeSI6MH0=','2018-07-22 04:59:41.409905'),('g36o9cib9c03ww5oabxoruo7t3xlfncd','ZTRhZWQ1NjIxMTBjNDllYmE0MGM0YzI1Mjk5YTIyY2MyMGNkMWE1NDp7Il9hdXRoX3VzZXJfaWQiOiIxNiIsIl9hdXRoX3VzZXJfYmFja2VuZCI6ImRqYW5nby5jb250cmliLmF1dGguYmFja2VuZHMuTW9kZWxCYWNrZW5kIiwiX2F1dGhfdXNlcl9oYXNoIjoiZTE1NGJhOGMxMTYyNTMwZDQ0OTQ2MDNlZTFlZGM2N2NmMzIxNWJkOSIsIl9zZXNzaW9uX2V4cGlyeSI6MH0=','2018-07-15 02:04:01.371881'),('g3jy44jlrwsiq6hhus21e5jwm5mumgen','NjMxNzczOGQ0M2UxOGI4NTQxZTVlM2EzOGJiZjRmNGZlMTFjOGU5MTp7Il9hdXRoX3VzZXJfaWQiOiIxNSIsIl9hdXRoX3VzZXJfYmFja2VuZCI6ImRqYW5nby5jb250cmliLmF1dGguYmFja2VuZHMuTW9kZWxCYWNrZW5kIiwiX2F1dGhfdXNlcl9oYXNoIjoiNzUyYzYzNTkwMzBmOGY2MTA0MzAyN2U0OTQ0ZTU0ZTJhYWY5YTYwZSIsIl9zZXNzaW9uX2V4cGlyeSI6MTIwOTYwMH0=','2018-07-09 03:45:37.099255'),('g48f491w87av8mxqf8ptx4ieo3xvu9gm','MGJmMzk0MjhlY2IwMmNmMzFmNzA2ZDY3MDEyYjA5NWZiY2ZiNDU3ZDp7Il9hdXRoX3VzZXJfaWQiOiIzIiwiX2F1dGhfdXNlcl9iYWNrZW5kIjoiZGphbmdvLmNvbnRyaWIuYXV0aC5iYWNrZW5kcy5Nb2RlbEJhY2tlbmQiLCJfYXV0aF91c2VyX2hhc2giOiJhNWUwMTI1NjMxZTNjOGVkZjc1N2Q4MzhhNDZlNTI2Yjk2MDY1Yzg5IiwiX3Nlc3Npb25fZXhwaXJ5IjowfQ==','2018-07-18 14:49:39.870968'),('g6ekbgykb52oleqirlgalk45d1qrr16b','ZmFmNjQ0MjljNjNiNDYzNTdkMGJiOGRkZGJhNTMyNjgwOTU0ZWZhMjp7Il9hdXRoX3VzZXJfaWQiOiIxNCIsIl9hdXRoX3VzZXJfYmFja2VuZCI6ImRqYW5nby5jb250cmliLmF1dGguYmFja2VuZHMuTW9kZWxCYWNrZW5kIiwiX2F1dGhfdXNlcl9oYXNoIjoiYWVmMDYxZGU2ZDJhN2I2NzY1ZDBkYWEzNzllMWUyYjU2MWU5MjM0ZCIsIl9zZXNzaW9uX2V4cGlyeSI6MH0=','2018-06-30 00:52:50.732708'),('g865u81e72nd9gwqhifu4gzltigj1uac','NWJjMDFiNGRiOWVhNjczZTVlNTgyMTc4YTlhMmQ4NjQyNTU5NWE1MTp7Il9hdXRoX3VzZXJfaWQiOiIyIiwiX2F1dGhfdXNlcl9iYWNrZW5kIjoiZGphbmdvLmNvbnRyaWIuYXV0aC5iYWNrZW5kcy5Nb2RlbEJhY2tlbmQiLCJfYXV0aF91c2VyX2hhc2giOiI2YTY4Y2I3YmUxNTljY2Q5ODc1ZjJkNjg2YzJjMDI1YjU3NTQzZGM3IiwiX3Nlc3Npb25fZXhwaXJ5IjoxMjA5NjAwfQ==','2018-07-23 07:02:52.161164'),('g9n7pqz1tllikqhm50gh5yndcn5f7oi3','NjMxNzczOGQ0M2UxOGI4NTQxZTVlM2EzOGJiZjRmNGZlMTFjOGU5MTp7Il9hdXRoX3VzZXJfaWQiOiIxNSIsIl9hdXRoX3VzZXJfYmFja2VuZCI6ImRqYW5nby5jb250cmliLmF1dGguYmFja2VuZHMuTW9kZWxCYWNrZW5kIiwiX2F1dGhfdXNlcl9oYXNoIjoiNzUyYzYzNTkwMzBmOGY2MTA0MzAyN2U0OTQ0ZTU0ZTJhYWY5YTYwZSIsIl9zZXNzaW9uX2V4cGlyeSI6MTIwOTYwMH0=','2018-06-30 06:46:15.714060'),('gd67dbwtuu809p4mo1r47ej4x52f745t','OWRiZDI4NGY1ZmUyM2NiNThkZGY3NjY0MjhkMDVmMmNkNDA1OWYxMTp7Il9hdXRoX3VzZXJfaWQiOiIxMyIsIl9hdXRoX3VzZXJfYmFja2VuZCI6ImRqYW5nby5jb250cmliLmF1dGguYmFja2VuZHMuTW9kZWxCYWNrZW5kIiwiX2F1dGhfdXNlcl9oYXNoIjoiZDZiZWNmNjBkZTdiZWU1NGJiNGRlZjhmYWQ4N2Y5MDM5N2YzZGJlOSIsIl9zZXNzaW9uX2V4cGlyeSI6MTIwOTYwMH0=','2018-07-01 09:59:19.575469'),('ggtxs5nw03vs7b2iuhlqjrbm81r1p7kv','OWRiZDI4NGY1ZmUyM2NiNThkZGY3NjY0MjhkMDVmMmNkNDA1OWYxMTp7Il9hdXRoX3VzZXJfaWQiOiIxMyIsIl9hdXRoX3VzZXJfYmFja2VuZCI6ImRqYW5nby5jb250cmliLmF1dGguYmFja2VuZHMuTW9kZWxCYWNrZW5kIiwiX2F1dGhfdXNlcl9oYXNoIjoiZDZiZWNmNjBkZTdiZWU1NGJiNGRlZjhmYWQ4N2Y5MDM5N2YzZGJlOSIsIl9zZXNzaW9uX2V4cGlyeSI6MTIwOTYwMH0=','2018-07-15 01:35:25.949448'),('giyauztohk0gyayysh9nihelzielemhs','ZmFmNjQ0MjljNjNiNDYzNTdkMGJiOGRkZGJhNTMyNjgwOTU0ZWZhMjp7Il9hdXRoX3VzZXJfaWQiOiIxNCIsIl9hdXRoX3VzZXJfYmFja2VuZCI6ImRqYW5nby5jb250cmliLmF1dGguYmFja2VuZHMuTW9kZWxCYWNrZW5kIiwiX2F1dGhfdXNlcl9oYXNoIjoiYWVmMDYxZGU2ZDJhN2I2NzY1ZDBkYWEzNzllMWUyYjU2MWU5MjM0ZCIsIl9zZXNzaW9uX2V4cGlyeSI6MH0=','2018-07-22 00:05:21.101157'),('gj4ntyt3gvs3i1ghcp1hbtm8yg77kypr','MGJmMzk0MjhlY2IwMmNmMzFmNzA2ZDY3MDEyYjA5NWZiY2ZiNDU3ZDp7Il9hdXRoX3VzZXJfaWQiOiIzIiwiX2F1dGhfdXNlcl9iYWNrZW5kIjoiZGphbmdvLmNvbnRyaWIuYXV0aC5iYWNrZW5kcy5Nb2RlbEJhY2tlbmQiLCJfYXV0aF91c2VyX2hhc2giOiJhNWUwMTI1NjMxZTNjOGVkZjc1N2Q4MzhhNDZlNTI2Yjk2MDY1Yzg5IiwiX3Nlc3Npb25fZXhwaXJ5IjowfQ==','2018-07-08 01:16:27.981368'),('gknh3buacfgrrwtq4uaqs9pzgwrge2nb','MTJkMTJmYWU1ZmM1YzY4ZjQ5NTA2YzJmMjViNWZhM2NlODYwN2NlMDp7Il9hdXRoX3VzZXJfaWQiOiIxMSIsIl9hdXRoX3VzZXJfYmFja2VuZCI6ImRqYW5nby5jb250cmliLmF1dGguYmFja2VuZHMuTW9kZWxCYWNrZW5kIiwiX2F1dGhfdXNlcl9oYXNoIjoiODgwZDM5MmI3NDM1ZDA0M2I0NjU2ZjZmODU5NmQxNzBhMGEwYjRjYSIsIl9zZXNzaW9uX2V4cGlyeSI6MTIwOTYwMH0=','2018-06-30 08:55:26.441371'),('gobrhskzup3uqtl3oyyjjlqh7oo2n0qs','NTdkODljYWZjYjczMTUwNTBiYTgyYmU3MGU2YWM3MDlhMjFiMDI1Mzp7Il9hdXRoX3VzZXJfaWQiOiI1IiwiX2F1dGhfdXNlcl9iYWNrZW5kIjoiZGphbmdvLmNvbnRyaWIuYXV0aC5iYWNrZW5kcy5Nb2RlbEJhY2tlbmQiLCJfYXV0aF91c2VyX2hhc2giOiI3YWYyYmFmMmRlZDZhYWNhY2Y5ZjBiMjhlZDk5NDIyYzZkZDA3MmQ1IiwiX3Nlc3Npb25fZXhwaXJ5IjowfQ==','2018-07-12 18:04:04.646791'),('gwgy0qmjn47eu6iba9o7q6kfpurzi9tz','MGJmMzk0MjhlY2IwMmNmMzFmNzA2ZDY3MDEyYjA5NWZiY2ZiNDU3ZDp7Il9hdXRoX3VzZXJfaWQiOiIzIiwiX2F1dGhfdXNlcl9iYWNrZW5kIjoiZGphbmdvLmNvbnRyaWIuYXV0aC5iYWNrZW5kcy5Nb2RlbEJhY2tlbmQiLCJfYXV0aF91c2VyX2hhc2giOiJhNWUwMTI1NjMxZTNjOGVkZjc1N2Q4MzhhNDZlNTI2Yjk2MDY1Yzg5IiwiX3Nlc3Npb25fZXhwaXJ5IjowfQ==','2018-07-11 02:07:54.351325'),('h4vihsg7v89l1c346vrlhfdbb8kvqx8i','YmZhMzJlMDY5ZDExZTBlNjI3MWVhYmMzODJmZTcwYmI4ZWRkN2M0Zjp7Il9hdXRoX3VzZXJfaWQiOiIxIiwiX2F1dGhfdXNlcl9iYWNrZW5kIjoiZGphbmdvLmNvbnRyaWIuYXV0aC5iYWNrZW5kcy5Nb2RlbEJhY2tlbmQiLCJfYXV0aF91c2VyX2hhc2giOiI4Y2Q2NGEyMWVmNzcxNjUwMmQyNmJhMjljNTcwMGE5Mzk2YWM5NmY4IiwiX3Nlc3Npb25fZXhwaXJ5IjowfQ==','2018-07-25 17:00:03.322781'),('h977ap3jl3zs8d03l2q0jmp766r37pza','ZDgzYWE5MWJhNWIxYWY5MjQ5M2RiZjFkMDU0NjVhNTRhYTkwYmJhNTp7Il9hdXRoX3VzZXJfaWQiOiI3IiwiX2F1dGhfdXNlcl9iYWNrZW5kIjoiZGphbmdvLmNvbnRyaWIuYXV0aC5iYWNrZW5kcy5Nb2RlbEJhY2tlbmQiLCJfYXV0aF91c2VyX2hhc2giOiI5NGVmYWQ5MzY3NTcyZTAxZTk0ZjcyZWFkODY2NDk3YzQzZDcyOTcxIiwiX3Nlc3Npb25fZXhwaXJ5IjowfQ==','2018-07-04 03:46:55.667513'),('hfdb9fzx92ody2bvdvf8srl91jy8uoj1','ZmFhZjlmNmM1NGU3ZmIzMzA0ZWE3NDc4NmI4OGQ0NDkxYjY1MzdmNjp7Il9hdXRoX3VzZXJfaWQiOiIxMyIsIl9hdXRoX3VzZXJfYmFja2VuZCI6ImRqYW5nby5jb250cmliLmF1dGguYmFja2VuZHMuTW9kZWxCYWNrZW5kIiwiX2F1dGhfdXNlcl9oYXNoIjoiZDZiZWNmNjBkZTdiZWU1NGJiNGRlZjhmYWQ4N2Y5MDM5N2YzZGJlOSIsIl9zZXNzaW9uX2V4cGlyeSI6MH0=','2018-07-04 16:39:38.028640'),('hh8mnk6enh5yasxo5zfhjri1mmf7si3x','MGJmMzk0MjhlY2IwMmNmMzFmNzA2ZDY3MDEyYjA5NWZiY2ZiNDU3ZDp7Il9hdXRoX3VzZXJfaWQiOiIzIiwiX2F1dGhfdXNlcl9iYWNrZW5kIjoiZGphbmdvLmNvbnRyaWIuYXV0aC5iYWNrZW5kcy5Nb2RlbEJhY2tlbmQiLCJfYXV0aF91c2VyX2hhc2giOiJhNWUwMTI1NjMxZTNjOGVkZjc1N2Q4MzhhNDZlNTI2Yjk2MDY1Yzg5IiwiX3Nlc3Npb25fZXhwaXJ5IjowfQ==','2018-07-22 03:04:33.928064'),('hq2j5qc0wb540jdqd0809jbi3jnzb1nl','OTMxNjY4ZjM4MjJjZTM5ZmUwMTE4ZTg2ZTVmNzhkNGZhYThlZDhjMzp7Il9hdXRoX3VzZXJfaWQiOiI5IiwiX2F1dGhfdXNlcl9iYWNrZW5kIjoiZGphbmdvLmNvbnRyaWIuYXV0aC5iYWNrZW5kcy5Nb2RlbEJhY2tlbmQiLCJfYXV0aF91c2VyX2hhc2giOiJhMWYxMTViZTEyODZkNjdjNTJmMmRmYmZlZWM4NWQ2ZTE0ZGE5ZDA3IiwiX3Nlc3Npb25fZXhwaXJ5IjowfQ==','2018-07-05 03:44:19.320535'),('htib5r4flrhwokwulp38fcb7b67p2qx9','OWRiZDI4NGY1ZmUyM2NiNThkZGY3NjY0MjhkMDVmMmNkNDA1OWYxMTp7Il9hdXRoX3VzZXJfaWQiOiIxMyIsIl9hdXRoX3VzZXJfYmFja2VuZCI6ImRqYW5nby5jb250cmliLmF1dGguYmFja2VuZHMuTW9kZWxCYWNrZW5kIiwiX2F1dGhfdXNlcl9oYXNoIjoiZDZiZWNmNjBkZTdiZWU1NGJiNGRlZjhmYWQ4N2Y5MDM5N2YzZGJlOSIsIl9zZXNzaW9uX2V4cGlyeSI6MTIwOTYwMH0=','2018-06-29 17:00:55.068210'),('hxtfn1v4lp6q2cgyfonxt4epipb4j9ta','ZmFmNjQ0MjljNjNiNDYzNTdkMGJiOGRkZGJhNTMyNjgwOTU0ZWZhMjp7Il9hdXRoX3VzZXJfaWQiOiIxNCIsIl9hdXRoX3VzZXJfYmFja2VuZCI6ImRqYW5nby5jb250cmliLmF1dGguYmFja2VuZHMuTW9kZWxCYWNrZW5kIiwiX2F1dGhfdXNlcl9oYXNoIjoiYWVmMDYxZGU2ZDJhN2I2NzY1ZDBkYWEzNzllMWUyYjU2MWU5MjM0ZCIsIl9zZXNzaW9uX2V4cGlyeSI6MH0=','2018-07-29 11:31:22.348922'),('i0rjj1sjk1vxsglzz8uu0710hplyetc0','ZmFmNjQ0MjljNjNiNDYzNTdkMGJiOGRkZGJhNTMyNjgwOTU0ZWZhMjp7Il9hdXRoX3VzZXJfaWQiOiIxNCIsIl9hdXRoX3VzZXJfYmFja2VuZCI6ImRqYW5nby5jb250cmliLmF1dGguYmFja2VuZHMuTW9kZWxCYWNrZW5kIiwiX2F1dGhfdXNlcl9oYXNoIjoiYWVmMDYxZGU2ZDJhN2I2NzY1ZDBkYWEzNzllMWUyYjU2MWU5MjM0ZCIsIl9zZXNzaW9uX2V4cGlyeSI6MH0=','2018-07-08 05:05:24.132657'),('i67p0tj070xp0vf827lzint187stakh8','ZmFmNjQ0MjljNjNiNDYzNTdkMGJiOGRkZGJhNTMyNjgwOTU0ZWZhMjp7Il9hdXRoX3VzZXJfaWQiOiIxNCIsIl9hdXRoX3VzZXJfYmFja2VuZCI6ImRqYW5nby5jb250cmliLmF1dGguYmFja2VuZHMuTW9kZWxCYWNrZW5kIiwiX2F1dGhfdXNlcl9oYXNoIjoiYWVmMDYxZGU2ZDJhN2I2NzY1ZDBkYWEzNzllMWUyYjU2MWU5MjM0ZCIsIl9zZXNzaW9uX2V4cGlyeSI6MH0=','2018-07-04 17:56:46.083583'),('i7loi61npsuh87sun5e5jvhrtvm6kf9s','MGJmMzk0MjhlY2IwMmNmMzFmNzA2ZDY3MDEyYjA5NWZiY2ZiNDU3ZDp7Il9hdXRoX3VzZXJfaWQiOiIzIiwiX2F1dGhfdXNlcl9iYWNrZW5kIjoiZGphbmdvLmNvbnRyaWIuYXV0aC5iYWNrZW5kcy5Nb2RlbEJhY2tlbmQiLCJfYXV0aF91c2VyX2hhc2giOiJhNWUwMTI1NjMxZTNjOGVkZjc1N2Q4MzhhNDZlNTI2Yjk2MDY1Yzg5IiwiX3Nlc3Npb25fZXhwaXJ5IjowfQ==','2018-07-29 17:38:04.815857'),('ialv8erk8zd8uwjqyfwvj1wbs8rk7ckf','ZmFmNjQ0MjljNjNiNDYzNTdkMGJiOGRkZGJhNTMyNjgwOTU0ZWZhMjp7Il9hdXRoX3VzZXJfaWQiOiIxNCIsIl9hdXRoX3VzZXJfYmFja2VuZCI6ImRqYW5nby5jb250cmliLmF1dGguYmFja2VuZHMuTW9kZWxCYWNrZW5kIiwiX2F1dGhfdXNlcl9oYXNoIjoiYWVmMDYxZGU2ZDJhN2I2NzY1ZDBkYWEzNzllMWUyYjU2MWU5MjM0ZCIsIl9zZXNzaW9uX2V4cGlyeSI6MH0=','2018-07-02 14:33:17.570190'),('id8ch7l3cih7xkkk3lc2nifwnfzimwcr','ZmFhZjlmNmM1NGU3ZmIzMzA0ZWE3NDc4NmI4OGQ0NDkxYjY1MzdmNjp7Il9hdXRoX3VzZXJfaWQiOiIxMyIsIl9hdXRoX3VzZXJfYmFja2VuZCI6ImRqYW5nby5jb250cmliLmF1dGguYmFja2VuZHMuTW9kZWxCYWNrZW5kIiwiX2F1dGhfdXNlcl9oYXNoIjoiZDZiZWNmNjBkZTdiZWU1NGJiNGRlZjhmYWQ4N2Y5MDM5N2YzZGJlOSIsIl9zZXNzaW9uX2V4cGlyeSI6MH0=','2018-07-16 16:37:56.596891'),('idbwq9nwfxaxhvcioj1djxrgerslm76g','MGJmMzk0MjhlY2IwMmNmMzFmNzA2ZDY3MDEyYjA5NWZiY2ZiNDU3ZDp7Il9hdXRoX3VzZXJfaWQiOiIzIiwiX2F1dGhfdXNlcl9iYWNrZW5kIjoiZGphbmdvLmNvbnRyaWIuYXV0aC5iYWNrZW5kcy5Nb2RlbEJhY2tlbmQiLCJfYXV0aF91c2VyX2hhc2giOiJhNWUwMTI1NjMxZTNjOGVkZjc1N2Q4MzhhNDZlNTI2Yjk2MDY1Yzg5IiwiX3Nlc3Npb25fZXhwaXJ5IjowfQ==','2018-07-22 02:57:36.321021'),('idozx3d6tkx5lri5np18gg69chvsalwk','ZmFhZjlmNmM1NGU3ZmIzMzA0ZWE3NDc4NmI4OGQ0NDkxYjY1MzdmNjp7Il9hdXRoX3VzZXJfaWQiOiIxMyIsIl9hdXRoX3VzZXJfYmFja2VuZCI6ImRqYW5nby5jb250cmliLmF1dGguYmFja2VuZHMuTW9kZWxCYWNrZW5kIiwiX2F1dGhfdXNlcl9oYXNoIjoiZDZiZWNmNjBkZTdiZWU1NGJiNGRlZjhmYWQ4N2Y5MDM5N2YzZGJlOSIsIl9zZXNzaW9uX2V4cGlyeSI6MH0=','2018-07-15 08:00:13.741398'),('if6iiysrki32wy64gm59guf7vpl6ufpl','YTI3YTdhYTAzZDUwMDNlOWZmOWRiZmRkMTAxYWE3N2E0NmU3YzZiODp7Il9hdXRoX3VzZXJfaWQiOiI4IiwiX2F1dGhfdXNlcl9iYWNrZW5kIjoiZGphbmdvLmNvbnRyaWIuYXV0aC5iYWNrZW5kcy5Nb2RlbEJhY2tlbmQiLCJfYXV0aF91c2VyX2hhc2giOiJhNzQ5OTFmZTk2M2I0YzZhY2E5MWNhMzBiYTNkMzJjOGYxYzhiZDk1IiwiX3Nlc3Npb25fZXhwaXJ5IjowfQ==','2018-07-07 10:34:14.977158'),('ifg502erw8xxc73rvarx4jvwroiwfu1r','ZmFmNjQ0MjljNjNiNDYzNTdkMGJiOGRkZGJhNTMyNjgwOTU0ZWZhMjp7Il9hdXRoX3VzZXJfaWQiOiIxNCIsIl9hdXRoX3VzZXJfYmFja2VuZCI6ImRqYW5nby5jb250cmliLmF1dGguYmFja2VuZHMuTW9kZWxCYWNrZW5kIiwiX2F1dGhfdXNlcl9oYXNoIjoiYWVmMDYxZGU2ZDJhN2I2NzY1ZDBkYWEzNzllMWUyYjU2MWU5MjM0ZCIsIl9zZXNzaW9uX2V4cGlyeSI6MH0=','2018-07-21 11:57:59.185681'),('iggjjq67o73eqwx2ffpf5tq91j27al8u','ZmFmNjQ0MjljNjNiNDYzNTdkMGJiOGRkZGJhNTMyNjgwOTU0ZWZhMjp7Il9hdXRoX3VzZXJfaWQiOiIxNCIsIl9hdXRoX3VzZXJfYmFja2VuZCI6ImRqYW5nby5jb250cmliLmF1dGguYmFja2VuZHMuTW9kZWxCYWNrZW5kIiwiX2F1dGhfdXNlcl9oYXNoIjoiYWVmMDYxZGU2ZDJhN2I2NzY1ZDBkYWEzNzllMWUyYjU2MWU5MjM0ZCIsIl9zZXNzaW9uX2V4cGlyeSI6MH0=','2018-07-29 14:44:31.184928'),('ihk9gqllprwbf5cr9ikm3rtufci3f7qj','MGJmMzk0MjhlY2IwMmNmMzFmNzA2ZDY3MDEyYjA5NWZiY2ZiNDU3ZDp7Il9hdXRoX3VzZXJfaWQiOiIzIiwiX2F1dGhfdXNlcl9iYWNrZW5kIjoiZGphbmdvLmNvbnRyaWIuYXV0aC5iYWNrZW5kcy5Nb2RlbEJhY2tlbmQiLCJfYXV0aF91c2VyX2hhc2giOiJhNWUwMTI1NjMxZTNjOGVkZjc1N2Q4MzhhNDZlNTI2Yjk2MDY1Yzg5IiwiX3Nlc3Npb25fZXhwaXJ5IjowfQ==','2018-07-21 16:15:38.375134'),('iifmymi9h436tihvkft704afanitt2gi','ZmFhZjlmNmM1NGU3ZmIzMzA0ZWE3NDc4NmI4OGQ0NDkxYjY1MzdmNjp7Il9hdXRoX3VzZXJfaWQiOiIxMyIsIl9hdXRoX3VzZXJfYmFja2VuZCI6ImRqYW5nby5jb250cmliLmF1dGguYmFja2VuZHMuTW9kZWxCYWNrZW5kIiwiX2F1dGhfdXNlcl9oYXNoIjoiZDZiZWNmNjBkZTdiZWU1NGJiNGRlZjhmYWQ4N2Y5MDM5N2YzZGJlOSIsIl9zZXNzaW9uX2V4cGlyeSI6MH0=','2018-07-28 13:13:31.735979'),('iiqkb2fb2i3oljxfnz4yhr6jg9pg6q72','ZmVlMDA0ZjMyZGJjMmQ4OWQ2ZTIxNGQyYmMyNzdmNDI5NTY0YjcwMDp7Il9hdXRoX3VzZXJfaWQiOiIxMCIsIl9hdXRoX3VzZXJfYmFja2VuZCI6ImRqYW5nby5jb250cmliLmF1dGguYmFja2VuZHMuTW9kZWxCYWNrZW5kIiwiX2F1dGhfdXNlcl9oYXNoIjoiZDk5OWIyMjQzYzRkNzFmMDQ5NmRlYzliYmY0YTY4NzIwZTYxMTE3YiIsIl9zZXNzaW9uX2V4cGlyeSI6MH0=','2018-06-29 15:44:45.691309'),('ijjc60r5ae9uhx9pb9u8x51nrn525vz5','ZmFmNjQ0MjljNjNiNDYzNTdkMGJiOGRkZGJhNTMyNjgwOTU0ZWZhMjp7Il9hdXRoX3VzZXJfaWQiOiIxNCIsIl9hdXRoX3VzZXJfYmFja2VuZCI6ImRqYW5nby5jb250cmliLmF1dGguYmFja2VuZHMuTW9kZWxCYWNrZW5kIiwiX2F1dGhfdXNlcl9oYXNoIjoiYWVmMDYxZGU2ZDJhN2I2NzY1ZDBkYWEzNzllMWUyYjU2MWU5MjM0ZCIsIl9zZXNzaW9uX2V4cGlyeSI6MH0=','2018-07-22 03:21:33.856817'),('ijrzbzrn2xo1g50d4is0dx2twc7fu7o1','ZjY5NDU2M2I4Njc1MDVmNjAxMDJmN2VkMDRlNTNiY2JlMzljYjI1Mjp7Il9hdXRoX3VzZXJfaWQiOiIxMSIsIl9hdXRoX3VzZXJfYmFja2VuZCI6ImRqYW5nby5jb250cmliLmF1dGguYmFja2VuZHMuTW9kZWxCYWNrZW5kIiwiX2F1dGhfdXNlcl9oYXNoIjoiODgwZDM5MmI3NDM1ZDA0M2I0NjU2ZjZmODU5NmQxNzBhMGEwYjRjYSIsIl9zZXNzaW9uX2V4cGlyeSI6MH0=','2018-07-11 16:16:58.767761'),('ikggwt0cikxlpfn78vx6yy9kg97csmwn','NTVhZWMzNDkxMGZjMmRjZjA0ZjQwNWEzM2ZmM2Q4NDRiNTM4YTRhOTp7Il9hdXRoX3VzZXJfaWQiOiIxMiIsIl9hdXRoX3VzZXJfYmFja2VuZCI6ImRqYW5nby5jb250cmliLmF1dGguYmFja2VuZHMuTW9kZWxCYWNrZW5kIiwiX2F1dGhfdXNlcl9oYXNoIjoiYmY1YjM1NmFhMTFlNDdkMmYyNTc4NjgxZmQ0NTI0OThhZjJiYTNmMCIsIl9zZXNzaW9uX2V4cGlyeSI6MH0=','2018-07-26 11:23:12.818792'),('iksfp1qc1d3civi4rgpeq44qcam2cmpy','ZmFmNjQ0MjljNjNiNDYzNTdkMGJiOGRkZGJhNTMyNjgwOTU0ZWZhMjp7Il9hdXRoX3VzZXJfaWQiOiIxNCIsIl9hdXRoX3VzZXJfYmFja2VuZCI6ImRqYW5nby5jb250cmliLmF1dGguYmFja2VuZHMuTW9kZWxCYWNrZW5kIiwiX2F1dGhfdXNlcl9oYXNoIjoiYWVmMDYxZGU2ZDJhN2I2NzY1ZDBkYWEzNzllMWUyYjU2MWU5MjM0ZCIsIl9zZXNzaW9uX2V4cGlyeSI6MH0=','2018-07-05 15:13:40.503047'),('im59ux79u6trlbzkmkjxmb82fcpn9959','ZmFmNjQ0MjljNjNiNDYzNTdkMGJiOGRkZGJhNTMyNjgwOTU0ZWZhMjp7Il9hdXRoX3VzZXJfaWQiOiIxNCIsIl9hdXRoX3VzZXJfYmFja2VuZCI6ImRqYW5nby5jb250cmliLmF1dGguYmFja2VuZHMuTW9kZWxCYWNrZW5kIiwiX2F1dGhfdXNlcl9oYXNoIjoiYWVmMDYxZGU2ZDJhN2I2NzY1ZDBkYWEzNzllMWUyYjU2MWU5MjM0ZCIsIl9zZXNzaW9uX2V4cGlyeSI6MH0=','2018-06-29 15:25:42.584884'),('iq2tmw0sczgg51t2z9g270zrb1s82znz','ZTRhZWQ1NjIxMTBjNDllYmE0MGM0YzI1Mjk5YTIyY2MyMGNkMWE1NDp7Il9hdXRoX3VzZXJfaWQiOiIxNiIsIl9hdXRoX3VzZXJfYmFja2VuZCI6ImRqYW5nby5jb250cmliLmF1dGguYmFja2VuZHMuTW9kZWxCYWNrZW5kIiwiX2F1dGhfdXNlcl9oYXNoIjoiZTE1NGJhOGMxMTYyNTMwZDQ0OTQ2MDNlZTFlZGM2N2NmMzIxNWJkOSIsIl9zZXNzaW9uX2V4cGlyeSI6MH0=','2018-07-21 13:39:53.257070'),('irz5y6zluwi8prcpges02m0ku77zyrpc','NDY3ZjVjNGNiNDYyYmZkNzVkNTlmZWM0OGQ4MzA5N2Y1MjdkOTJmYjp7Il9hdXRoX3VzZXJfaWQiOiI2IiwiX2F1dGhfdXNlcl9iYWNrZW5kIjoiZGphbmdvLmNvbnRyaWIuYXV0aC5iYWNrZW5kcy5Nb2RlbEJhY2tlbmQiLCJfYXV0aF91c2VyX2hhc2giOiIxZTliMWNhMTMwMjk2YjU0ZTc3MzUyNThmYWZmY2Y5OGE0M2JjZmVkIiwiX3Nlc3Npb25fZXhwaXJ5IjowfQ==','2018-07-03 03:13:31.085291'),('ivj47fh7vmo8glf75e1m3qo2kauh2yiu','NDY3ZjVjNGNiNDYyYmZkNzVkNTlmZWM0OGQ4MzA5N2Y1MjdkOTJmYjp7Il9hdXRoX3VzZXJfaWQiOiI2IiwiX2F1dGhfdXNlcl9iYWNrZW5kIjoiZGphbmdvLmNvbnRyaWIuYXV0aC5iYWNrZW5kcy5Nb2RlbEJhY2tlbmQiLCJfYXV0aF91c2VyX2hhc2giOiIxZTliMWNhMTMwMjk2YjU0ZTc3MzUyNThmYWZmY2Y5OGE0M2JjZmVkIiwiX3Nlc3Npb25fZXhwaXJ5IjowfQ==','2018-07-07 15:43:19.539576'),('iy3e3s9v0n893d7l0r9hep7xo0w8nttf','ZmFmNjQ0MjljNjNiNDYzNTdkMGJiOGRkZGJhNTMyNjgwOTU0ZWZhMjp7Il9hdXRoX3VzZXJfaWQiOiIxNCIsIl9hdXRoX3VzZXJfYmFja2VuZCI6ImRqYW5nby5jb250cmliLmF1dGguYmFja2VuZHMuTW9kZWxCYWNrZW5kIiwiX2F1dGhfdXNlcl9oYXNoIjoiYWVmMDYxZGU2ZDJhN2I2NzY1ZDBkYWEzNzllMWUyYjU2MWU5MjM0ZCIsIl9zZXNzaW9uX2V4cGlyeSI6MH0=','2018-07-24 06:56:51.662600'),('j2kpis4zs3m120ect39huxklapbitmya','MTc1MTg0NTc4MTE0OGQ3NmE3YmNmYzdiZDc4YmVkODMxZTFiMWUwZTp7Il9hdXRoX3VzZXJfaWQiOiI4IiwiX2F1dGhfdXNlcl9iYWNrZW5kIjoiZGphbmdvLmNvbnRyaWIuYXV0aC5iYWNrZW5kcy5Nb2RlbEJhY2tlbmQiLCJfYXV0aF91c2VyX2hhc2giOiJhNzQ5OTFmZTk2M2I0YzZhY2E5MWNhMzBiYTNkMzJjOGYxYzhiZDk1IiwiX3Nlc3Npb25fZXhwaXJ5IjoxMjA5NjAwfQ==','2018-07-16 16:42:57.213595'),('j4n24gosrdrp7z11hdw2u9z6zlkk6734','ZTRhZWQ1NjIxMTBjNDllYmE0MGM0YzI1Mjk5YTIyY2MyMGNkMWE1NDp7Il9hdXRoX3VzZXJfaWQiOiIxNiIsIl9hdXRoX3VzZXJfYmFja2VuZCI6ImRqYW5nby5jb250cmliLmF1dGguYmFja2VuZHMuTW9kZWxCYWNrZW5kIiwiX2F1dGhfdXNlcl9oYXNoIjoiZTE1NGJhOGMxMTYyNTMwZDQ0OTQ2MDNlZTFlZGM2N2NmMzIxNWJkOSIsIl9zZXNzaW9uX2V4cGlyeSI6MH0=','2018-07-14 15:02:45.812522'),('j6w213ldbz8h4e4hdf4ra6zt4m0170qf','MTc1MTg0NTc4MTE0OGQ3NmE3YmNmYzdiZDc4YmVkODMxZTFiMWUwZTp7Il9hdXRoX3VzZXJfaWQiOiI4IiwiX2F1dGhfdXNlcl9iYWNrZW5kIjoiZGphbmdvLmNvbnRyaWIuYXV0aC5iYWNrZW5kcy5Nb2RlbEJhY2tlbmQiLCJfYXV0aF91c2VyX2hhc2giOiJhNzQ5OTFmZTk2M2I0YzZhY2E5MWNhMzBiYTNkMzJjOGYxYzhiZDk1IiwiX3Nlc3Npb25fZXhwaXJ5IjoxMjA5NjAwfQ==','2018-06-29 17:25:04.563850'),('j7c75u6cq7sat2on8os1jqnlugvam451','ZjViNTI3NjFhYzM1OWViNTIyYjc2NWY1MTczMjg3N2VkYzVmNjFlMjp7Il9hdXRoX3VzZXJfaWQiOiIyIiwiX2F1dGhfdXNlcl9iYWNrZW5kIjoiZGphbmdvLmNvbnRyaWIuYXV0aC5iYWNrZW5kcy5Nb2RlbEJhY2tlbmQiLCJfYXV0aF91c2VyX2hhc2giOiI2YTY4Y2I3YmUxNTljY2Q5ODc1ZjJkNjg2YzJjMDI1YjU3NTQzZGM3IiwiX3Nlc3Npb25fZXhwaXJ5IjowfQ==','2018-07-16 16:41:41.618718'),('j7wn50bbc02ivhn5k4p0x6gt2vxsn6jw','ZTRhZWQ1NjIxMTBjNDllYmE0MGM0YzI1Mjk5YTIyY2MyMGNkMWE1NDp7Il9hdXRoX3VzZXJfaWQiOiIxNiIsIl9hdXRoX3VzZXJfYmFja2VuZCI6ImRqYW5nby5jb250cmliLmF1dGguYmFja2VuZHMuTW9kZWxCYWNrZW5kIiwiX2F1dGhfdXNlcl9oYXNoIjoiZTE1NGJhOGMxMTYyNTMwZDQ0OTQ2MDNlZTFlZGM2N2NmMzIxNWJkOSIsIl9zZXNzaW9uX2V4cGlyeSI6MH0=','2018-07-01 08:36:00.225559'),('je8ks6rr8boqgwjqxr21qmzbamzxxvln','MGJmMzk0MjhlY2IwMmNmMzFmNzA2ZDY3MDEyYjA5NWZiY2ZiNDU3ZDp7Il9hdXRoX3VzZXJfaWQiOiIzIiwiX2F1dGhfdXNlcl9iYWNrZW5kIjoiZGphbmdvLmNvbnRyaWIuYXV0aC5iYWNrZW5kcy5Nb2RlbEJhY2tlbmQiLCJfYXV0aF91c2VyX2hhc2giOiJhNWUwMTI1NjMxZTNjOGVkZjc1N2Q4MzhhNDZlNTI2Yjk2MDY1Yzg5IiwiX3Nlc3Npb25fZXhwaXJ5IjowfQ==','2018-07-01 10:51:12.180292'),('jef59ffwi2ms1eea37cnpc1qq5qysev4','NDY3ZjVjNGNiNDYyYmZkNzVkNTlmZWM0OGQ4MzA5N2Y1MjdkOTJmYjp7Il9hdXRoX3VzZXJfaWQiOiI2IiwiX2F1dGhfdXNlcl9iYWNrZW5kIjoiZGphbmdvLmNvbnRyaWIuYXV0aC5iYWNrZW5kcy5Nb2RlbEJhY2tlbmQiLCJfYXV0aF91c2VyX2hhc2giOiIxZTliMWNhMTMwMjk2YjU0ZTc3MzUyNThmYWZmY2Y5OGE0M2JjZmVkIiwiX3Nlc3Npb25fZXhwaXJ5IjowfQ==','2018-07-01 18:27:22.896793'),('jexe0cij8a0ew004nfnn8hx53ggxqkzk','NjMxNzczOGQ0M2UxOGI4NTQxZTVlM2EzOGJiZjRmNGZlMTFjOGU5MTp7Il9hdXRoX3VzZXJfaWQiOiIxNSIsIl9hdXRoX3VzZXJfYmFja2VuZCI6ImRqYW5nby5jb250cmliLmF1dGguYmFja2VuZHMuTW9kZWxCYWNrZW5kIiwiX2F1dGhfdXNlcl9oYXNoIjoiNzUyYzYzNTkwMzBmOGY2MTA0MzAyN2U0OTQ0ZTU0ZTJhYWY5YTYwZSIsIl9zZXNzaW9uX2V4cGlyeSI6MTIwOTYwMH0=','2018-07-08 13:30:03.755967'),('jf6ecab6iqxx33ubaltykanj5nw8t2rw','ZTRhZWQ1NjIxMTBjNDllYmE0MGM0YzI1Mjk5YTIyY2MyMGNkMWE1NDp7Il9hdXRoX3VzZXJfaWQiOiIxNiIsIl9hdXRoX3VzZXJfYmFja2VuZCI6ImRqYW5nby5jb250cmliLmF1dGguYmFja2VuZHMuTW9kZWxCYWNrZW5kIiwiX2F1dGhfdXNlcl9oYXNoIjoiZTE1NGJhOGMxMTYyNTMwZDQ0OTQ2MDNlZTFlZGM2N2NmMzIxNWJkOSIsIl9zZXNzaW9uX2V4cGlyeSI6MH0=','2018-08-01 16:03:20.676725'),('ji2zc1xls71862cmwqsu2kr0syf2yc0j','MGJmMzk0MjhlY2IwMmNmMzFmNzA2ZDY3MDEyYjA5NWZiY2ZiNDU3ZDp7Il9hdXRoX3VzZXJfaWQiOiIzIiwiX2F1dGhfdXNlcl9iYWNrZW5kIjoiZGphbmdvLmNvbnRyaWIuYXV0aC5iYWNrZW5kcy5Nb2RlbEJhY2tlbmQiLCJfYXV0aF91c2VyX2hhc2giOiJhNWUwMTI1NjMxZTNjOGVkZjc1N2Q4MzhhNDZlNTI2Yjk2MDY1Yzg5IiwiX3Nlc3Npb25fZXhwaXJ5IjowfQ==','2018-07-21 08:09:19.940594'),('jij5hfbuyvg3tks6t23gc2lwjl50jbu1','ZjViNTI3NjFhYzM1OWViNTIyYjc2NWY1MTczMjg3N2VkYzVmNjFlMjp7Il9hdXRoX3VzZXJfaWQiOiIyIiwiX2F1dGhfdXNlcl9iYWNrZW5kIjoiZGphbmdvLmNvbnRyaWIuYXV0aC5iYWNrZW5kcy5Nb2RlbEJhY2tlbmQiLCJfYXV0aF91c2VyX2hhc2giOiI2YTY4Y2I3YmUxNTljY2Q5ODc1ZjJkNjg2YzJjMDI1YjU3NTQzZGM3IiwiX3Nlc3Npb25fZXhwaXJ5IjowfQ==','2018-07-17 13:54:55.079977'),('jk0b0vv555y7e3s99801fg3awx2mgo5y','ZmFhZjlmNmM1NGU3ZmIzMzA0ZWE3NDc4NmI4OGQ0NDkxYjY1MzdmNjp7Il9hdXRoX3VzZXJfaWQiOiIxMyIsIl9hdXRoX3VzZXJfYmFja2VuZCI6ImRqYW5nby5jb250cmliLmF1dGguYmFja2VuZHMuTW9kZWxCYWNrZW5kIiwiX2F1dGhfdXNlcl9oYXNoIjoiZDZiZWNmNjBkZTdiZWU1NGJiNGRlZjhmYWQ4N2Y5MDM5N2YzZGJlOSIsIl9zZXNzaW9uX2V4cGlyeSI6MH0=','2018-07-03 14:18:56.318826'),('jn043rxyzfg5g8gjbbm8wwz687jxvf7i','MGJmMzk0MjhlY2IwMmNmMzFmNzA2ZDY3MDEyYjA5NWZiY2ZiNDU3ZDp7Il9hdXRoX3VzZXJfaWQiOiIzIiwiX2F1dGhfdXNlcl9iYWNrZW5kIjoiZGphbmdvLmNvbnRyaWIuYXV0aC5iYWNrZW5kcy5Nb2RlbEJhY2tlbmQiLCJfYXV0aF91c2VyX2hhc2giOiJhNWUwMTI1NjMxZTNjOGVkZjc1N2Q4MzhhNDZlNTI2Yjk2MDY1Yzg5IiwiX3Nlc3Npb25fZXhwaXJ5IjowfQ==','2018-07-04 17:01:30.765585'),('jumicwcveccri8syvyap6pkfkpj4wu1h','ZjgyZjhiY2M4OWU5NDY0ZDRmNzRkMmQ1YTE0YjAzNDYxNjk3OWFlYzp7Il9hdXRoX3VzZXJfaWQiOiIxMiIsIl9hdXRoX3VzZXJfYmFja2VuZCI6ImRqYW5nby5jb250cmliLmF1dGguYmFja2VuZHMuTW9kZWxCYWNrZW5kIiwiX2F1dGhfdXNlcl9oYXNoIjoiYmY1YjM1NmFhMTFlNDdkMmYyNTc4NjgxZmQ0NTI0OThhZjJiYTNmMCIsIl9zZXNzaW9uX2V4cGlyeSI6MTIwOTYwMH0=','2018-06-29 09:55:49.219642'),('jvyhtfevn5xncblx2jis9oace6ed8aen','ZmFhZjlmNmM1NGU3ZmIzMzA0ZWE3NDc4NmI4OGQ0NDkxYjY1MzdmNjp7Il9hdXRoX3VzZXJfaWQiOiIxMyIsIl9hdXRoX3VzZXJfYmFja2VuZCI6ImRqYW5nby5jb250cmliLmF1dGguYmFja2VuZHMuTW9kZWxCYWNrZW5kIiwiX2F1dGhfdXNlcl9oYXNoIjoiZDZiZWNmNjBkZTdiZWU1NGJiNGRlZjhmYWQ4N2Y5MDM5N2YzZGJlOSIsIl9zZXNzaW9uX2V4cGlyeSI6MH0=','2018-07-13 06:33:34.745815'),('k1gte85a14h5vzfw8k3s3vinou3aq529','YmZhMzJlMDY5ZDExZTBlNjI3MWVhYmMzODJmZTcwYmI4ZWRkN2M0Zjp7Il9hdXRoX3VzZXJfaWQiOiIxIiwiX2F1dGhfdXNlcl9iYWNrZW5kIjoiZGphbmdvLmNvbnRyaWIuYXV0aC5iYWNrZW5kcy5Nb2RlbEJhY2tlbmQiLCJfYXV0aF91c2VyX2hhc2giOiI4Y2Q2NGEyMWVmNzcxNjUwMmQyNmJhMjljNTcwMGE5Mzk2YWM5NmY4IiwiX3Nlc3Npb25fZXhwaXJ5IjowfQ==','2018-07-15 09:29:38.288219'),('k3x525a8oz4mcasy72r6e5q3dkb4khoi','ZDgzYWE5MWJhNWIxYWY5MjQ5M2RiZjFkMDU0NjVhNTRhYTkwYmJhNTp7Il9hdXRoX3VzZXJfaWQiOiI3IiwiX2F1dGhfdXNlcl9iYWNrZW5kIjoiZGphbmdvLmNvbnRyaWIuYXV0aC5iYWNrZW5kcy5Nb2RlbEJhY2tlbmQiLCJfYXV0aF91c2VyX2hhc2giOiI5NGVmYWQ5MzY3NTcyZTAxZTk0ZjcyZWFkODY2NDk3YzQzZDcyOTcxIiwiX3Nlc3Npb25fZXhwaXJ5IjowfQ==','2018-07-17 16:32:22.718450'),('k6eg70bsjomhv8jhsi7vm45x3lm0a72p','ZmFmNjQ0MjljNjNiNDYzNTdkMGJiOGRkZGJhNTMyNjgwOTU0ZWZhMjp7Il9hdXRoX3VzZXJfaWQiOiIxNCIsIl9hdXRoX3VzZXJfYmFja2VuZCI6ImRqYW5nby5jb250cmliLmF1dGguYmFja2VuZHMuTW9kZWxCYWNrZW5kIiwiX2F1dGhfdXNlcl9oYXNoIjoiYWVmMDYxZGU2ZDJhN2I2NzY1ZDBkYWEzNzllMWUyYjU2MWU5MjM0ZCIsIl9zZXNzaW9uX2V4cGlyeSI6MH0=','2018-07-25 01:22:39.054411'),('k909ln0jei65z0vl5iqsv7qqmjyc922e','YWI0NjEyMWRmODYwNTBjNGQ0ZjNkNDljMWJkZTA5MGJiNzJiNmRkYzp7Il9hdXRoX3VzZXJfaWQiOiIxNSIsIl9hdXRoX3VzZXJfYmFja2VuZCI6ImRqYW5nby5jb250cmliLmF1dGguYmFja2VuZHMuTW9kZWxCYWNrZW5kIiwiX2F1dGhfdXNlcl9oYXNoIjoiNzUyYzYzNTkwMzBmOGY2MTA0MzAyN2U0OTQ0ZTU0ZTJhYWY5YTYwZSIsIl9zZXNzaW9uX2V4cGlyeSI6MH0=','2018-07-05 03:36:51.878055'),('kap0a37gcqh26agmw6xvgci5lqlgtje5','ZmFmNjQ0MjljNjNiNDYzNTdkMGJiOGRkZGJhNTMyNjgwOTU0ZWZhMjp7Il9hdXRoX3VzZXJfaWQiOiIxNCIsIl9hdXRoX3VzZXJfYmFja2VuZCI6ImRqYW5nby5jb250cmliLmF1dGguYmFja2VuZHMuTW9kZWxCYWNrZW5kIiwiX2F1dGhfdXNlcl9oYXNoIjoiYWVmMDYxZGU2ZDJhN2I2NzY1ZDBkYWEzNzllMWUyYjU2MWU5MjM0ZCIsIl9zZXNzaW9uX2V4cGlyeSI6MH0=','2018-07-07 17:00:42.839801'),('kcl4b8tsc6o8dgrmezarefhbtae3vxs7','MTc1MTg0NTc4MTE0OGQ3NmE3YmNmYzdiZDc4YmVkODMxZTFiMWUwZTp7Il9hdXRoX3VzZXJfaWQiOiI4IiwiX2F1dGhfdXNlcl9iYWNrZW5kIjoiZGphbmdvLmNvbnRyaWIuYXV0aC5iYWNrZW5kcy5Nb2RlbEJhY2tlbmQiLCJfYXV0aF91c2VyX2hhc2giOiJhNzQ5OTFmZTk2M2I0YzZhY2E5MWNhMzBiYTNkMzJjOGYxYzhiZDk1IiwiX3Nlc3Npb25fZXhwaXJ5IjoxMjA5NjAwfQ==','2018-07-02 07:41:59.379494'),('kdcv66g3mkmmellruw5bztq4e2esbi9d','NTE1ZDA5ZTE4YjM1OWQ5NGNjYzI4MGI1MTBjZDRhM2JlYzVjYmQwMzp7Il9hdXRoX3VzZXJfaWQiOiI3IiwiX2F1dGhfdXNlcl9iYWNrZW5kIjoiZGphbmdvLmNvbnRyaWIuYXV0aC5iYWNrZW5kcy5Nb2RlbEJhY2tlbmQiLCJfYXV0aF91c2VyX2hhc2giOiI5NGVmYWQ5MzY3NTcyZTAxZTk0ZjcyZWFkODY2NDk3YzQzZDcyOTcxIiwiX3Nlc3Npb25fZXhwaXJ5IjoxMjA5NjAwfQ==','2018-06-29 09:12:32.603457'),('kgr0fq078gurnh5edr6rdnqp7ffqau34','ZmFmNjQ0MjljNjNiNDYzNTdkMGJiOGRkZGJhNTMyNjgwOTU0ZWZhMjp7Il9hdXRoX3VzZXJfaWQiOiIxNCIsIl9hdXRoX3VzZXJfYmFja2VuZCI6ImRqYW5nby5jb250cmliLmF1dGguYmFja2VuZHMuTW9kZWxCYWNrZW5kIiwiX2F1dGhfdXNlcl9oYXNoIjoiYWVmMDYxZGU2ZDJhN2I2NzY1ZDBkYWEzNzllMWUyYjU2MWU5MjM0ZCIsIl9zZXNzaW9uX2V4cGlyeSI6MH0=','2018-07-03 17:06:55.671762'),('kjulubqg3k60j1lc4sbami11e9ayhnnf','ZDgzYWE5MWJhNWIxYWY5MjQ5M2RiZjFkMDU0NjVhNTRhYTkwYmJhNTp7Il9hdXRoX3VzZXJfaWQiOiI3IiwiX2F1dGhfdXNlcl9iYWNrZW5kIjoiZGphbmdvLmNvbnRyaWIuYXV0aC5iYWNrZW5kcy5Nb2RlbEJhY2tlbmQiLCJfYXV0aF91c2VyX2hhc2giOiI5NGVmYWQ5MzY3NTcyZTAxZTk0ZjcyZWFkODY2NDk3YzQzZDcyOTcxIiwiX3Nlc3Npb25fZXhwaXJ5IjowfQ==','2018-07-02 02:05:22.985562'),('ks4kqxb11u2mhk829puy1gdjjm6vkro5','YmZhMzJlMDY5ZDExZTBlNjI3MWVhYmMzODJmZTcwYmI4ZWRkN2M0Zjp7Il9hdXRoX3VzZXJfaWQiOiIxIiwiX2F1dGhfdXNlcl9iYWNrZW5kIjoiZGphbmdvLmNvbnRyaWIuYXV0aC5iYWNrZW5kcy5Nb2RlbEJhY2tlbmQiLCJfYXV0aF91c2VyX2hhc2giOiI4Y2Q2NGEyMWVmNzcxNjUwMmQyNmJhMjljNTcwMGE5Mzk2YWM5NmY4IiwiX3Nlc3Npb25fZXhwaXJ5IjowfQ==','2018-07-02 05:10:12.615310'),('kuqddswq632pcfepof7qb4jy2x920kxh','NTE5MGQzMGQzNjNlNTMwNDlkMDlhNWQxMGFiMDE2NGVmYzY1YzJjZTp7Il9hdXRoX3VzZXJfaWQiOiIxNyIsIl9hdXRoX3VzZXJfYmFja2VuZCI6ImRqYW5nby5jb250cmliLmF1dGguYmFja2VuZHMuTW9kZWxCYWNrZW5kIiwiX2F1dGhfdXNlcl9oYXNoIjoiNzQyYzNiZjNmZmJjMDc1NTlkNzcxYTgzNDgyNjk5YTE3YTY5MjZkYSIsIl9zZXNzaW9uX2V4cGlyeSI6MH0=','2018-07-20 10:12:08.958793'),('kvyeuups5clfri9rjyi0gqnuncklsaku','YWI0NjEyMWRmODYwNTBjNGQ0ZjNkNDljMWJkZTA5MGJiNzJiNmRkYzp7Il9hdXRoX3VzZXJfaWQiOiIxNSIsIl9hdXRoX3VzZXJfYmFja2VuZCI6ImRqYW5nby5jb250cmliLmF1dGguYmFja2VuZHMuTW9kZWxCYWNrZW5kIiwiX2F1dGhfdXNlcl9oYXNoIjoiNzUyYzYzNTkwMzBmOGY2MTA0MzAyN2U0OTQ0ZTU0ZTJhYWY5YTYwZSIsIl9zZXNzaW9uX2V4cGlyeSI6MH0=','2018-07-21 08:47:10.939785'),('kxirmxpk11yam35byt9hwu2fvovhp3gy','ZTRhZWQ1NjIxMTBjNDllYmE0MGM0YzI1Mjk5YTIyY2MyMGNkMWE1NDp7Il9hdXRoX3VzZXJfaWQiOiIxNiIsIl9hdXRoX3VzZXJfYmFja2VuZCI6ImRqYW5nby5jb250cmliLmF1dGguYmFja2VuZHMuTW9kZWxCYWNrZW5kIiwiX2F1dGhfdXNlcl9oYXNoIjoiZTE1NGJhOGMxMTYyNTMwZDQ0OTQ2MDNlZTFlZGM2N2NmMzIxNWJkOSIsIl9zZXNzaW9uX2V4cGlyeSI6MH0=','2018-07-28 08:31:54.347635'),('kzpwf9ny8yyuykkzvmeqcknunipohsmh','NDY3ZjVjNGNiNDYyYmZkNzVkNTlmZWM0OGQ4MzA5N2Y1MjdkOTJmYjp7Il9hdXRoX3VzZXJfaWQiOiI2IiwiX2F1dGhfdXNlcl9iYWNrZW5kIjoiZGphbmdvLmNvbnRyaWIuYXV0aC5iYWNrZW5kcy5Nb2RlbEJhY2tlbmQiLCJfYXV0aF91c2VyX2hhc2giOiIxZTliMWNhMTMwMjk2YjU0ZTc3MzUyNThmYWZmY2Y5OGE0M2JjZmVkIiwiX3Nlc3Npb25fZXhwaXJ5IjowfQ==','2018-07-24 17:13:53.314169'),('l8hldvxffnny5c8sxylt70o98vxndx91','NDY3ZjVjNGNiNDYyYmZkNzVkNTlmZWM0OGQ4MzA5N2Y1MjdkOTJmYjp7Il9hdXRoX3VzZXJfaWQiOiI2IiwiX2F1dGhfdXNlcl9iYWNrZW5kIjoiZGphbmdvLmNvbnRyaWIuYXV0aC5iYWNrZW5kcy5Nb2RlbEJhY2tlbmQiLCJfYXV0aF91c2VyX2hhc2giOiIxZTliMWNhMTMwMjk2YjU0ZTc3MzUyNThmYWZmY2Y5OGE0M2JjZmVkIiwiX3Nlc3Npb25fZXhwaXJ5IjowfQ==','2018-07-10 16:03:32.756360'),('lh6896o422k6dr31kdu84stnmso81bj0','YmZhMzJlMDY5ZDExZTBlNjI3MWVhYmMzODJmZTcwYmI4ZWRkN2M0Zjp7Il9hdXRoX3VzZXJfaWQiOiIxIiwiX2F1dGhfdXNlcl9iYWNrZW5kIjoiZGphbmdvLmNvbnRyaWIuYXV0aC5iYWNrZW5kcy5Nb2RlbEJhY2tlbmQiLCJfYXV0aF91c2VyX2hhc2giOiI4Y2Q2NGEyMWVmNzcxNjUwMmQyNmJhMjljNTcwMGE5Mzk2YWM5NmY4IiwiX3Nlc3Npb25fZXhwaXJ5IjowfQ==','2018-08-04 06:54:35.546357'),('ll914v2371jr956bg6bq7e33n8l6vjen','NDY3ZjVjNGNiNDYyYmZkNzVkNTlmZWM0OGQ4MzA5N2Y1MjdkOTJmYjp7Il9hdXRoX3VzZXJfaWQiOiI2IiwiX2F1dGhfdXNlcl9iYWNrZW5kIjoiZGphbmdvLmNvbnRyaWIuYXV0aC5iYWNrZW5kcy5Nb2RlbEJhY2tlbmQiLCJfYXV0aF91c2VyX2hhc2giOiIxZTliMWNhMTMwMjk2YjU0ZTc3MzUyNThmYWZmY2Y5OGE0M2JjZmVkIiwiX3Nlc3Npb25fZXhwaXJ5IjowfQ==','2018-07-14 02:49:24.219116'),('low7758otoff8tnndu9p9vozp7tk5yob','ZTRhZWQ1NjIxMTBjNDllYmE0MGM0YzI1Mjk5YTIyY2MyMGNkMWE1NDp7Il9hdXRoX3VzZXJfaWQiOiIxNiIsIl9hdXRoX3VzZXJfYmFja2VuZCI6ImRqYW5nby5jb250cmliLmF1dGguYmFja2VuZHMuTW9kZWxCYWNrZW5kIiwiX2F1dGhfdXNlcl9oYXNoIjoiZTE1NGJhOGMxMTYyNTMwZDQ0OTQ2MDNlZTFlZGM2N2NmMzIxNWJkOSIsIl9zZXNzaW9uX2V4cGlyeSI6MH0=','2018-07-29 17:43:56.117419'),('lps7e7nlyq2pmmfyaimsozfgtqtbozc3','MGJmMzk0MjhlY2IwMmNmMzFmNzA2ZDY3MDEyYjA5NWZiY2ZiNDU3ZDp7Il9hdXRoX3VzZXJfaWQiOiIzIiwiX2F1dGhfdXNlcl9iYWNrZW5kIjoiZGphbmdvLmNvbnRyaWIuYXV0aC5iYWNrZW5kcy5Nb2RlbEJhY2tlbmQiLCJfYXV0aF91c2VyX2hhc2giOiJhNWUwMTI1NjMxZTNjOGVkZjc1N2Q4MzhhNDZlNTI2Yjk2MDY1Yzg5IiwiX3Nlc3Npb25fZXhwaXJ5IjowfQ==','2018-07-24 10:29:13.441407'),('luywyegf70y5alk3w6u95g00ikekg4bu','NTdkODljYWZjYjczMTUwNTBiYTgyYmU3MGU2YWM3MDlhMjFiMDI1Mzp7Il9hdXRoX3VzZXJfaWQiOiI1IiwiX2F1dGhfdXNlcl9iYWNrZW5kIjoiZGphbmdvLmNvbnRyaWIuYXV0aC5iYWNrZW5kcy5Nb2RlbEJhY2tlbmQiLCJfYXV0aF91c2VyX2hhc2giOiI3YWYyYmFmMmRlZDZhYWNhY2Y5ZjBiMjhlZDk5NDIyYzZkZDA3MmQ1IiwiX3Nlc3Npb25fZXhwaXJ5IjowfQ==','2018-07-08 07:29:25.969287'),('lvtf7tfjtxv7tcs6q65lj4wugndtuu8w','MTJkMTJmYWU1ZmM1YzY4ZjQ5NTA2YzJmMjViNWZhM2NlODYwN2NlMDp7Il9hdXRoX3VzZXJfaWQiOiIxMSIsIl9hdXRoX3VzZXJfYmFja2VuZCI6ImRqYW5nby5jb250cmliLmF1dGguYmFja2VuZHMuTW9kZWxCYWNrZW5kIiwiX2F1dGhfdXNlcl9oYXNoIjoiODgwZDM5MmI3NDM1ZDA0M2I0NjU2ZjZmODU5NmQxNzBhMGEwYjRjYSIsIl9zZXNzaW9uX2V4cGlyeSI6MTIwOTYwMH0=','2018-06-29 09:11:16.800714'),('lwlj26og5i11lc4vty01ksh8xuldfcfr','NTE5MGQzMGQzNjNlNTMwNDlkMDlhNWQxMGFiMDE2NGVmYzY1YzJjZTp7Il9hdXRoX3VzZXJfaWQiOiIxNyIsIl9hdXRoX3VzZXJfYmFja2VuZCI6ImRqYW5nby5jb250cmliLmF1dGguYmFja2VuZHMuTW9kZWxCYWNrZW5kIiwiX2F1dGhfdXNlcl9oYXNoIjoiNzQyYzNiZjNmZmJjMDc1NTlkNzcxYTgzNDgyNjk5YTE3YTY5MjZkYSIsIl9zZXNzaW9uX2V4cGlyeSI6MH0=','2018-07-13 06:55:02.336911'),('ly0bar1rgg0hjsumiusw1j5jjokpxk0t','MGJmMzk0MjhlY2IwMmNmMzFmNzA2ZDY3MDEyYjA5NWZiY2ZiNDU3ZDp7Il9hdXRoX3VzZXJfaWQiOiIzIiwiX2F1dGhfdXNlcl9iYWNrZW5kIjoiZGphbmdvLmNvbnRyaWIuYXV0aC5iYWNrZW5kcy5Nb2RlbEJhY2tlbmQiLCJfYXV0aF91c2VyX2hhc2giOiJhNWUwMTI1NjMxZTNjOGVkZjc1N2Q4MzhhNDZlNTI2Yjk2MDY1Yzg5IiwiX3Nlc3Npb25fZXhwaXJ5IjowfQ==','2018-07-18 01:40:18.093830'),('lyr6twburxfqiwge9otirxzckq497uo4','MTc1MTg0NTc4MTE0OGQ3NmE3YmNmYzdiZDc4YmVkODMxZTFiMWUwZTp7Il9hdXRoX3VzZXJfaWQiOiI4IiwiX2F1dGhfdXNlcl9iYWNrZW5kIjoiZGphbmdvLmNvbnRyaWIuYXV0aC5iYWNrZW5kcy5Nb2RlbEJhY2tlbmQiLCJfYXV0aF91c2VyX2hhc2giOiJhNzQ5OTFmZTk2M2I0YzZhY2E5MWNhMzBiYTNkMzJjOGYxYzhiZDk1IiwiX3Nlc3Npb25fZXhwaXJ5IjoxMjA5NjAwfQ==','2018-07-21 09:01:01.460098'),('m1ketvzhwlwidmws5iqvijzz6c455doy','ZTRhZWQ1NjIxMTBjNDllYmE0MGM0YzI1Mjk5YTIyY2MyMGNkMWE1NDp7Il9hdXRoX3VzZXJfaWQiOiIxNiIsIl9hdXRoX3VzZXJfYmFja2VuZCI6ImRqYW5nby5jb250cmliLmF1dGguYmFja2VuZHMuTW9kZWxCYWNrZW5kIiwiX2F1dGhfdXNlcl9oYXNoIjoiZTE1NGJhOGMxMTYyNTMwZDQ0OTQ2MDNlZTFlZGM2N2NmMzIxNWJkOSIsIl9zZXNzaW9uX2V4cGlyeSI6MH0=','2018-07-28 17:08:10.146441'),('m4nf4ky8pknjx2o9uf6kxrwg2b18h7be','ZTRhZWQ1NjIxMTBjNDllYmE0MGM0YzI1Mjk5YTIyY2MyMGNkMWE1NDp7Il9hdXRoX3VzZXJfaWQiOiIxNiIsIl9hdXRoX3VzZXJfYmFja2VuZCI6ImRqYW5nby5jb250cmliLmF1dGguYmFja2VuZHMuTW9kZWxCYWNrZW5kIiwiX2F1dGhfdXNlcl9oYXNoIjoiZTE1NGJhOGMxMTYyNTMwZDQ0OTQ2MDNlZTFlZGM2N2NmMzIxNWJkOSIsIl9zZXNzaW9uX2V4cGlyeSI6MH0=','2018-07-25 17:45:52.108434'),('m4royooq7xgtcd60gl6945muj6lcgf22','ZDgzYWE5MWJhNWIxYWY5MjQ5M2RiZjFkMDU0NjVhNTRhYTkwYmJhNTp7Il9hdXRoX3VzZXJfaWQiOiI3IiwiX2F1dGhfdXNlcl9iYWNrZW5kIjoiZGphbmdvLmNvbnRyaWIuYXV0aC5iYWNrZW5kcy5Nb2RlbEJhY2tlbmQiLCJfYXV0aF91c2VyX2hhc2giOiI5NGVmYWQ5MzY3NTcyZTAxZTk0ZjcyZWFkODY2NDk3YzQzZDcyOTcxIiwiX3Nlc3Npb25fZXhwaXJ5IjowfQ==','2018-07-17 12:59:04.601659'),('m4s6c68yihbkj4w78qzlfj5807whh8yj','ZTRhZWQ1NjIxMTBjNDllYmE0MGM0YzI1Mjk5YTIyY2MyMGNkMWE1NDp7Il9hdXRoX3VzZXJfaWQiOiIxNiIsIl9hdXRoX3VzZXJfYmFja2VuZCI6ImRqYW5nby5jb250cmliLmF1dGguYmFja2VuZHMuTW9kZWxCYWNrZW5kIiwiX2F1dGhfdXNlcl9oYXNoIjoiZTE1NGJhOGMxMTYyNTMwZDQ0OTQ2MDNlZTFlZGM2N2NmMzIxNWJkOSIsIl9zZXNzaW9uX2V4cGlyeSI6MH0=','2018-07-22 02:56:56.858171'),('m511n8gcayl7dhsl0rwvc6ayzjodxrvs','ZTRhZWQ1NjIxMTBjNDllYmE0MGM0YzI1Mjk5YTIyY2MyMGNkMWE1NDp7Il9hdXRoX3VzZXJfaWQiOiIxNiIsIl9hdXRoX3VzZXJfYmFja2VuZCI6ImRqYW5nby5jb250cmliLmF1dGguYmFja2VuZHMuTW9kZWxCYWNrZW5kIiwiX2F1dGhfdXNlcl9oYXNoIjoiZTE1NGJhOGMxMTYyNTMwZDQ0OTQ2MDNlZTFlZGM2N2NmMzIxNWJkOSIsIl9zZXNzaW9uX2V4cGlyeSI6MH0=','2018-07-24 18:45:12.404810'),('m7e8zax83l3k3nnrm9on4sp7ws4efv9n','ZmFmNjQ0MjljNjNiNDYzNTdkMGJiOGRkZGJhNTMyNjgwOTU0ZWZhMjp7Il9hdXRoX3VzZXJfaWQiOiIxNCIsIl9hdXRoX3VzZXJfYmFja2VuZCI6ImRqYW5nby5jb250cmliLmF1dGguYmFja2VuZHMuTW9kZWxCYWNrZW5kIiwiX2F1dGhfdXNlcl9oYXNoIjoiYWVmMDYxZGU2ZDJhN2I2NzY1ZDBkYWEzNzllMWUyYjU2MWU5MjM0ZCIsIl9zZXNzaW9uX2V4cGlyeSI6MH0=','2018-07-25 14:54:11.044351'),('m8exiadpc1jyhxrl10yemljxcg2zl9wv','ZmFmNjQ0MjljNjNiNDYzNTdkMGJiOGRkZGJhNTMyNjgwOTU0ZWZhMjp7Il9hdXRoX3VzZXJfaWQiOiIxNCIsIl9hdXRoX3VzZXJfYmFja2VuZCI6ImRqYW5nby5jb250cmliLmF1dGguYmFja2VuZHMuTW9kZWxCYWNrZW5kIiwiX2F1dGhfdXNlcl9oYXNoIjoiYWVmMDYxZGU2ZDJhN2I2NzY1ZDBkYWEzNzllMWUyYjU2MWU5MjM0ZCIsIl9zZXNzaW9uX2V4cGlyeSI6MH0=','2018-07-10 15:09:55.023882'),('masm7z99mac2l6fhsprnj9dxz5zh0aqg','ZmFmNjQ0MjljNjNiNDYzNTdkMGJiOGRkZGJhNTMyNjgwOTU0ZWZhMjp7Il9hdXRoX3VzZXJfaWQiOiIxNCIsIl9hdXRoX3VzZXJfYmFja2VuZCI6ImRqYW5nby5jb250cmliLmF1dGguYmFja2VuZHMuTW9kZWxCYWNrZW5kIiwiX2F1dGhfdXNlcl9oYXNoIjoiYWVmMDYxZGU2ZDJhN2I2NzY1ZDBkYWEzNzllMWUyYjU2MWU5MjM0ZCIsIl9zZXNzaW9uX2V4cGlyeSI6MH0=','2018-06-29 10:08:30.194806'),('mcbcbmp1yz3czz0ks0xwavq6cht6o1a5','OTQ4YzY0MWFjOGYyNDllMDBjMzU2MWMzZGVjYTc2OGIwNDE5MjcyNDp7Il9hdXRoX3VzZXJfaWQiOiI5IiwiX2F1dGhfdXNlcl9iYWNrZW5kIjoiZGphbmdvLmNvbnRyaWIuYXV0aC5iYWNrZW5kcy5Nb2RlbEJhY2tlbmQiLCJfYXV0aF91c2VyX2hhc2giOiJhMWYxMTViZTEyODZkNjdjNTJmMmRmYmZlZWM4NWQ2ZTE0ZGE5ZDA3IiwiX3Nlc3Npb25fZXhwaXJ5IjoxMjA5NjAwfQ==','2018-06-29 09:13:00.469364'),('mdg18oueeu6wvtu314zpf5c9tchp27la','ZmFmNjQ0MjljNjNiNDYzNTdkMGJiOGRkZGJhNTMyNjgwOTU0ZWZhMjp7Il9hdXRoX3VzZXJfaWQiOiIxNCIsIl9hdXRoX3VzZXJfYmFja2VuZCI6ImRqYW5nby5jb250cmliLmF1dGguYmFja2VuZHMuTW9kZWxCYWNrZW5kIiwiX2F1dGhfdXNlcl9oYXNoIjoiYWVmMDYxZGU2ZDJhN2I2NzY1ZDBkYWEzNzllMWUyYjU2MWU5MjM0ZCIsIl9zZXNzaW9uX2V4cGlyeSI6MH0=','2018-07-13 03:43:55.894098'),('mdypro057b68qq1xcydk1uvojwbp5fzi','NTE5MGQzMGQzNjNlNTMwNDlkMDlhNWQxMGFiMDE2NGVmYzY1YzJjZTp7Il9hdXRoX3VzZXJfaWQiOiIxNyIsIl9hdXRoX3VzZXJfYmFja2VuZCI6ImRqYW5nby5jb250cmliLmF1dGguYmFja2VuZHMuTW9kZWxCYWNrZW5kIiwiX2F1dGhfdXNlcl9oYXNoIjoiNzQyYzNiZjNmZmJjMDc1NTlkNzcxYTgzNDgyNjk5YTE3YTY5MjZkYSIsIl9zZXNzaW9uX2V4cGlyeSI6MH0=','2018-07-05 08:29:47.483313'),('mey6oh7cnxjsp9kvyald65c1794mkgw8','NTE5MGQzMGQzNjNlNTMwNDlkMDlhNWQxMGFiMDE2NGVmYzY1YzJjZTp7Il9hdXRoX3VzZXJfaWQiOiIxNyIsIl9hdXRoX3VzZXJfYmFja2VuZCI6ImRqYW5nby5jb250cmliLmF1dGguYmFja2VuZHMuTW9kZWxCYWNrZW5kIiwiX2F1dGhfdXNlcl9oYXNoIjoiNzQyYzNiZjNmZmJjMDc1NTlkNzcxYTgzNDgyNjk5YTE3YTY5MjZkYSIsIl9zZXNzaW9uX2V4cGlyeSI6MH0=','2018-07-17 13:17:40.653572'),('mfxuly74twbq4a6slizyvt8hktnfv7s5','ZDgzYWE5MWJhNWIxYWY5MjQ5M2RiZjFkMDU0NjVhNTRhYTkwYmJhNTp7Il9hdXRoX3VzZXJfaWQiOiI3IiwiX2F1dGhfdXNlcl9iYWNrZW5kIjoiZGphbmdvLmNvbnRyaWIuYXV0aC5iYWNrZW5kcy5Nb2RlbEJhY2tlbmQiLCJfYXV0aF91c2VyX2hhc2giOiI5NGVmYWQ5MzY3NTcyZTAxZTk0ZjcyZWFkODY2NDk3YzQzZDcyOTcxIiwiX3Nlc3Npb25fZXhwaXJ5IjowfQ==','2018-07-04 05:22:06.345081'),('mhgs1g7ramnj6jphqmc3y7hqalmv58o9','ZmFmNjQ0MjljNjNiNDYzNTdkMGJiOGRkZGJhNTMyNjgwOTU0ZWZhMjp7Il9hdXRoX3VzZXJfaWQiOiIxNCIsIl9hdXRoX3VzZXJfYmFja2VuZCI6ImRqYW5nby5jb250cmliLmF1dGguYmFja2VuZHMuTW9kZWxCYWNrZW5kIiwiX2F1dGhfdXNlcl9oYXNoIjoiYWVmMDYxZGU2ZDJhN2I2NzY1ZDBkYWEzNzllMWUyYjU2MWU5MjM0ZCIsIl9zZXNzaW9uX2V4cGlyeSI6MH0=','2018-07-09 03:15:39.652732'),('mjlxbc8dputjzbxsg069zydf8k83zeh3','ZDgzYWE5MWJhNWIxYWY5MjQ5M2RiZjFkMDU0NjVhNTRhYTkwYmJhNTp7Il9hdXRoX3VzZXJfaWQiOiI3IiwiX2F1dGhfdXNlcl9iYWNrZW5kIjoiZGphbmdvLmNvbnRyaWIuYXV0aC5iYWNrZW5kcy5Nb2RlbEJhY2tlbmQiLCJfYXV0aF91c2VyX2hhc2giOiI5NGVmYWQ5MzY3NTcyZTAxZTk0ZjcyZWFkODY2NDk3YzQzZDcyOTcxIiwiX3Nlc3Npb25fZXhwaXJ5IjowfQ==','2018-07-29 14:02:53.501158'),('moh4rxm6j646jowm3xstf72evalzc6vf','NTVhZWMzNDkxMGZjMmRjZjA0ZjQwNWEzM2ZmM2Q4NDRiNTM4YTRhOTp7Il9hdXRoX3VzZXJfaWQiOiIxMiIsIl9hdXRoX3VzZXJfYmFja2VuZCI6ImRqYW5nby5jb250cmliLmF1dGguYmFja2VuZHMuTW9kZWxCYWNrZW5kIiwiX2F1dGhfdXNlcl9oYXNoIjoiYmY1YjM1NmFhMTFlNDdkMmYyNTc4NjgxZmQ0NTI0OThhZjJiYTNmMCIsIl9zZXNzaW9uX2V4cGlyeSI6MH0=','2018-07-20 09:37:03.644986'),('mqlql4yzh7um0i8kvnd2pb318zqbuebt','YmZhMzJlMDY5ZDExZTBlNjI3MWVhYmMzODJmZTcwYmI4ZWRkN2M0Zjp7Il9hdXRoX3VzZXJfaWQiOiIxIiwiX2F1dGhfdXNlcl9iYWNrZW5kIjoiZGphbmdvLmNvbnRyaWIuYXV0aC5iYWNrZW5kcy5Nb2RlbEJhY2tlbmQiLCJfYXV0aF91c2VyX2hhc2giOiI4Y2Q2NGEyMWVmNzcxNjUwMmQyNmJhMjljNTcwMGE5Mzk2YWM5NmY4IiwiX3Nlc3Npb25fZXhwaXJ5IjowfQ==','2018-07-29 13:10:13.161369'),('mqrjf0mpiwjara5pmnukcktk1fae6ap4','ZmFmNjQ0MjljNjNiNDYzNTdkMGJiOGRkZGJhNTMyNjgwOTU0ZWZhMjp7Il9hdXRoX3VzZXJfaWQiOiIxNCIsIl9hdXRoX3VzZXJfYmFja2VuZCI6ImRqYW5nby5jb250cmliLmF1dGguYmFja2VuZHMuTW9kZWxCYWNrZW5kIiwiX2F1dGhfdXNlcl9oYXNoIjoiYWVmMDYxZGU2ZDJhN2I2NzY1ZDBkYWEzNzllMWUyYjU2MWU5MjM0ZCIsIl9zZXNzaW9uX2V4cGlyeSI6MH0=','2018-07-06 04:48:56.940133'),('mveyn83g129feov3g4r8het3v83xzr25','NDY3ZjVjNGNiNDYyYmZkNzVkNTlmZWM0OGQ4MzA5N2Y1MjdkOTJmYjp7Il9hdXRoX3VzZXJfaWQiOiI2IiwiX2F1dGhfdXNlcl9iYWNrZW5kIjoiZGphbmdvLmNvbnRyaWIuYXV0aC5iYWNrZW5kcy5Nb2RlbEJhY2tlbmQiLCJfYXV0aF91c2VyX2hhc2giOiIxZTliMWNhMTMwMjk2YjU0ZTc3MzUyNThmYWZmY2Y5OGE0M2JjZmVkIiwiX3Nlc3Npb25fZXhwaXJ5IjowfQ==','2018-07-11 03:43:25.897779'),('myecdlwq2d1skg21j8l8rvw6ocbvkiqn','YmZhMzJlMDY5ZDExZTBlNjI3MWVhYmMzODJmZTcwYmI4ZWRkN2M0Zjp7Il9hdXRoX3VzZXJfaWQiOiIxIiwiX2F1dGhfdXNlcl9iYWNrZW5kIjoiZGphbmdvLmNvbnRyaWIuYXV0aC5iYWNrZW5kcy5Nb2RlbEJhY2tlbmQiLCJfYXV0aF91c2VyX2hhc2giOiI4Y2Q2NGEyMWVmNzcxNjUwMmQyNmJhMjljNTcwMGE5Mzk2YWM5NmY4IiwiX3Nlc3Npb25fZXhwaXJ5IjowfQ==','2018-07-17 15:48:12.359725'),('mzrj1fsnmt46dxd5tqnalnpl2fv9jgx4','NDY3ZjVjNGNiNDYyYmZkNzVkNTlmZWM0OGQ4MzA5N2Y1MjdkOTJmYjp7Il9hdXRoX3VzZXJfaWQiOiI2IiwiX2F1dGhfdXNlcl9iYWNrZW5kIjoiZGphbmdvLmNvbnRyaWIuYXV0aC5iYWNrZW5kcy5Nb2RlbEJhY2tlbmQiLCJfYXV0aF91c2VyX2hhc2giOiIxZTliMWNhMTMwMjk2YjU0ZTc3MzUyNThmYWZmY2Y5OGE0M2JjZmVkIiwiX3Nlc3Npb25fZXhwaXJ5IjowfQ==','2018-07-29 03:22:32.263895'),('n0n5pdiqp9lrx9ga7niza3ejap5a1i82','NDY3ZjVjNGNiNDYyYmZkNzVkNTlmZWM0OGQ4MzA5N2Y1MjdkOTJmYjp7Il9hdXRoX3VzZXJfaWQiOiI2IiwiX2F1dGhfdXNlcl9iYWNrZW5kIjoiZGphbmdvLmNvbnRyaWIuYXV0aC5iYWNrZW5kcy5Nb2RlbEJhY2tlbmQiLCJfYXV0aF91c2VyX2hhc2giOiIxZTliMWNhMTMwMjk2YjU0ZTc3MzUyNThmYWZmY2Y5OGE0M2JjZmVkIiwiX3Nlc3Npb25fZXhwaXJ5IjowfQ==','2018-07-09 04:58:36.604483'),('n0nhw6vkq674p96141j3ix02tt2m7c1y','ZTRhZWQ1NjIxMTBjNDllYmE0MGM0YzI1Mjk5YTIyY2MyMGNkMWE1NDp7Il9hdXRoX3VzZXJfaWQiOiIxNiIsIl9hdXRoX3VzZXJfYmFja2VuZCI6ImRqYW5nby5jb250cmliLmF1dGguYmFja2VuZHMuTW9kZWxCYWNrZW5kIiwiX2F1dGhfdXNlcl9oYXNoIjoiZTE1NGJhOGMxMTYyNTMwZDQ0OTQ2MDNlZTFlZGM2N2NmMzIxNWJkOSIsIl9zZXNzaW9uX2V4cGlyeSI6MH0=','2018-07-25 02:41:13.792498'),('n2r4xlve7o7sykltap8uwqumc48df9y7','NDY3ZjVjNGNiNDYyYmZkNzVkNTlmZWM0OGQ4MzA5N2Y1MjdkOTJmYjp7Il9hdXRoX3VzZXJfaWQiOiI2IiwiX2F1dGhfdXNlcl9iYWNrZW5kIjoiZGphbmdvLmNvbnRyaWIuYXV0aC5iYWNrZW5kcy5Nb2RlbEJhY2tlbmQiLCJfYXV0aF91c2VyX2hhc2giOiIxZTliMWNhMTMwMjk2YjU0ZTc3MzUyNThmYWZmY2Y5OGE0M2JjZmVkIiwiX3Nlc3Npb25fZXhwaXJ5IjowfQ==','2018-07-25 16:52:27.713785'),('n3xggxf8r2a3ltn5uqzi0nobfxsk2rf1','ZmFmNjQ0MjljNjNiNDYzNTdkMGJiOGRkZGJhNTMyNjgwOTU0ZWZhMjp7Il9hdXRoX3VzZXJfaWQiOiIxNCIsIl9hdXRoX3VzZXJfYmFja2VuZCI6ImRqYW5nby5jb250cmliLmF1dGguYmFja2VuZHMuTW9kZWxCYWNrZW5kIiwiX2F1dGhfdXNlcl9oYXNoIjoiYWVmMDYxZGU2ZDJhN2I2NzY1ZDBkYWEzNzllMWUyYjU2MWU5MjM0ZCIsIl9zZXNzaW9uX2V4cGlyeSI6MH0=','2018-07-12 15:00:39.867196'),('n7wpb16x22m2z2f31x75v71o1knue4ja','ZmFmNjQ0MjljNjNiNDYzNTdkMGJiOGRkZGJhNTMyNjgwOTU0ZWZhMjp7Il9hdXRoX3VzZXJfaWQiOiIxNCIsIl9hdXRoX3VzZXJfYmFja2VuZCI6ImRqYW5nby5jb250cmliLmF1dGguYmFja2VuZHMuTW9kZWxCYWNrZW5kIiwiX2F1dGhfdXNlcl9oYXNoIjoiYWVmMDYxZGU2ZDJhN2I2NzY1ZDBkYWEzNzllMWUyYjU2MWU5MjM0ZCIsIl9zZXNzaW9uX2V4cGlyeSI6MH0=','2018-07-20 08:07:46.671120'),('nabjfemirko503v4ggkq0059ul5ooi4a','NzRkMDc2YzNhNGFlMWJhNWE5OTIyNGZlMGRiYjk5YzFjYjQzMzY0Zjp7Il9hdXRoX3VzZXJfaWQiOiIxMCIsIl9hdXRoX3VzZXJfYmFja2VuZCI6ImRqYW5nby5jb250cmliLmF1dGguYmFja2VuZHMuTW9kZWxCYWNrZW5kIiwiX2F1dGhfdXNlcl9oYXNoIjoiZDk5OWIyMjQzYzRkNzFmMDQ5NmRlYzliYmY0YTY4NzIwZTYxMTE3YiIsIl9zZXNzaW9uX2V4cGlyeSI6MTIwOTYwMH0=','2018-07-08 11:26:28.437665'),('nce2ir24snsa5hqd3fqcc3imo1imqojd','NTE5MGQzMGQzNjNlNTMwNDlkMDlhNWQxMGFiMDE2NGVmYzY1YzJjZTp7Il9hdXRoX3VzZXJfaWQiOiIxNyIsIl9hdXRoX3VzZXJfYmFja2VuZCI6ImRqYW5nby5jb250cmliLmF1dGguYmFja2VuZHMuTW9kZWxCYWNrZW5kIiwiX2F1dGhfdXNlcl9oYXNoIjoiNzQyYzNiZjNmZmJjMDc1NTlkNzcxYTgzNDgyNjk5YTE3YTY5MjZkYSIsIl9zZXNzaW9uX2V4cGlyeSI6MH0=','2018-07-25 10:20:21.346991'),('nesrplsh3nc762iqp1ogbk02mx27ttr5','NjMxNzczOGQ0M2UxOGI4NTQxZTVlM2EzOGJiZjRmNGZlMTFjOGU5MTp7Il9hdXRoX3VzZXJfaWQiOiIxNSIsIl9hdXRoX3VzZXJfYmFja2VuZCI6ImRqYW5nby5jb250cmliLmF1dGguYmFja2VuZHMuTW9kZWxCYWNrZW5kIiwiX2F1dGhfdXNlcl9oYXNoIjoiNzUyYzYzNTkwMzBmOGY2MTA0MzAyN2U0OTQ0ZTU0ZTJhYWY5YTYwZSIsIl9zZXNzaW9uX2V4cGlyeSI6MTIwOTYwMH0=','2018-07-22 14:35:58.932370'),('nfkt3l6d4bobkpiej1skx1k7i67pyosk','ZTRhZWQ1NjIxMTBjNDllYmE0MGM0YzI1Mjk5YTIyY2MyMGNkMWE1NDp7Il9hdXRoX3VzZXJfaWQiOiIxNiIsIl9hdXRoX3VzZXJfYmFja2VuZCI6ImRqYW5nby5jb250cmliLmF1dGguYmFja2VuZHMuTW9kZWxCYWNrZW5kIiwiX2F1dGhfdXNlcl9oYXNoIjoiZTE1NGJhOGMxMTYyNTMwZDQ0OTQ2MDNlZTFlZGM2N2NmMzIxNWJkOSIsIl9zZXNzaW9uX2V4cGlyeSI6MH0=','2018-07-29 17:04:35.474208'),('nief6ub9udzjjxupsj55eslgtbtxbdlq','NDY3ZjVjNGNiNDYyYmZkNzVkNTlmZWM0OGQ4MzA5N2Y1MjdkOTJmYjp7Il9hdXRoX3VzZXJfaWQiOiI2IiwiX2F1dGhfdXNlcl9iYWNrZW5kIjoiZGphbmdvLmNvbnRyaWIuYXV0aC5iYWNrZW5kcy5Nb2RlbEJhY2tlbmQiLCJfYXV0aF91c2VyX2hhc2giOiIxZTliMWNhMTMwMjk2YjU0ZTc3MzUyNThmYWZmY2Y5OGE0M2JjZmVkIiwiX3Nlc3Npb25fZXhwaXJ5IjowfQ==','2018-07-01 17:14:01.259786'),('nk90qcle30dfuhyjpp4o7t3skba5a7d2','ZmFhZjlmNmM1NGU3ZmIzMzA0ZWE3NDc4NmI4OGQ0NDkxYjY1MzdmNjp7Il9hdXRoX3VzZXJfaWQiOiIxMyIsIl9hdXRoX3VzZXJfYmFja2VuZCI6ImRqYW5nby5jb250cmliLmF1dGguYmFja2VuZHMuTW9kZWxCYWNrZW5kIiwiX2F1dGhfdXNlcl9oYXNoIjoiZDZiZWNmNjBkZTdiZWU1NGJiNGRlZjhmYWQ4N2Y5MDM5N2YzZGJlOSIsIl9zZXNzaW9uX2V4cGlyeSI6MH0=','2018-07-20 16:24:40.636506'),('nm6o0tbdcqp4ebg7str11zj9vxkays31','NDY3ZjVjNGNiNDYyYmZkNzVkNTlmZWM0OGQ4MzA5N2Y1MjdkOTJmYjp7Il9hdXRoX3VzZXJfaWQiOiI2IiwiX2F1dGhfdXNlcl9iYWNrZW5kIjoiZGphbmdvLmNvbnRyaWIuYXV0aC5iYWNrZW5kcy5Nb2RlbEJhY2tlbmQiLCJfYXV0aF91c2VyX2hhc2giOiIxZTliMWNhMTMwMjk2YjU0ZTc3MzUyNThmYWZmY2Y5OGE0M2JjZmVkIiwiX3Nlc3Npb25fZXhwaXJ5IjowfQ==','2018-07-12 12:29:11.874302'),('nxv5cfg515nyyoix2opomv4dal819ncm','ZmFmNjQ0MjljNjNiNDYzNTdkMGJiOGRkZGJhNTMyNjgwOTU0ZWZhMjp7Il9hdXRoX3VzZXJfaWQiOiIxNCIsIl9hdXRoX3VzZXJfYmFja2VuZCI6ImRqYW5nby5jb250cmliLmF1dGguYmFja2VuZHMuTW9kZWxCYWNrZW5kIiwiX2F1dGhfdXNlcl9oYXNoIjoiYWVmMDYxZGU2ZDJhN2I2NzY1ZDBkYWEzNzllMWUyYjU2MWU5MjM0ZCIsIl9zZXNzaW9uX2V4cGlyeSI6MH0=','2018-07-12 16:24:51.616420'),('nypz2steexczveclhcglcm45sy2iwq3p','ZmFmNjQ0MjljNjNiNDYzNTdkMGJiOGRkZGJhNTMyNjgwOTU0ZWZhMjp7Il9hdXRoX3VzZXJfaWQiOiIxNCIsIl9hdXRoX3VzZXJfYmFja2VuZCI6ImRqYW5nby5jb250cmliLmF1dGguYmFja2VuZHMuTW9kZWxCYWNrZW5kIiwiX2F1dGhfdXNlcl9oYXNoIjoiYWVmMDYxZGU2ZDJhN2I2NzY1ZDBkYWEzNzllMWUyYjU2MWU5MjM0ZCIsIl9zZXNzaW9uX2V4cGlyeSI6MH0=','2018-07-08 17:02:50.861218'),('o035dyjkhiki8xqkprprs48plf2ib6zv','YWI0NjEyMWRmODYwNTBjNGQ0ZjNkNDljMWJkZTA5MGJiNzJiNmRkYzp7Il9hdXRoX3VzZXJfaWQiOiIxNSIsIl9hdXRoX3VzZXJfYmFja2VuZCI6ImRqYW5nby5jb250cmliLmF1dGguYmFja2VuZHMuTW9kZWxCYWNrZW5kIiwiX2F1dGhfdXNlcl9oYXNoIjoiNzUyYzYzNTkwMzBmOGY2MTA0MzAyN2U0OTQ0ZTU0ZTJhYWY5YTYwZSIsIl9zZXNzaW9uX2V4cGlyeSI6MH0=','2018-07-02 03:37:53.596936'),('o2h2t9p2jewb6rxoofjhull7hykzkjf3','NTE5MGQzMGQzNjNlNTMwNDlkMDlhNWQxMGFiMDE2NGVmYzY1YzJjZTp7Il9hdXRoX3VzZXJfaWQiOiIxNyIsIl9hdXRoX3VzZXJfYmFja2VuZCI6ImRqYW5nby5jb250cmliLmF1dGguYmFja2VuZHMuTW9kZWxCYWNrZW5kIiwiX2F1dGhfdXNlcl9oYXNoIjoiNzQyYzNiZjNmZmJjMDc1NTlkNzcxYTgzNDgyNjk5YTE3YTY5MjZkYSIsIl9zZXNzaW9uX2V4cGlyeSI6MH0=','2018-06-29 15:49:15.288387'),('o6n7sjdibyatewcgbzu77itwklb7sl81','ZmFhZjlmNmM1NGU3ZmIzMzA0ZWE3NDc4NmI4OGQ0NDkxYjY1MzdmNjp7Il9hdXRoX3VzZXJfaWQiOiIxMyIsIl9hdXRoX3VzZXJfYmFja2VuZCI6ImRqYW5nby5jb250cmliLmF1dGguYmFja2VuZHMuTW9kZWxCYWNrZW5kIiwiX2F1dGhfdXNlcl9oYXNoIjoiZDZiZWNmNjBkZTdiZWU1NGJiNGRlZjhmYWQ4N2Y5MDM5N2YzZGJlOSIsIl9zZXNzaW9uX2V4cGlyeSI6MH0=','2018-07-13 07:08:05.301405'),('o7ev7nkc4uaaponttumv9rxzdgm4l5be','YmZhMzJlMDY5ZDExZTBlNjI3MWVhYmMzODJmZTcwYmI4ZWRkN2M0Zjp7Il9hdXRoX3VzZXJfaWQiOiIxIiwiX2F1dGhfdXNlcl9iYWNrZW5kIjoiZGphbmdvLmNvbnRyaWIuYXV0aC5iYWNrZW5kcy5Nb2RlbEJhY2tlbmQiLCJfYXV0aF91c2VyX2hhc2giOiI4Y2Q2NGEyMWVmNzcxNjUwMmQyNmJhMjljNTcwMGE5Mzk2YWM5NmY4IiwiX3Nlc3Npb25fZXhwaXJ5IjowfQ==','2018-07-07 08:48:06.783792'),('o94jaeibjutp33id6uf484m1hi7zqn4j','ZjgyZjhiY2M4OWU5NDY0ZDRmNzRkMmQ1YTE0YjAzNDYxNjk3OWFlYzp7Il9hdXRoX3VzZXJfaWQiOiIxMiIsIl9hdXRoX3VzZXJfYmFja2VuZCI6ImRqYW5nby5jb250cmliLmF1dGguYmFja2VuZHMuTW9kZWxCYWNrZW5kIiwiX2F1dGhfdXNlcl9oYXNoIjoiYmY1YjM1NmFhMTFlNDdkMmYyNTc4NjgxZmQ0NTI0OThhZjJiYTNmMCIsIl9zZXNzaW9uX2V4cGlyeSI6MTIwOTYwMH0=','2018-07-06 15:06:22.675251'),('oagwca8ey8egogj89unz5vzo4kjymrdb','NTE5MGQzMGQzNjNlNTMwNDlkMDlhNWQxMGFiMDE2NGVmYzY1YzJjZTp7Il9hdXRoX3VzZXJfaWQiOiIxNyIsIl9hdXRoX3VzZXJfYmFja2VuZCI6ImRqYW5nby5jb250cmliLmF1dGguYmFja2VuZHMuTW9kZWxCYWNrZW5kIiwiX2F1dGhfdXNlcl9oYXNoIjoiNzQyYzNiZjNmZmJjMDc1NTlkNzcxYTgzNDgyNjk5YTE3YTY5MjZkYSIsIl9zZXNzaW9uX2V4cGlyeSI6MH0=','2018-07-29 14:10:10.129178'),('oc5frou3n2x7h3wuh4qurafv8709u4bh','ZDgzYWE5MWJhNWIxYWY5MjQ5M2RiZjFkMDU0NjVhNTRhYTkwYmJhNTp7Il9hdXRoX3VzZXJfaWQiOiI3IiwiX2F1dGhfdXNlcl9iYWNrZW5kIjoiZGphbmdvLmNvbnRyaWIuYXV0aC5iYWNrZW5kcy5Nb2RlbEJhY2tlbmQiLCJfYXV0aF91c2VyX2hhc2giOiI5NGVmYWQ5MzY3NTcyZTAxZTk0ZjcyZWFkODY2NDk3YzQzZDcyOTcxIiwiX3Nlc3Npb25fZXhwaXJ5IjowfQ==','2018-07-16 12:55:04.794130'),('of0873sg3ijjee9iqts7hn2hgjsjy0rm','ZmFmNjQ0MjljNjNiNDYzNTdkMGJiOGRkZGJhNTMyNjgwOTU0ZWZhMjp7Il9hdXRoX3VzZXJfaWQiOiIxNCIsIl9hdXRoX3VzZXJfYmFja2VuZCI6ImRqYW5nby5jb250cmliLmF1dGguYmFja2VuZHMuTW9kZWxCYWNrZW5kIiwiX2F1dGhfdXNlcl9oYXNoIjoiYWVmMDYxZGU2ZDJhN2I2NzY1ZDBkYWEzNzllMWUyYjU2MWU5MjM0ZCIsIl9zZXNzaW9uX2V4cGlyeSI6MH0=','2018-07-12 03:44:36.847771'),('og75e4k27p4mihfppfnrnx8yl076efwi','ZTRhZWQ1NjIxMTBjNDllYmE0MGM0YzI1Mjk5YTIyY2MyMGNkMWE1NDp7Il9hdXRoX3VzZXJfaWQiOiIxNiIsIl9hdXRoX3VzZXJfYmFja2VuZCI6ImRqYW5nby5jb250cmliLmF1dGguYmFja2VuZHMuTW9kZWxCYWNrZW5kIiwiX2F1dGhfdXNlcl9oYXNoIjoiZTE1NGJhOGMxMTYyNTMwZDQ0OTQ2MDNlZTFlZGM2N2NmMzIxNWJkOSIsIl9zZXNzaW9uX2V4cGlyeSI6MH0=','2018-07-09 05:09:39.105200'),('oixbwcc0lgd210kdx9c04fg76km1zq5z','ZTRhZWQ1NjIxMTBjNDllYmE0MGM0YzI1Mjk5YTIyY2MyMGNkMWE1NDp7Il9hdXRoX3VzZXJfaWQiOiIxNiIsIl9hdXRoX3VzZXJfYmFja2VuZCI6ImRqYW5nby5jb250cmliLmF1dGguYmFja2VuZHMuTW9kZWxCYWNrZW5kIiwiX2F1dGhfdXNlcl9oYXNoIjoiZTE1NGJhOGMxMTYyNTMwZDQ0OTQ2MDNlZTFlZGM2N2NmMzIxNWJkOSIsIl9zZXNzaW9uX2V4cGlyeSI6MH0=','2018-07-20 10:46:16.400576'),('oj2y5motmfzzeyetcjpd9uvsse9gwyhy','YmZhMzJlMDY5ZDExZTBlNjI3MWVhYmMzODJmZTcwYmI4ZWRkN2M0Zjp7Il9hdXRoX3VzZXJfaWQiOiIxIiwiX2F1dGhfdXNlcl9iYWNrZW5kIjoiZGphbmdvLmNvbnRyaWIuYXV0aC5iYWNrZW5kcy5Nb2RlbEJhY2tlbmQiLCJfYXV0aF91c2VyX2hhc2giOiI4Y2Q2NGEyMWVmNzcxNjUwMmQyNmJhMjljNTcwMGE5Mzk2YWM5NmY4IiwiX3Nlc3Npb25fZXhwaXJ5IjowfQ==','2018-07-01 13:36:26.513477'),('ojvgyanrq1ls050ody1x76sixc3ta05r','NDY3ZjVjNGNiNDYyYmZkNzVkNTlmZWM0OGQ4MzA5N2Y1MjdkOTJmYjp7Il9hdXRoX3VzZXJfaWQiOiI2IiwiX2F1dGhfdXNlcl9iYWNrZW5kIjoiZGphbmdvLmNvbnRyaWIuYXV0aC5iYWNrZW5kcy5Nb2RlbEJhY2tlbmQiLCJfYXV0aF91c2VyX2hhc2giOiIxZTliMWNhMTMwMjk2YjU0ZTc3MzUyNThmYWZmY2Y5OGE0M2JjZmVkIiwiX3Nlc3Npb25fZXhwaXJ5IjowfQ==','2018-06-30 10:22:05.240571'),('ojxc6pr8jusn2049jzz3k0vsa51p78br','ZTRhZWQ1NjIxMTBjNDllYmE0MGM0YzI1Mjk5YTIyY2MyMGNkMWE1NDp7Il9hdXRoX3VzZXJfaWQiOiIxNiIsIl9hdXRoX3VzZXJfYmFja2VuZCI6ImRqYW5nby5jb250cmliLmF1dGguYmFja2VuZHMuTW9kZWxCYWNrZW5kIiwiX2F1dGhfdXNlcl9oYXNoIjoiZTE1NGJhOGMxMTYyNTMwZDQ0OTQ2MDNlZTFlZGM2N2NmMzIxNWJkOSIsIl9zZXNzaW9uX2V4cGlyeSI6MH0=','2018-07-16 14:08:23.909794'),('oq7uyix4szjfmx2a20hlj6773fcj6c87','ZTRhZWQ1NjIxMTBjNDllYmE0MGM0YzI1Mjk5YTIyY2MyMGNkMWE1NDp7Il9hdXRoX3VzZXJfaWQiOiIxNiIsIl9hdXRoX3VzZXJfYmFja2VuZCI6ImRqYW5nby5jb250cmliLmF1dGguYmFja2VuZHMuTW9kZWxCYWNrZW5kIiwiX2F1dGhfdXNlcl9oYXNoIjoiZTE1NGJhOGMxMTYyNTMwZDQ0OTQ2MDNlZTFlZGM2N2NmMzIxNWJkOSIsIl9zZXNzaW9uX2V4cGlyeSI6MH0=','2018-07-20 18:05:25.714891'),('p0k2tygd7jaqfrtpv3int3p38ji7crjv','NTE5MGQzMGQzNjNlNTMwNDlkMDlhNWQxMGFiMDE2NGVmYzY1YzJjZTp7Il9hdXRoX3VzZXJfaWQiOiIxNyIsIl9hdXRoX3VzZXJfYmFja2VuZCI6ImRqYW5nby5jb250cmliLmF1dGguYmFja2VuZHMuTW9kZWxCYWNrZW5kIiwiX2F1dGhfdXNlcl9oYXNoIjoiNzQyYzNiZjNmZmJjMDc1NTlkNzcxYTgzNDgyNjk5YTE3YTY5MjZkYSIsIl9zZXNzaW9uX2V4cGlyeSI6MH0=','2018-07-06 08:28:45.665732'),('p1o0bhc8fg3tsvmyo5rnl6jx8k7pby9z','OTMxNjY4ZjM4MjJjZTM5ZmUwMTE4ZTg2ZTVmNzhkNGZhYThlZDhjMzp7Il9hdXRoX3VzZXJfaWQiOiI5IiwiX2F1dGhfdXNlcl9iYWNrZW5kIjoiZGphbmdvLmNvbnRyaWIuYXV0aC5iYWNrZW5kcy5Nb2RlbEJhY2tlbmQiLCJfYXV0aF91c2VyX2hhc2giOiJhMWYxMTViZTEyODZkNjdjNTJmMmRmYmZlZWM4NWQ2ZTE0ZGE5ZDA3IiwiX3Nlc3Npb25fZXhwaXJ5IjowfQ==','2018-07-16 03:47:03.765935'),('p1zg6nhx3zywl3f6ig6ddet5jhghbekt','MTc1MTg0NTc4MTE0OGQ3NmE3YmNmYzdiZDc4YmVkODMxZTFiMWUwZTp7Il9hdXRoX3VzZXJfaWQiOiI4IiwiX2F1dGhfdXNlcl9iYWNrZW5kIjoiZGphbmdvLmNvbnRyaWIuYXV0aC5iYWNrZW5kcy5Nb2RlbEJhY2tlbmQiLCJfYXV0aF91c2VyX2hhc2giOiJhNzQ5OTFmZTk2M2I0YzZhY2E5MWNhMzBiYTNkMzJjOGYxYzhiZDk1IiwiX3Nlc3Npb25fZXhwaXJ5IjoxMjA5NjAwfQ==','2018-07-16 08:12:52.127367'),('p83i3gvjchzxo8w7p8f0g30nl1kt36ow','ZTg0MDgxNTA3ODE1OGNhZDNhMTY0MWZiMGU3N2MzYTY2OGZhZDQ1Mzp7Il9zZXNzaW9uX2V4cGlyeSI6MH0=','2018-07-01 16:08:52.213919'),('p8ua3yt3jjszdrsnpqtn31yapt4laue1','ZmFmNjQ0MjljNjNiNDYzNTdkMGJiOGRkZGJhNTMyNjgwOTU0ZWZhMjp7Il9hdXRoX3VzZXJfaWQiOiIxNCIsIl9hdXRoX3VzZXJfYmFja2VuZCI6ImRqYW5nby5jb250cmliLmF1dGguYmFja2VuZHMuTW9kZWxCYWNrZW5kIiwiX2F1dGhfdXNlcl9oYXNoIjoiYWVmMDYxZGU2ZDJhN2I2NzY1ZDBkYWEzNzllMWUyYjU2MWU5MjM0ZCIsIl9zZXNzaW9uX2V4cGlyeSI6MH0=','2018-07-24 15:27:33.368812'),('pa13k6wg09bdqrv6fycbofum48ky8prz','ZmFmNjQ0MjljNjNiNDYzNTdkMGJiOGRkZGJhNTMyNjgwOTU0ZWZhMjp7Il9hdXRoX3VzZXJfaWQiOiIxNCIsIl9hdXRoX3VzZXJfYmFja2VuZCI6ImRqYW5nby5jb250cmliLmF1dGguYmFja2VuZHMuTW9kZWxCYWNrZW5kIiwiX2F1dGhfdXNlcl9oYXNoIjoiYWVmMDYxZGU2ZDJhN2I2NzY1ZDBkYWEzNzllMWUyYjU2MWU5MjM0ZCIsIl9zZXNzaW9uX2V4cGlyeSI6MH0=','2018-06-30 12:42:34.184495'),('peduk7klikje5gyuwyig29u05dlwgdyc','ZmFmNjQ0MjljNjNiNDYzNTdkMGJiOGRkZGJhNTMyNjgwOTU0ZWZhMjp7Il9hdXRoX3VzZXJfaWQiOiIxNCIsIl9hdXRoX3VzZXJfYmFja2VuZCI6ImRqYW5nby5jb250cmliLmF1dGguYmFja2VuZHMuTW9kZWxCYWNrZW5kIiwiX2F1dGhfdXNlcl9oYXNoIjoiYWVmMDYxZGU2ZDJhN2I2NzY1ZDBkYWEzNzllMWUyYjU2MWU5MjM0ZCIsIl9zZXNzaW9uX2V4cGlyeSI6MH0=','2018-07-24 14:44:38.344495'),('pfa9cliczy3u5yd6edh2nqzp6mrqntf6','ZmFmNjQ0MjljNjNiNDYzNTdkMGJiOGRkZGJhNTMyNjgwOTU0ZWZhMjp7Il9hdXRoX3VzZXJfaWQiOiIxNCIsIl9hdXRoX3VzZXJfYmFja2VuZCI6ImRqYW5nby5jb250cmliLmF1dGguYmFja2VuZHMuTW9kZWxCYWNrZW5kIiwiX2F1dGhfdXNlcl9oYXNoIjoiYWVmMDYxZGU2ZDJhN2I2NzY1ZDBkYWEzNzllMWUyYjU2MWU5MjM0ZCIsIl9zZXNzaW9uX2V4cGlyeSI6MH0=','2018-07-07 12:25:39.539229'),('pj3u8z0ied1oyl9ir0mlnllqk8zp2cqz','ZTRhZWQ1NjIxMTBjNDllYmE0MGM0YzI1Mjk5YTIyY2MyMGNkMWE1NDp7Il9hdXRoX3VzZXJfaWQiOiIxNiIsIl9hdXRoX3VzZXJfYmFja2VuZCI6ImRqYW5nby5jb250cmliLmF1dGguYmFja2VuZHMuTW9kZWxCYWNrZW5kIiwiX2F1dGhfdXNlcl9oYXNoIjoiZTE1NGJhOGMxMTYyNTMwZDQ0OTQ2MDNlZTFlZGM2N2NmMzIxNWJkOSIsIl9zZXNzaW9uX2V4cGlyeSI6MH0=','2018-07-17 01:41:53.052223'),('pk5r3ezztlwgk8n9gaeeeut6gzk63ezi','OWRiZDI4NGY1ZmUyM2NiNThkZGY3NjY0MjhkMDVmMmNkNDA1OWYxMTp7Il9hdXRoX3VzZXJfaWQiOiIxMyIsIl9hdXRoX3VzZXJfYmFja2VuZCI6ImRqYW5nby5jb250cmliLmF1dGguYmFja2VuZHMuTW9kZWxCYWNrZW5kIiwiX2F1dGhfdXNlcl9oYXNoIjoiZDZiZWNmNjBkZTdiZWU1NGJiNGRlZjhmYWQ4N2Y5MDM5N2YzZGJlOSIsIl9zZXNzaW9uX2V4cGlyeSI6MTIwOTYwMH0=','2018-07-04 03:31:37.111251'),('pm2mbg4t59lpne5k99w229h2117wgphm','MGJmMzk0MjhlY2IwMmNmMzFmNzA2ZDY3MDEyYjA5NWZiY2ZiNDU3ZDp7Il9hdXRoX3VzZXJfaWQiOiIzIiwiX2F1dGhfdXNlcl9iYWNrZW5kIjoiZGphbmdvLmNvbnRyaWIuYXV0aC5iYWNrZW5kcy5Nb2RlbEJhY2tlbmQiLCJfYXV0aF91c2VyX2hhc2giOiJhNWUwMTI1NjMxZTNjOGVkZjc1N2Q4MzhhNDZlNTI2Yjk2MDY1Yzg5IiwiX3Nlc3Npb25fZXhwaXJ5IjowfQ==','2018-07-30 03:00:29.874607'),('q2y8egspmgnwtswhnoic9xe2cotk9d03','ZmFmNjQ0MjljNjNiNDYzNTdkMGJiOGRkZGJhNTMyNjgwOTU0ZWZhMjp7Il9hdXRoX3VzZXJfaWQiOiIxNCIsIl9hdXRoX3VzZXJfYmFja2VuZCI6ImRqYW5nby5jb250cmliLmF1dGguYmFja2VuZHMuTW9kZWxCYWNrZW5kIiwiX2F1dGhfdXNlcl9oYXNoIjoiYWVmMDYxZGU2ZDJhN2I2NzY1ZDBkYWEzNzllMWUyYjU2MWU5MjM0ZCIsIl9zZXNzaW9uX2V4cGlyeSI6MH0=','2018-07-11 03:18:32.431390'),('q33xdyjk86ewapkkmopm3xgpp0rsud91','ZjViNTI3NjFhYzM1OWViNTIyYjc2NWY1MTczMjg3N2VkYzVmNjFlMjp7Il9hdXRoX3VzZXJfaWQiOiIyIiwiX2F1dGhfdXNlcl9iYWNrZW5kIjoiZGphbmdvLmNvbnRyaWIuYXV0aC5iYWNrZW5kcy5Nb2RlbEJhY2tlbmQiLCJfYXV0aF91c2VyX2hhc2giOiI2YTY4Y2I3YmUxNTljY2Q5ODc1ZjJkNjg2YzJjMDI1YjU3NTQzZGM3IiwiX3Nlc3Npb25fZXhwaXJ5IjowfQ==','2018-07-02 03:45:08.241545'),('q4ltu6jzsz71c3nt6hdq60ugrnsdkbyr','YmZhMzJlMDY5ZDExZTBlNjI3MWVhYmMzODJmZTcwYmI4ZWRkN2M0Zjp7Il9hdXRoX3VzZXJfaWQiOiIxIiwiX2F1dGhfdXNlcl9iYWNrZW5kIjoiZGphbmdvLmNvbnRyaWIuYXV0aC5iYWNrZW5kcy5Nb2RlbEJhY2tlbmQiLCJfYXV0aF91c2VyX2hhc2giOiI4Y2Q2NGEyMWVmNzcxNjUwMmQyNmJhMjljNTcwMGE5Mzk2YWM5NmY4IiwiX3Nlc3Npb25fZXhwaXJ5IjowfQ==','2018-07-29 18:02:14.360911'),('q8f4sn5819k5vnghhrua226guccj87u5','YWI0NjEyMWRmODYwNTBjNGQ0ZjNkNDljMWJkZTA5MGJiNzJiNmRkYzp7Il9hdXRoX3VzZXJfaWQiOiIxNSIsIl9hdXRoX3VzZXJfYmFja2VuZCI6ImRqYW5nby5jb250cmliLmF1dGguYmFja2VuZHMuTW9kZWxCYWNrZW5kIiwiX2F1dGhfdXNlcl9oYXNoIjoiNzUyYzYzNTkwMzBmOGY2MTA0MzAyN2U0OTQ0ZTU0ZTJhYWY5YTYwZSIsIl9zZXNzaW9uX2V4cGlyeSI6MH0=','2018-07-05 14:49:43.332479'),('q9g0u481cw5tp3zvjsoh816nhwr0n4gv','ZTRhZWQ1NjIxMTBjNDllYmE0MGM0YzI1Mjk5YTIyY2MyMGNkMWE1NDp7Il9hdXRoX3VzZXJfaWQiOiIxNiIsIl9hdXRoX3VzZXJfYmFja2VuZCI6ImRqYW5nby5jb250cmliLmF1dGguYmFja2VuZHMuTW9kZWxCYWNrZW5kIiwiX2F1dGhfdXNlcl9oYXNoIjoiZTE1NGJhOGMxMTYyNTMwZDQ0OTQ2MDNlZTFlZGM2N2NmMzIxNWJkOSIsIl9zZXNzaW9uX2V4cGlyeSI6MH0=','2018-07-20 14:48:16.753938'),('qa105ktpis2n9tfpz05sg0l8zj4wj726','ZTRhZWQ1NjIxMTBjNDllYmE0MGM0YzI1Mjk5YTIyY2MyMGNkMWE1NDp7Il9hdXRoX3VzZXJfaWQiOiIxNiIsIl9hdXRoX3VzZXJfYmFja2VuZCI6ImRqYW5nby5jb250cmliLmF1dGguYmFja2VuZHMuTW9kZWxCYWNrZW5kIiwiX2F1dGhfdXNlcl9oYXNoIjoiZTE1NGJhOGMxMTYyNTMwZDQ0OTQ2MDNlZTFlZGM2N2NmMzIxNWJkOSIsIl9zZXNzaW9uX2V4cGlyeSI6MH0=','2018-07-23 14:58:20.196483'),('qbzqak4fquce1s5kr1zyizpl6mhoavbe','NDY3ZjVjNGNiNDYyYmZkNzVkNTlmZWM0OGQ4MzA5N2Y1MjdkOTJmYjp7Il9hdXRoX3VzZXJfaWQiOiI2IiwiX2F1dGhfdXNlcl9iYWNrZW5kIjoiZGphbmdvLmNvbnRyaWIuYXV0aC5iYWNrZW5kcy5Nb2RlbEJhY2tlbmQiLCJfYXV0aF91c2VyX2hhc2giOiIxZTliMWNhMTMwMjk2YjU0ZTc3MzUyNThmYWZmY2Y5OGE0M2JjZmVkIiwiX3Nlc3Npb25fZXhwaXJ5IjowfQ==','2018-07-02 08:14:24.279330'),('qfnri0qt6e3d3mxxk5c92okrw0uux1jd','NTdkODljYWZjYjczMTUwNTBiYTgyYmU3MGU2YWM3MDlhMjFiMDI1Mzp7Il9hdXRoX3VzZXJfaWQiOiI1IiwiX2F1dGhfdXNlcl9iYWNrZW5kIjoiZGphbmdvLmNvbnRyaWIuYXV0aC5iYWNrZW5kcy5Nb2RlbEJhY2tlbmQiLCJfYXV0aF91c2VyX2hhc2giOiI3YWYyYmFmMmRlZDZhYWNhY2Y5ZjBiMjhlZDk5NDIyYzZkZDA3MmQ1IiwiX3Nlc3Npb25fZXhwaXJ5IjowfQ==','2018-07-07 10:40:23.985936'),('qh9rnuq805yoevsx51ftec4bnz72wplj','NTVhZWMzNDkxMGZjMmRjZjA0ZjQwNWEzM2ZmM2Q4NDRiNTM4YTRhOTp7Il9hdXRoX3VzZXJfaWQiOiIxMiIsIl9hdXRoX3VzZXJfYmFja2VuZCI6ImRqYW5nby5jb250cmliLmF1dGguYmFja2VuZHMuTW9kZWxCYWNrZW5kIiwiX2F1dGhfdXNlcl9oYXNoIjoiYmY1YjM1NmFhMTFlNDdkMmYyNTc4NjgxZmQ0NTI0OThhZjJiYTNmMCIsIl9zZXNzaW9uX2V4cGlyeSI6MH0=','2018-07-29 04:56:24.628286'),('qlxhnao1cjfl72grvqtwb8kz4y91r2fs','ZTRhZWQ1NjIxMTBjNDllYmE0MGM0YzI1Mjk5YTIyY2MyMGNkMWE1NDp7Il9hdXRoX3VzZXJfaWQiOiIxNiIsIl9hdXRoX3VzZXJfYmFja2VuZCI6ImRqYW5nby5jb250cmliLmF1dGguYmFja2VuZHMuTW9kZWxCYWNrZW5kIiwiX2F1dGhfdXNlcl9oYXNoIjoiZTE1NGJhOGMxMTYyNTMwZDQ0OTQ2MDNlZTFlZGM2N2NmMzIxNWJkOSIsIl9zZXNzaW9uX2V4cGlyeSI6MH0=','2018-07-15 04:19:43.623152'),('qm1wbfecjicbincvown2v15m4urk07ni','ZmFmNjQ0MjljNjNiNDYzNTdkMGJiOGRkZGJhNTMyNjgwOTU0ZWZhMjp7Il9hdXRoX3VzZXJfaWQiOiIxNCIsIl9hdXRoX3VzZXJfYmFja2VuZCI6ImRqYW5nby5jb250cmliLmF1dGguYmFja2VuZHMuTW9kZWxCYWNrZW5kIiwiX2F1dGhfdXNlcl9oYXNoIjoiYWVmMDYxZGU2ZDJhN2I2NzY1ZDBkYWEzNzllMWUyYjU2MWU5MjM0ZCIsIl9zZXNzaW9uX2V4cGlyeSI6MH0=','2018-07-29 17:20:12.383755'),('qny0qpeenlqvmhx694zaeu3n93rfr6jr','NDY3ZjVjNGNiNDYyYmZkNzVkNTlmZWM0OGQ4MzA5N2Y1MjdkOTJmYjp7Il9hdXRoX3VzZXJfaWQiOiI2IiwiX2F1dGhfdXNlcl9iYWNrZW5kIjoiZGphbmdvLmNvbnRyaWIuYXV0aC5iYWNrZW5kcy5Nb2RlbEJhY2tlbmQiLCJfYXV0aF91c2VyX2hhc2giOiIxZTliMWNhMTMwMjk2YjU0ZTc3MzUyNThmYWZmY2Y5OGE0M2JjZmVkIiwiX3Nlc3Npb25fZXhwaXJ5IjowfQ==','2018-07-12 16:41:29.171268'),('qqnjywokl8bd7rxkjeakcpyn5l0voth9','YmZhMzJlMDY5ZDExZTBlNjI3MWVhYmMzODJmZTcwYmI4ZWRkN2M0Zjp7Il9hdXRoX3VzZXJfaWQiOiIxIiwiX2F1dGhfdXNlcl9iYWNrZW5kIjoiZGphbmdvLmNvbnRyaWIuYXV0aC5iYWNrZW5kcy5Nb2RlbEJhY2tlbmQiLCJfYXV0aF91c2VyX2hhc2giOiI4Y2Q2NGEyMWVmNzcxNjUwMmQyNmJhMjljNTcwMGE5Mzk2YWM5NmY4IiwiX3Nlc3Npb25fZXhwaXJ5IjowfQ==','2018-06-30 08:10:16.612420'),('qrcrlcwxdf877ao58fu6hrrd16gfv8st','MGJmMzk0MjhlY2IwMmNmMzFmNzA2ZDY3MDEyYjA5NWZiY2ZiNDU3ZDp7Il9hdXRoX3VzZXJfaWQiOiIzIiwiX2F1dGhfdXNlcl9iYWNrZW5kIjoiZGphbmdvLmNvbnRyaWIuYXV0aC5iYWNrZW5kcy5Nb2RlbEJhY2tlbmQiLCJfYXV0aF91c2VyX2hhc2giOiJhNWUwMTI1NjMxZTNjOGVkZjc1N2Q4MzhhNDZlNTI2Yjk2MDY1Yzg5IiwiX3Nlc3Npb25fZXhwaXJ5IjowfQ==','2018-07-25 16:09:38.307361'),('qwwkncv548ok6iw3swxhvfqdyhtxzb2n','ZjViNTI3NjFhYzM1OWViNTIyYjc2NWY1MTczMjg3N2VkYzVmNjFlMjp7Il9hdXRoX3VzZXJfaWQiOiIyIiwiX2F1dGhfdXNlcl9iYWNrZW5kIjoiZGphbmdvLmNvbnRyaWIuYXV0aC5iYWNrZW5kcy5Nb2RlbEJhY2tlbmQiLCJfYXV0aF91c2VyX2hhc2giOiI2YTY4Y2I3YmUxNTljY2Q5ODc1ZjJkNjg2YzJjMDI1YjU3NTQzZGM3IiwiX3Nlc3Npb25fZXhwaXJ5IjowfQ==','2018-07-17 13:36:56.161897'),('qxk2i1t247oco6fpg8b0rlbjr09ebf6e','MGJmMzk0MjhlY2IwMmNmMzFmNzA2ZDY3MDEyYjA5NWZiY2ZiNDU3ZDp7Il9hdXRoX3VzZXJfaWQiOiIzIiwiX2F1dGhfdXNlcl9iYWNrZW5kIjoiZGphbmdvLmNvbnRyaWIuYXV0aC5iYWNrZW5kcy5Nb2RlbEJhY2tlbmQiLCJfYXV0aF91c2VyX2hhc2giOiJhNWUwMTI1NjMxZTNjOGVkZjc1N2Q4MzhhNDZlNTI2Yjk2MDY1Yzg5IiwiX3Nlc3Npb25fZXhwaXJ5IjowfQ==','2018-07-17 13:30:57.117960'),('qyxhjz0q3gpo4rokuacj1cw0fajg2fmh','ZDgzYWE5MWJhNWIxYWY5MjQ5M2RiZjFkMDU0NjVhNTRhYTkwYmJhNTp7Il9hdXRoX3VzZXJfaWQiOiI3IiwiX2F1dGhfdXNlcl9iYWNrZW5kIjoiZGphbmdvLmNvbnRyaWIuYXV0aC5iYWNrZW5kcy5Nb2RlbEJhY2tlbmQiLCJfYXV0aF91c2VyX2hhc2giOiI5NGVmYWQ5MzY3NTcyZTAxZTk0ZjcyZWFkODY2NDk3YzQzZDcyOTcxIiwiX3Nlc3Npb25fZXhwaXJ5IjowfQ==','2018-07-24 09:15:49.305591'),('qzbhdgsdpikv9b71dtqa072366jjbqxa','ZmFmNjQ0MjljNjNiNDYzNTdkMGJiOGRkZGJhNTMyNjgwOTU0ZWZhMjp7Il9hdXRoX3VzZXJfaWQiOiIxNCIsIl9hdXRoX3VzZXJfYmFja2VuZCI6ImRqYW5nby5jb250cmliLmF1dGguYmFja2VuZHMuTW9kZWxCYWNrZW5kIiwiX2F1dGhfdXNlcl9oYXNoIjoiYWVmMDYxZGU2ZDJhN2I2NzY1ZDBkYWEzNzllMWUyYjU2MWU5MjM0ZCIsIl9zZXNzaW9uX2V4cGlyeSI6MH0=','2018-07-21 16:10:46.922212'),('r1sibfufhz19y1v5ortufzmgtun8vrk7','ZmFhZjlmNmM1NGU3ZmIzMzA0ZWE3NDc4NmI4OGQ0NDkxYjY1MzdmNjp7Il9hdXRoX3VzZXJfaWQiOiIxMyIsIl9hdXRoX3VzZXJfYmFja2VuZCI6ImRqYW5nby5jb250cmliLmF1dGguYmFja2VuZHMuTW9kZWxCYWNrZW5kIiwiX2F1dGhfdXNlcl9oYXNoIjoiZDZiZWNmNjBkZTdiZWU1NGJiNGRlZjhmYWQ4N2Y5MDM5N2YzZGJlOSIsIl9zZXNzaW9uX2V4cGlyeSI6MH0=','2018-07-28 10:57:45.582968'),('r347oh72ce4dtgwmcdjclnhsja26gr9y','ZmFmNjQ0MjljNjNiNDYzNTdkMGJiOGRkZGJhNTMyNjgwOTU0ZWZhMjp7Il9hdXRoX3VzZXJfaWQiOiIxNCIsIl9hdXRoX3VzZXJfYmFja2VuZCI6ImRqYW5nby5jb250cmliLmF1dGguYmFja2VuZHMuTW9kZWxCYWNrZW5kIiwiX2F1dGhfdXNlcl9oYXNoIjoiYWVmMDYxZGU2ZDJhN2I2NzY1ZDBkYWEzNzllMWUyYjU2MWU5MjM0ZCIsIl9zZXNzaW9uX2V4cGlyeSI6MH0=','2018-07-29 14:12:07.870766'),('r3vtonkqq709lpp3s7noud5zq61w2wbt','YWI0NjEyMWRmODYwNTBjNGQ0ZjNkNDljMWJkZTA5MGJiNzJiNmRkYzp7Il9hdXRoX3VzZXJfaWQiOiIxNSIsIl9hdXRoX3VzZXJfYmFja2VuZCI6ImRqYW5nby5jb250cmliLmF1dGguYmFja2VuZHMuTW9kZWxCYWNrZW5kIiwiX2F1dGhfdXNlcl9oYXNoIjoiNzUyYzYzNTkwMzBmOGY2MTA0MzAyN2U0OTQ0ZTU0ZTJhYWY5YTYwZSIsIl9zZXNzaW9uX2V4cGlyeSI6MH0=','2018-07-25 20:24:37.349393'),('r3vx3c2o8m3izfm6r64g5y9oafjrgfy0','ZmFmNjQ0MjljNjNiNDYzNTdkMGJiOGRkZGJhNTMyNjgwOTU0ZWZhMjp7Il9hdXRoX3VzZXJfaWQiOiIxNCIsIl9hdXRoX3VzZXJfYmFja2VuZCI6ImRqYW5nby5jb250cmliLmF1dGguYmFja2VuZHMuTW9kZWxCYWNrZW5kIiwiX2F1dGhfdXNlcl9oYXNoIjoiYWVmMDYxZGU2ZDJhN2I2NzY1ZDBkYWEzNzllMWUyYjU2MWU5MjM0ZCIsIl9zZXNzaW9uX2V4cGlyeSI6MH0=','2018-07-28 11:00:11.495523'),('r95ih8cz1qgntl7k0e5flefqc99491hr','ZmFmNjQ0MjljNjNiNDYzNTdkMGJiOGRkZGJhNTMyNjgwOTU0ZWZhMjp7Il9hdXRoX3VzZXJfaWQiOiIxNCIsIl9hdXRoX3VzZXJfYmFja2VuZCI6ImRqYW5nby5jb250cmliLmF1dGguYmFja2VuZHMuTW9kZWxCYWNrZW5kIiwiX2F1dGhfdXNlcl9oYXNoIjoiYWVmMDYxZGU2ZDJhN2I2NzY1ZDBkYWEzNzllMWUyYjU2MWU5MjM0ZCIsIl9zZXNzaW9uX2V4cGlyeSI6MH0=','2018-07-21 13:30:35.978855'),('rag7mobmrdt4vr99co72fq260n546h5u','NTdkODljYWZjYjczMTUwNTBiYTgyYmU3MGU2YWM3MDlhMjFiMDI1Mzp7Il9hdXRoX3VzZXJfaWQiOiI1IiwiX2F1dGhfdXNlcl9iYWNrZW5kIjoiZGphbmdvLmNvbnRyaWIuYXV0aC5iYWNrZW5kcy5Nb2RlbEJhY2tlbmQiLCJfYXV0aF91c2VyX2hhc2giOiI3YWYyYmFmMmRlZDZhYWNhY2Y5ZjBiMjhlZDk5NDIyYzZkZDA3MmQ1IiwiX3Nlc3Npb25fZXhwaXJ5IjowfQ==','2018-07-05 17:00:21.121517'),('rk4hu082jrradwvi0a0eb9joljstxv3k','ZmFmNjQ0MjljNjNiNDYzNTdkMGJiOGRkZGJhNTMyNjgwOTU0ZWZhMjp7Il9hdXRoX3VzZXJfaWQiOiIxNCIsIl9hdXRoX3VzZXJfYmFja2VuZCI6ImRqYW5nby5jb250cmliLmF1dGguYmFja2VuZHMuTW9kZWxCYWNrZW5kIiwiX2F1dGhfdXNlcl9oYXNoIjoiYWVmMDYxZGU2ZDJhN2I2NzY1ZDBkYWEzNzllMWUyYjU2MWU5MjM0ZCIsIl9zZXNzaW9uX2V4cGlyeSI6MH0=','2018-07-17 17:17:31.442791'),('rky9gtnqty5gjl26w8awmm1g9n56kv3g','ZmFmNjQ0MjljNjNiNDYzNTdkMGJiOGRkZGJhNTMyNjgwOTU0ZWZhMjp7Il9hdXRoX3VzZXJfaWQiOiIxNCIsIl9hdXRoX3VzZXJfYmFja2VuZCI6ImRqYW5nby5jb250cmliLmF1dGguYmFja2VuZHMuTW9kZWxCYWNrZW5kIiwiX2F1dGhfdXNlcl9oYXNoIjoiYWVmMDYxZGU2ZDJhN2I2NzY1ZDBkYWEzNzllMWUyYjU2MWU5MjM0ZCIsIl9zZXNzaW9uX2V4cGlyeSI6MH0=','2018-07-23 14:37:52.524963'),('rn6yg3tlngo8ed4dg8opjn3z0ryc570o','ZmFmNjQ0MjljNjNiNDYzNTdkMGJiOGRkZGJhNTMyNjgwOTU0ZWZhMjp7Il9hdXRoX3VzZXJfaWQiOiIxNCIsIl9hdXRoX3VzZXJfYmFja2VuZCI6ImRqYW5nby5jb250cmliLmF1dGguYmFja2VuZHMuTW9kZWxCYWNrZW5kIiwiX2F1dGhfdXNlcl9oYXNoIjoiYWVmMDYxZGU2ZDJhN2I2NzY1ZDBkYWEzNzllMWUyYjU2MWU5MjM0ZCIsIl9zZXNzaW9uX2V4cGlyeSI6MH0=','2018-07-17 03:34:51.420691'),('rnmbfam99aoz9ei5yrnwwarjkgs3xgug','YmZhMzJlMDY5ZDExZTBlNjI3MWVhYmMzODJmZTcwYmI4ZWRkN2M0Zjp7Il9hdXRoX3VzZXJfaWQiOiIxIiwiX2F1dGhfdXNlcl9iYWNrZW5kIjoiZGphbmdvLmNvbnRyaWIuYXV0aC5iYWNrZW5kcy5Nb2RlbEJhY2tlbmQiLCJfYXV0aF91c2VyX2hhc2giOiI4Y2Q2NGEyMWVmNzcxNjUwMmQyNmJhMjljNTcwMGE5Mzk2YWM5NmY4IiwiX3Nlc3Npb25fZXhwaXJ5IjowfQ==','2018-07-07 06:50:53.470382'),('rp7uoxjtel9o9yn44bvnkvgbn8lsqorq','ZmFmNjQ0MjljNjNiNDYzNTdkMGJiOGRkZGJhNTMyNjgwOTU0ZWZhMjp7Il9hdXRoX3VzZXJfaWQiOiIxNCIsIl9hdXRoX3VzZXJfYmFja2VuZCI6ImRqYW5nby5jb250cmliLmF1dGguYmFja2VuZHMuTW9kZWxCYWNrZW5kIiwiX2F1dGhfdXNlcl9oYXNoIjoiYWVmMDYxZGU2ZDJhN2I2NzY1ZDBkYWEzNzllMWUyYjU2MWU5MjM0ZCIsIl9zZXNzaW9uX2V4cGlyeSI6MH0=','2018-07-02 03:43:06.739782'),('rql1xsas8nq5z1wzoo4l7w7by3ptkwh6','ZTRhZWQ1NjIxMTBjNDllYmE0MGM0YzI1Mjk5YTIyY2MyMGNkMWE1NDp7Il9hdXRoX3VzZXJfaWQiOiIxNiIsIl9hdXRoX3VzZXJfYmFja2VuZCI6ImRqYW5nby5jb250cmliLmF1dGguYmFja2VuZHMuTW9kZWxCYWNrZW5kIiwiX2F1dGhfdXNlcl9oYXNoIjoiZTE1NGJhOGMxMTYyNTMwZDQ0OTQ2MDNlZTFlZGM2N2NmMzIxNWJkOSIsIl9zZXNzaW9uX2V4cGlyeSI6MH0=','2018-07-05 20:12:51.975714'),('rt7xhks0e3shnz3z7o9xdfcqebzi61q5','YmZhMzJlMDY5ZDExZTBlNjI3MWVhYmMzODJmZTcwYmI4ZWRkN2M0Zjp7Il9hdXRoX3VzZXJfaWQiOiIxIiwiX2F1dGhfdXNlcl9iYWNrZW5kIjoiZGphbmdvLmNvbnRyaWIuYXV0aC5iYWNrZW5kcy5Nb2RlbEJhY2tlbmQiLCJfYXV0aF91c2VyX2hhc2giOiI4Y2Q2NGEyMWVmNzcxNjUwMmQyNmJhMjljNTcwMGE5Mzk2YWM5NmY4IiwiX3Nlc3Npb25fZXhwaXJ5IjowfQ==','2018-07-01 18:43:33.250807'),('ru44z9r49r7b1rj7f6pfc12albdrq846','NDY3ZjVjNGNiNDYyYmZkNzVkNTlmZWM0OGQ4MzA5N2Y1MjdkOTJmYjp7Il9hdXRoX3VzZXJfaWQiOiI2IiwiX2F1dGhfdXNlcl9iYWNrZW5kIjoiZGphbmdvLmNvbnRyaWIuYXV0aC5iYWNrZW5kcy5Nb2RlbEJhY2tlbmQiLCJfYXV0aF91c2VyX2hhc2giOiIxZTliMWNhMTMwMjk2YjU0ZTc3MzUyNThmYWZmY2Y5OGE0M2JjZmVkIiwiX3Nlc3Npb25fZXhwaXJ5IjowfQ==','2018-07-17 03:20:35.316594'),('rufurkh5oqyywtt467nk2t902su8gd63','MGJmMzk0MjhlY2IwMmNmMzFmNzA2ZDY3MDEyYjA5NWZiY2ZiNDU3ZDp7Il9hdXRoX3VzZXJfaWQiOiIzIiwiX2F1dGhfdXNlcl9iYWNrZW5kIjoiZGphbmdvLmNvbnRyaWIuYXV0aC5iYWNrZW5kcy5Nb2RlbEJhY2tlbmQiLCJfYXV0aF91c2VyX2hhc2giOiJhNWUwMTI1NjMxZTNjOGVkZjc1N2Q4MzhhNDZlNTI2Yjk2MDY1Yzg5IiwiX3Nlc3Npb25fZXhwaXJ5IjowfQ==','2018-07-09 15:33:25.036796'),('ruticr9muqokipng9146z9e3a3fnpjkt','ZmFhZjlmNmM1NGU3ZmIzMzA0ZWE3NDc4NmI4OGQ0NDkxYjY1MzdmNjp7Il9hdXRoX3VzZXJfaWQiOiIxMyIsIl9hdXRoX3VzZXJfYmFja2VuZCI6ImRqYW5nby5jb250cmliLmF1dGguYmFja2VuZHMuTW9kZWxCYWNrZW5kIiwiX2F1dGhfdXNlcl9oYXNoIjoiZDZiZWNmNjBkZTdiZWU1NGJiNGRlZjhmYWQ4N2Y5MDM5N2YzZGJlOSIsIl9zZXNzaW9uX2V4cGlyeSI6MH0=','2018-07-25 17:07:38.024669'),('rxdul9pry0e9av7lodckos0hroveachs','ZTRhZWQ1NjIxMTBjNDllYmE0MGM0YzI1Mjk5YTIyY2MyMGNkMWE1NDp7Il9hdXRoX3VzZXJfaWQiOiIxNiIsIl9hdXRoX3VzZXJfYmFja2VuZCI6ImRqYW5nby5jb250cmliLmF1dGguYmFja2VuZHMuTW9kZWxCYWNrZW5kIiwiX2F1dGhfdXNlcl9oYXNoIjoiZTE1NGJhOGMxMTYyNTMwZDQ0OTQ2MDNlZTFlZGM2N2NmMzIxNWJkOSIsIl9zZXNzaW9uX2V4cGlyeSI6MH0=','2018-07-08 15:28:20.155970'),('rxezr0cflkhizhzy2d67kli873gj6jdl','MGJmMzk0MjhlY2IwMmNmMzFmNzA2ZDY3MDEyYjA5NWZiY2ZiNDU3ZDp7Il9hdXRoX3VzZXJfaWQiOiIzIiwiX2F1dGhfdXNlcl9iYWNrZW5kIjoiZGphbmdvLmNvbnRyaWIuYXV0aC5iYWNrZW5kcy5Nb2RlbEJhY2tlbmQiLCJfYXV0aF91c2VyX2hhc2giOiJhNWUwMTI1NjMxZTNjOGVkZjc1N2Q4MzhhNDZlNTI2Yjk2MDY1Yzg5IiwiX3Nlc3Npb25fZXhwaXJ5IjowfQ==','2018-07-07 09:13:34.456278'),('rypky01inr70y0k2h6b7gvr9o6b3j7oc','ZjY5NDU2M2I4Njc1MDVmNjAxMDJmN2VkMDRlNTNiY2JlMzljYjI1Mjp7Il9hdXRoX3VzZXJfaWQiOiIxMSIsIl9hdXRoX3VzZXJfYmFja2VuZCI6ImRqYW5nby5jb250cmliLmF1dGguYmFja2VuZHMuTW9kZWxCYWNrZW5kIiwiX2F1dGhfdXNlcl9oYXNoIjoiODgwZDM5MmI3NDM1ZDA0M2I0NjU2ZjZmODU5NmQxNzBhMGEwYjRjYSIsIl9zZXNzaW9uX2V4cGlyeSI6MH0=','2018-07-21 12:33:55.343922'),('s19c6jy8ptqxt6d6117qwh3lnalwsaa0','MGJmMzk0MjhlY2IwMmNmMzFmNzA2ZDY3MDEyYjA5NWZiY2ZiNDU3ZDp7Il9hdXRoX3VzZXJfaWQiOiIzIiwiX2F1dGhfdXNlcl9iYWNrZW5kIjoiZGphbmdvLmNvbnRyaWIuYXV0aC5iYWNrZW5kcy5Nb2RlbEJhY2tlbmQiLCJfYXV0aF91c2VyX2hhc2giOiJhNWUwMTI1NjMxZTNjOGVkZjc1N2Q4MzhhNDZlNTI2Yjk2MDY1Yzg5IiwiX3Nlc3Npb25fZXhwaXJ5IjowfQ==','2018-07-14 11:37:54.122161'),('s35qux24hbrw9tu20slis7jxyr6cnctk','MGJmMzk0MjhlY2IwMmNmMzFmNzA2ZDY3MDEyYjA5NWZiY2ZiNDU3ZDp7Il9hdXRoX3VzZXJfaWQiOiIzIiwiX2F1dGhfdXNlcl9iYWNrZW5kIjoiZGphbmdvLmNvbnRyaWIuYXV0aC5iYWNrZW5kcy5Nb2RlbEJhY2tlbmQiLCJfYXV0aF91c2VyX2hhc2giOiJhNWUwMTI1NjMxZTNjOGVkZjc1N2Q4MzhhNDZlNTI2Yjk2MDY1Yzg5IiwiX3Nlc3Npb25fZXhwaXJ5IjowfQ==','2018-07-07 11:15:13.268480'),('s4q2zf1mlhrv5zyyw0ee52v8gi95rd9g','YmZhMzJlMDY5ZDExZTBlNjI3MWVhYmMzODJmZTcwYmI4ZWRkN2M0Zjp7Il9hdXRoX3VzZXJfaWQiOiIxIiwiX2F1dGhfdXNlcl9iYWNrZW5kIjoiZGphbmdvLmNvbnRyaWIuYXV0aC5iYWNrZW5kcy5Nb2RlbEJhY2tlbmQiLCJfYXV0aF91c2VyX2hhc2giOiI4Y2Q2NGEyMWVmNzcxNjUwMmQyNmJhMjljNTcwMGE5Mzk2YWM5NmY4IiwiX3Nlc3Npb25fZXhwaXJ5IjowfQ==','2018-07-11 01:12:48.028106'),('s4u77jlet2k5kfv244zzwvqk7vzz7wz2','ZmVlMDA0ZjMyZGJjMmQ4OWQ2ZTIxNGQyYmMyNzdmNDI5NTY0YjcwMDp7Il9hdXRoX3VzZXJfaWQiOiIxMCIsIl9hdXRoX3VzZXJfYmFja2VuZCI6ImRqYW5nby5jb250cmliLmF1dGguYmFja2VuZHMuTW9kZWxCYWNrZW5kIiwiX2F1dGhfdXNlcl9oYXNoIjoiZDk5OWIyMjQzYzRkNzFmMDQ5NmRlYzliYmY0YTY4NzIwZTYxMTE3YiIsIl9zZXNzaW9uX2V4cGlyeSI6MH0=','2018-07-15 13:34:55.536174'),('s6jjwqz2radr09cxtktjaq4t35zxm47k','YmZhMzJlMDY5ZDExZTBlNjI3MWVhYmMzODJmZTcwYmI4ZWRkN2M0Zjp7Il9hdXRoX3VzZXJfaWQiOiIxIiwiX2F1dGhfdXNlcl9iYWNrZW5kIjoiZGphbmdvLmNvbnRyaWIuYXV0aC5iYWNrZW5kcy5Nb2RlbEJhY2tlbmQiLCJfYXV0aF91c2VyX2hhc2giOiI4Y2Q2NGEyMWVmNzcxNjUwMmQyNmJhMjljNTcwMGE5Mzk2YWM5NmY4IiwiX3Nlc3Npb25fZXhwaXJ5IjowfQ==','2018-07-16 13:18:00.351733'),('sb7utph3plpr7aikd2papurrw4ouk6nx','ZDgzYWE5MWJhNWIxYWY5MjQ5M2RiZjFkMDU0NjVhNTRhYTkwYmJhNTp7Il9hdXRoX3VzZXJfaWQiOiI3IiwiX2F1dGhfdXNlcl9iYWNrZW5kIjoiZGphbmdvLmNvbnRyaWIuYXV0aC5iYWNrZW5kcy5Nb2RlbEJhY2tlbmQiLCJfYXV0aF91c2VyX2hhc2giOiI5NGVmYWQ5MzY3NTcyZTAxZTk0ZjcyZWFkODY2NDk3YzQzZDcyOTcxIiwiX3Nlc3Npb25fZXhwaXJ5IjowfQ==','2018-07-09 15:18:18.109147'),('sbsqqsptjq5ss6r5kj9upgtw7bslh5rx','NDY3ZjVjNGNiNDYyYmZkNzVkNTlmZWM0OGQ4MzA5N2Y1MjdkOTJmYjp7Il9hdXRoX3VzZXJfaWQiOiI2IiwiX2F1dGhfdXNlcl9iYWNrZW5kIjoiZGphbmdvLmNvbnRyaWIuYXV0aC5iYWNrZW5kcy5Nb2RlbEJhY2tlbmQiLCJfYXV0aF91c2VyX2hhc2giOiIxZTliMWNhMTMwMjk2YjU0ZTc3MzUyNThmYWZmY2Y5OGE0M2JjZmVkIiwiX3Nlc3Npb25fZXhwaXJ5IjowfQ==','2018-07-08 14:08:02.872995'),('scnoxfsplfrtp0gubojcg8wj3aojb4i2','ZDgzYWE5MWJhNWIxYWY5MjQ5M2RiZjFkMDU0NjVhNTRhYTkwYmJhNTp7Il9hdXRoX3VzZXJfaWQiOiI3IiwiX2F1dGhfdXNlcl9iYWNrZW5kIjoiZGphbmdvLmNvbnRyaWIuYXV0aC5iYWNrZW5kcy5Nb2RlbEJhY2tlbmQiLCJfYXV0aF91c2VyX2hhc2giOiI5NGVmYWQ5MzY3NTcyZTAxZTk0ZjcyZWFkODY2NDk3YzQzZDcyOTcxIiwiX3Nlc3Npb25fZXhwaXJ5IjowfQ==','2018-07-30 07:11:15.370375'),('shps7h4gxb12jmuddlng93oti3phbw5x','YTI3YTdhYTAzZDUwMDNlOWZmOWRiZmRkMTAxYWE3N2E0NmU3YzZiODp7Il9hdXRoX3VzZXJfaWQiOiI4IiwiX2F1dGhfdXNlcl9iYWNrZW5kIjoiZGphbmdvLmNvbnRyaWIuYXV0aC5iYWNrZW5kcy5Nb2RlbEJhY2tlbmQiLCJfYXV0aF91c2VyX2hhc2giOiJhNzQ5OTFmZTk2M2I0YzZhY2E5MWNhMzBiYTNkMzJjOGYxYzhiZDk1IiwiX3Nlc3Npb25fZXhwaXJ5IjowfQ==','2018-06-29 15:30:42.293420'),('skxnbnmmbabmkq9aapy43fo91qqcqt7g','YmZhMzJlMDY5ZDExZTBlNjI3MWVhYmMzODJmZTcwYmI4ZWRkN2M0Zjp7Il9hdXRoX3VzZXJfaWQiOiIxIiwiX2F1dGhfdXNlcl9iYWNrZW5kIjoiZGphbmdvLmNvbnRyaWIuYXV0aC5iYWNrZW5kcy5Nb2RlbEJhY2tlbmQiLCJfYXV0aF91c2VyX2hhc2giOiI4Y2Q2NGEyMWVmNzcxNjUwMmQyNmJhMjljNTcwMGE5Mzk2YWM5NmY4IiwiX3Nlc3Npb25fZXhwaXJ5IjowfQ==','2018-07-29 14:24:43.936667'),('slz8i0lz16r5puuygl4nhekvyh6a3l6a','ZmFmNjQ0MjljNjNiNDYzNTdkMGJiOGRkZGJhNTMyNjgwOTU0ZWZhMjp7Il9hdXRoX3VzZXJfaWQiOiIxNCIsIl9hdXRoX3VzZXJfYmFja2VuZCI6ImRqYW5nby5jb250cmliLmF1dGguYmFja2VuZHMuTW9kZWxCYWNrZW5kIiwiX2F1dGhfdXNlcl9oYXNoIjoiYWVmMDYxZGU2ZDJhN2I2NzY1ZDBkYWEzNzllMWUyYjU2MWU5MjM0ZCIsIl9zZXNzaW9uX2V4cGlyeSI6MH0=','2018-07-23 05:54:09.856101'),('svoinod61f6t0v7a1849w3of2p59bfs9','ZTRhZWQ1NjIxMTBjNDllYmE0MGM0YzI1Mjk5YTIyY2MyMGNkMWE1NDp7Il9hdXRoX3VzZXJfaWQiOiIxNiIsIl9hdXRoX3VzZXJfYmFja2VuZCI6ImRqYW5nby5jb250cmliLmF1dGguYmFja2VuZHMuTW9kZWxCYWNrZW5kIiwiX2F1dGhfdXNlcl9oYXNoIjoiZTE1NGJhOGMxMTYyNTMwZDQ0OTQ2MDNlZTFlZGM2N2NmMzIxNWJkOSIsIl9zZXNzaW9uX2V4cGlyeSI6MH0=','2018-07-24 14:30:55.019057'),('swdw628gfvgf53m4zcxgp31tagncahmh','ZmFmNjQ0MjljNjNiNDYzNTdkMGJiOGRkZGJhNTMyNjgwOTU0ZWZhMjp7Il9hdXRoX3VzZXJfaWQiOiIxNCIsIl9hdXRoX3VzZXJfYmFja2VuZCI6ImRqYW5nby5jb250cmliLmF1dGguYmFja2VuZHMuTW9kZWxCYWNrZW5kIiwiX2F1dGhfdXNlcl9oYXNoIjoiYWVmMDYxZGU2ZDJhN2I2NzY1ZDBkYWEzNzllMWUyYjU2MWU5MjM0ZCIsIl9zZXNzaW9uX2V4cGlyeSI6MH0=','2018-07-26 05:22:14.972823'),('sxn4oqubleyuwxlnynx5xijf9tj3vjcv','ZmFmNjQ0MjljNjNiNDYzNTdkMGJiOGRkZGJhNTMyNjgwOTU0ZWZhMjp7Il9hdXRoX3VzZXJfaWQiOiIxNCIsIl9hdXRoX3VzZXJfYmFja2VuZCI6ImRqYW5nby5jb250cmliLmF1dGguYmFja2VuZHMuTW9kZWxCYWNrZW5kIiwiX2F1dGhfdXNlcl9oYXNoIjoiYWVmMDYxZGU2ZDJhN2I2NzY1ZDBkYWEzNzllMWUyYjU2MWU5MjM0ZCIsIl9zZXNzaW9uX2V4cGlyeSI6MH0=','2018-07-07 04:59:20.399485'),('t09k9qlbr21ev1kamqp3zr8rwtswan61','MGJmMzk0MjhlY2IwMmNmMzFmNzA2ZDY3MDEyYjA5NWZiY2ZiNDU3ZDp7Il9hdXRoX3VzZXJfaWQiOiIzIiwiX2F1dGhfdXNlcl9iYWNrZW5kIjoiZGphbmdvLmNvbnRyaWIuYXV0aC5iYWNrZW5kcy5Nb2RlbEJhY2tlbmQiLCJfYXV0aF91c2VyX2hhc2giOiJhNWUwMTI1NjMxZTNjOGVkZjc1N2Q4MzhhNDZlNTI2Yjk2MDY1Yzg5IiwiX3Nlc3Npb25fZXhwaXJ5IjowfQ==','2018-07-02 17:58:32.701976'),('t3zpuiglbas6htd1f4pksi791j385frs','YmZhMzJlMDY5ZDExZTBlNjI3MWVhYmMzODJmZTcwYmI4ZWRkN2M0Zjp7Il9hdXRoX3VzZXJfaWQiOiIxIiwiX2F1dGhfdXNlcl9iYWNrZW5kIjoiZGphbmdvLmNvbnRyaWIuYXV0aC5iYWNrZW5kcy5Nb2RlbEJhY2tlbmQiLCJfYXV0aF91c2VyX2hhc2giOiI4Y2Q2NGEyMWVmNzcxNjUwMmQyNmJhMjljNTcwMGE5Mzk2YWM5NmY4IiwiX3Nlc3Npb25fZXhwaXJ5IjowfQ==','2018-07-08 17:14:05.250863'),('t52qr4i8rnvhglotydbt4mjpwlojr40o','ZDgzYWE5MWJhNWIxYWY5MjQ5M2RiZjFkMDU0NjVhNTRhYTkwYmJhNTp7Il9hdXRoX3VzZXJfaWQiOiI3IiwiX2F1dGhfdXNlcl9iYWNrZW5kIjoiZGphbmdvLmNvbnRyaWIuYXV0aC5iYWNrZW5kcy5Nb2RlbEJhY2tlbmQiLCJfYXV0aF91c2VyX2hhc2giOiI5NGVmYWQ5MzY3NTcyZTAxZTk0ZjcyZWFkODY2NDk3YzQzZDcyOTcxIiwiX3Nlc3Npb25fZXhwaXJ5IjowfQ==','2018-07-25 15:29:06.333745'),('t5391udi1ptwqmtx9i431d1sfl7q4724','YmZhMzJlMDY5ZDExZTBlNjI3MWVhYmMzODJmZTcwYmI4ZWRkN2M0Zjp7Il9hdXRoX3VzZXJfaWQiOiIxIiwiX2F1dGhfdXNlcl9iYWNrZW5kIjoiZGphbmdvLmNvbnRyaWIuYXV0aC5iYWNrZW5kcy5Nb2RlbEJhY2tlbmQiLCJfYXV0aF91c2VyX2hhc2giOiI4Y2Q2NGEyMWVmNzcxNjUwMmQyNmJhMjljNTcwMGE5Mzk2YWM5NmY4IiwiX3Nlc3Npb25fZXhwaXJ5IjowfQ==','2018-07-09 15:49:02.887499'),('t8twb79s5r1v6lnkk8n4sghxc60hgzox','ZmFmNjQ0MjljNjNiNDYzNTdkMGJiOGRkZGJhNTMyNjgwOTU0ZWZhMjp7Il9hdXRoX3VzZXJfaWQiOiIxNCIsIl9hdXRoX3VzZXJfYmFja2VuZCI6ImRqYW5nby5jb250cmliLmF1dGguYmFja2VuZHMuTW9kZWxCYWNrZW5kIiwiX2F1dGhfdXNlcl9oYXNoIjoiYWVmMDYxZGU2ZDJhN2I2NzY1ZDBkYWEzNzllMWUyYjU2MWU5MjM0ZCIsIl9zZXNzaW9uX2V4cGlyeSI6MH0=','2018-07-06 14:18:14.582238'),('t9mdkz4ehxqam29tr01klck937f8467r','ZTRhZWQ1NjIxMTBjNDllYmE0MGM0YzI1Mjk5YTIyY2MyMGNkMWE1NDp7Il9hdXRoX3VzZXJfaWQiOiIxNiIsIl9hdXRoX3VzZXJfYmFja2VuZCI6ImRqYW5nby5jb250cmliLmF1dGguYmFja2VuZHMuTW9kZWxCYWNrZW5kIiwiX2F1dGhfdXNlcl9oYXNoIjoiZTE1NGJhOGMxMTYyNTMwZDQ0OTQ2MDNlZTFlZGM2N2NmMzIxNWJkOSIsIl9zZXNzaW9uX2V4cGlyeSI6MH0=','2018-07-18 02:45:44.778224'),('tf13m6l1nllqi2wss50rhjec4hw72rtb','YmZhMzJlMDY5ZDExZTBlNjI3MWVhYmMzODJmZTcwYmI4ZWRkN2M0Zjp7Il9hdXRoX3VzZXJfaWQiOiIxIiwiX2F1dGhfdXNlcl9iYWNrZW5kIjoiZGphbmdvLmNvbnRyaWIuYXV0aC5iYWNrZW5kcy5Nb2RlbEJhY2tlbmQiLCJfYXV0aF91c2VyX2hhc2giOiI4Y2Q2NGEyMWVmNzcxNjUwMmQyNmJhMjljNTcwMGE5Mzk2YWM5NmY4IiwiX3Nlc3Npb25fZXhwaXJ5IjowfQ==','2018-07-15 15:59:41.855040'),('ti1j8qydegv9q3tt154fhls5d1567mmt','NDY3ZjVjNGNiNDYyYmZkNzVkNTlmZWM0OGQ4MzA5N2Y1MjdkOTJmYjp7Il9hdXRoX3VzZXJfaWQiOiI2IiwiX2F1dGhfdXNlcl9iYWNrZW5kIjoiZGphbmdvLmNvbnRyaWIuYXV0aC5iYWNrZW5kcy5Nb2RlbEJhY2tlbmQiLCJfYXV0aF91c2VyX2hhc2giOiIxZTliMWNhMTMwMjk2YjU0ZTc3MzUyNThmYWZmY2Y5OGE0M2JjZmVkIiwiX3Nlc3Npb25fZXhwaXJ5IjowfQ==','2018-07-16 13:44:03.503120'),('ti6cy4c0048z6fti8tmcgx8xkxwo1urb','YmZhMzJlMDY5ZDExZTBlNjI3MWVhYmMzODJmZTcwYmI4ZWRkN2M0Zjp7Il9hdXRoX3VzZXJfaWQiOiIxIiwiX2F1dGhfdXNlcl9iYWNrZW5kIjoiZGphbmdvLmNvbnRyaWIuYXV0aC5iYWNrZW5kcy5Nb2RlbEJhY2tlbmQiLCJfYXV0aF91c2VyX2hhc2giOiI4Y2Q2NGEyMWVmNzcxNjUwMmQyNmJhMjljNTcwMGE5Mzk2YWM5NmY4IiwiX3Nlc3Npb25fZXhwaXJ5IjowfQ==','2018-07-14 16:07:13.687276'),('tnyuuympg93qn1g5m8pfbsifw1em0riw','NTE5MGQzMGQzNjNlNTMwNDlkMDlhNWQxMGFiMDE2NGVmYzY1YzJjZTp7Il9hdXRoX3VzZXJfaWQiOiIxNyIsIl9hdXRoX3VzZXJfYmFja2VuZCI6ImRqYW5nby5jb250cmliLmF1dGguYmFja2VuZHMuTW9kZWxCYWNrZW5kIiwiX2F1dGhfdXNlcl9oYXNoIjoiNzQyYzNiZjNmZmJjMDc1NTlkNzcxYTgzNDgyNjk5YTE3YTY5MjZkYSIsIl9zZXNzaW9uX2V4cGlyeSI6MH0=','2018-07-24 12:57:41.139148'),('toyir0v76f6ozzmjrt2p794w97cq2iq5','MGJmMzk0MjhlY2IwMmNmMzFmNzA2ZDY3MDEyYjA5NWZiY2ZiNDU3ZDp7Il9hdXRoX3VzZXJfaWQiOiIzIiwiX2F1dGhfdXNlcl9iYWNrZW5kIjoiZGphbmdvLmNvbnRyaWIuYXV0aC5iYWNrZW5kcy5Nb2RlbEJhY2tlbmQiLCJfYXV0aF91c2VyX2hhc2giOiJhNWUwMTI1NjMxZTNjOGVkZjc1N2Q4MzhhNDZlNTI2Yjk2MDY1Yzg5IiwiX3Nlc3Npb25fZXhwaXJ5IjowfQ==','2018-07-15 14:26:59.247501'),('tpwp0a0850lorp453miw31kvlklr8l93','ZmFmNjQ0MjljNjNiNDYzNTdkMGJiOGRkZGJhNTMyNjgwOTU0ZWZhMjp7Il9hdXRoX3VzZXJfaWQiOiIxNCIsIl9hdXRoX3VzZXJfYmFja2VuZCI6ImRqYW5nby5jb250cmliLmF1dGguYmFja2VuZHMuTW9kZWxCYWNrZW5kIiwiX2F1dGhfdXNlcl9oYXNoIjoiYWVmMDYxZGU2ZDJhN2I2NzY1ZDBkYWEzNzllMWUyYjU2MWU5MjM0ZCIsIl9zZXNzaW9uX2V4cGlyeSI6MH0=','2018-07-24 13:34:45.874639'),('tq1zxiht2oe5q0d1vzt49jcydykxxuiu','NDY3ZjVjNGNiNDYyYmZkNzVkNTlmZWM0OGQ4MzA5N2Y1MjdkOTJmYjp7Il9hdXRoX3VzZXJfaWQiOiI2IiwiX2F1dGhfdXNlcl9iYWNrZW5kIjoiZGphbmdvLmNvbnRyaWIuYXV0aC5iYWNrZW5kcy5Nb2RlbEJhY2tlbmQiLCJfYXV0aF91c2VyX2hhc2giOiIxZTliMWNhMTMwMjk2YjU0ZTc3MzUyNThmYWZmY2Y5OGE0M2JjZmVkIiwiX3Nlc3Npb25fZXhwaXJ5IjowfQ==','2018-06-30 17:13:22.012055'),('tqbx953rnrk6hss8sl9a455p4efe1nha','NWJjMDFiNGRiOWVhNjczZTVlNTgyMTc4YTlhMmQ4NjQyNTU5NWE1MTp7Il9hdXRoX3VzZXJfaWQiOiIyIiwiX2F1dGhfdXNlcl9iYWNrZW5kIjoiZGphbmdvLmNvbnRyaWIuYXV0aC5iYWNrZW5kcy5Nb2RlbEJhY2tlbmQiLCJfYXV0aF91c2VyX2hhc2giOiI2YTY4Y2I3YmUxNTljY2Q5ODc1ZjJkNjg2YzJjMDI1YjU3NTQzZGM3IiwiX3Nlc3Npb25fZXhwaXJ5IjoxMjA5NjAwfQ==','2018-07-24 12:50:56.504465'),('tt0n1yg4ik4t1tqmj2eqpwi335kqy3x4','MGJmMzk0MjhlY2IwMmNmMzFmNzA2ZDY3MDEyYjA5NWZiY2ZiNDU3ZDp7Il9hdXRoX3VzZXJfaWQiOiIzIiwiX2F1dGhfdXNlcl9iYWNrZW5kIjoiZGphbmdvLmNvbnRyaWIuYXV0aC5iYWNrZW5kcy5Nb2RlbEJhY2tlbmQiLCJfYXV0aF91c2VyX2hhc2giOiJhNWUwMTI1NjMxZTNjOGVkZjc1N2Q4MzhhNDZlNTI2Yjk2MDY1Yzg5IiwiX3Nlc3Npb25fZXhwaXJ5IjowfQ==','2018-07-29 14:25:39.498431'),('tx2uur5qf26pjn9nmoi7i2g9a7l3s75o','NDY3ZjVjNGNiNDYyYmZkNzVkNTlmZWM0OGQ4MzA5N2Y1MjdkOTJmYjp7Il9hdXRoX3VzZXJfaWQiOiI2IiwiX2F1dGhfdXNlcl9iYWNrZW5kIjoiZGphbmdvLmNvbnRyaWIuYXV0aC5iYWNrZW5kcy5Nb2RlbEJhY2tlbmQiLCJfYXV0aF91c2VyX2hhc2giOiIxZTliMWNhMTMwMjk2YjU0ZTc3MzUyNThmYWZmY2Y5OGE0M2JjZmVkIiwiX3Nlc3Npb25fZXhwaXJ5IjowfQ==','2018-07-15 13:53:33.965714'),('tyvik7cc2ueetdzudbd3kj8h37x3ni89','ZTRhZWQ1NjIxMTBjNDllYmE0MGM0YzI1Mjk5YTIyY2MyMGNkMWE1NDp7Il9hdXRoX3VzZXJfaWQiOiIxNiIsIl9hdXRoX3VzZXJfYmFja2VuZCI6ImRqYW5nby5jb250cmliLmF1dGguYmFja2VuZHMuTW9kZWxCYWNrZW5kIiwiX2F1dGhfdXNlcl9oYXNoIjoiZTE1NGJhOGMxMTYyNTMwZDQ0OTQ2MDNlZTFlZGM2N2NmMzIxNWJkOSIsIl9zZXNzaW9uX2V4cGlyeSI6MH0=','2018-07-15 13:33:23.449600'),('tzp7elbe2grw4to6mlh65tmexxzsj95i','MGJmMzk0MjhlY2IwMmNmMzFmNzA2ZDY3MDEyYjA5NWZiY2ZiNDU3ZDp7Il9hdXRoX3VzZXJfaWQiOiIzIiwiX2F1dGhfdXNlcl9iYWNrZW5kIjoiZGphbmdvLmNvbnRyaWIuYXV0aC5iYWNrZW5kcy5Nb2RlbEJhY2tlbmQiLCJfYXV0aF91c2VyX2hhc2giOiJhNWUwMTI1NjMxZTNjOGVkZjc1N2Q4MzhhNDZlNTI2Yjk2MDY1Yzg5IiwiX3Nlc3Npb25fZXhwaXJ5IjowfQ==','2018-07-20 16:19:02.587204'),('u64t6943r370fpnuath2anpp5ag03bu4','ZmFmNjQ0MjljNjNiNDYzNTdkMGJiOGRkZGJhNTMyNjgwOTU0ZWZhMjp7Il9hdXRoX3VzZXJfaWQiOiIxNCIsIl9hdXRoX3VzZXJfYmFja2VuZCI6ImRqYW5nby5jb250cmliLmF1dGguYmFja2VuZHMuTW9kZWxCYWNrZW5kIiwiX2F1dGhfdXNlcl9oYXNoIjoiYWVmMDYxZGU2ZDJhN2I2NzY1ZDBkYWEzNzllMWUyYjU2MWU5MjM0ZCIsIl9zZXNzaW9uX2V4cGlyeSI6MH0=','2018-06-30 04:58:20.730763'),('uezcnnwzel061kxcoxl7dad8rd4useqp','ZmFmNjQ0MjljNjNiNDYzNTdkMGJiOGRkZGJhNTMyNjgwOTU0ZWZhMjp7Il9hdXRoX3VzZXJfaWQiOiIxNCIsIl9hdXRoX3VzZXJfYmFja2VuZCI6ImRqYW5nby5jb250cmliLmF1dGguYmFja2VuZHMuTW9kZWxCYWNrZW5kIiwiX2F1dGhfdXNlcl9oYXNoIjoiYWVmMDYxZGU2ZDJhN2I2NzY1ZDBkYWEzNzllMWUyYjU2MWU5MjM0ZCIsIl9zZXNzaW9uX2V4cGlyeSI6MH0=','2018-07-03 03:23:08.718684'),('ufgj50xen2td8mcv211o9vf619xa1mcq','NDY3ZjVjNGNiNDYyYmZkNzVkNTlmZWM0OGQ4MzA5N2Y1MjdkOTJmYjp7Il9hdXRoX3VzZXJfaWQiOiI2IiwiX2F1dGhfdXNlcl9iYWNrZW5kIjoiZGphbmdvLmNvbnRyaWIuYXV0aC5iYWNrZW5kcy5Nb2RlbEJhY2tlbmQiLCJfYXV0aF91c2VyX2hhc2giOiIxZTliMWNhMTMwMjk2YjU0ZTc3MzUyNThmYWZmY2Y5OGE0M2JjZmVkIiwiX3Nlc3Npb25fZXhwaXJ5IjowfQ==','2018-07-20 12:22:06.434312'),('ufscq66s9rqhz4b9ffbzf5fw1oq1zg7m','NzRkMDc2YzNhNGFlMWJhNWE5OTIyNGZlMGRiYjk5YzFjYjQzMzY0Zjp7Il9hdXRoX3VzZXJfaWQiOiIxMCIsIl9hdXRoX3VzZXJfYmFja2VuZCI6ImRqYW5nby5jb250cmliLmF1dGguYmFja2VuZHMuTW9kZWxCYWNrZW5kIiwiX2F1dGhfdXNlcl9oYXNoIjoiZDk5OWIyMjQzYzRkNzFmMDQ5NmRlYzliYmY0YTY4NzIwZTYxMTE3YiIsIl9zZXNzaW9uX2V4cGlyeSI6MTIwOTYwMH0=','2018-07-16 03:47:04.207033'),('ugyd3u1hpkjp3rrws9tbwqd6sdbnm517','ZDgzYWE5MWJhNWIxYWY5MjQ5M2RiZjFkMDU0NjVhNTRhYTkwYmJhNTp7Il9hdXRoX3VzZXJfaWQiOiI3IiwiX2F1dGhfdXNlcl9iYWNrZW5kIjoiZGphbmdvLmNvbnRyaWIuYXV0aC5iYWNrZW5kcy5Nb2RlbEJhY2tlbmQiLCJfYXV0aF91c2VyX2hhc2giOiI5NGVmYWQ5MzY3NTcyZTAxZTk0ZjcyZWFkODY2NDk3YzQzZDcyOTcxIiwiX3Nlc3Npb25fZXhwaXJ5IjowfQ==','2018-07-08 15:17:09.235450'),('uh4ylpp8zxr6b6edfinjxqhy825917ew','ZTRhZWQ1NjIxMTBjNDllYmE0MGM0YzI1Mjk5YTIyY2MyMGNkMWE1NDp7Il9hdXRoX3VzZXJfaWQiOiIxNiIsIl9hdXRoX3VzZXJfYmFja2VuZCI6ImRqYW5nby5jb250cmliLmF1dGguYmFja2VuZHMuTW9kZWxCYWNrZW5kIiwiX2F1dGhfdXNlcl9oYXNoIjoiZTE1NGJhOGMxMTYyNTMwZDQ0OTQ2MDNlZTFlZGM2N2NmMzIxNWJkOSIsIl9zZXNzaW9uX2V4cGlyeSI6MH0=','2018-07-09 18:17:53.442988'),('uhv4zjb3kmcfs6fyngtdezn840w44v2b','ZDgzYWE5MWJhNWIxYWY5MjQ5M2RiZjFkMDU0NjVhNTRhYTkwYmJhNTp7Il9hdXRoX3VzZXJfaWQiOiI3IiwiX2F1dGhfdXNlcl9iYWNrZW5kIjoiZGphbmdvLmNvbnRyaWIuYXV0aC5iYWNrZW5kcy5Nb2RlbEJhY2tlbmQiLCJfYXV0aF91c2VyX2hhc2giOiI5NGVmYWQ5MzY3NTcyZTAxZTk0ZjcyZWFkODY2NDk3YzQzZDcyOTcxIiwiX3Nlc3Npb25fZXhwaXJ5IjowfQ==','2018-07-15 12:45:31.659563'),('uke56gm1filepsdilerzpo3auz201fdz','MTJkMTJmYWU1ZmM1YzY4ZjQ5NTA2YzJmMjViNWZhM2NlODYwN2NlMDp7Il9hdXRoX3VzZXJfaWQiOiIxMSIsIl9hdXRoX3VzZXJfYmFja2VuZCI6ImRqYW5nby5jb250cmliLmF1dGguYmFja2VuZHMuTW9kZWxCYWNrZW5kIiwiX2F1dGhfdXNlcl9oYXNoIjoiODgwZDM5MmI3NDM1ZDA0M2I0NjU2ZjZmODU5NmQxNzBhMGEwYjRjYSIsIl9zZXNzaW9uX2V4cGlyeSI6MTIwOTYwMH0=','2018-07-16 03:50:33.562846'),('uku1o83uzrxgf6kgnj6ja91qrvvcsqvo','MTc1MTg0NTc4MTE0OGQ3NmE3YmNmYzdiZDc4YmVkODMxZTFiMWUwZTp7Il9hdXRoX3VzZXJfaWQiOiI4IiwiX2F1dGhfdXNlcl9iYWNrZW5kIjoiZGphbmdvLmNvbnRyaWIuYXV0aC5iYWNrZW5kcy5Nb2RlbEJhY2tlbmQiLCJfYXV0aF91c2VyX2hhc2giOiJhNzQ5OTFmZTk2M2I0YzZhY2E5MWNhMzBiYTNkMzJjOGYxYzhiZDk1IiwiX3Nlc3Npb25fZXhwaXJ5IjoxMjA5NjAwfQ==','2018-07-08 12:53:30.175399'),('un52sz4bd312s5q1axje7wngrxhpv362','ZDgzYWE5MWJhNWIxYWY5MjQ5M2RiZjFkMDU0NjVhNTRhYTkwYmJhNTp7Il9hdXRoX3VzZXJfaWQiOiI3IiwiX2F1dGhfdXNlcl9iYWNrZW5kIjoiZGphbmdvLmNvbnRyaWIuYXV0aC5iYWNrZW5kcy5Nb2RlbEJhY2tlbmQiLCJfYXV0aF91c2VyX2hhc2giOiI5NGVmYWQ5MzY3NTcyZTAxZTk0ZjcyZWFkODY2NDk3YzQzZDcyOTcxIiwiX3Nlc3Npb25fZXhwaXJ5IjowfQ==','2018-07-11 06:46:08.153566'),('unrs7d8ob4o67e1xuh49o1ou8gjk8ct8','NjBhMWM2NjE3M2JjY2EzNzJkNWRhZmVhMGU1NjE3MmIxMjI3MjM2NDp7Il9hdXRoX3VzZXJfaWQiOiIxNyIsIl9hdXRoX3VzZXJfYmFja2VuZCI6ImRqYW5nby5jb250cmliLmF1dGguYmFja2VuZHMuTW9kZWxCYWNrZW5kIiwiX2F1dGhfdXNlcl9oYXNoIjoiNzQyYzNiZjNmZmJjMDc1NTlkNzcxYTgzNDgyNjk5YTE3YTY5MjZkYSIsIl9zZXNzaW9uX2V4cGlyeSI6MTIwOTYwMH0=','2018-07-15 13:50:18.518148'),('urdumw5j4epv3erq1d81aktex4ja9j8f','ZTRhZWQ1NjIxMTBjNDllYmE0MGM0YzI1Mjk5YTIyY2MyMGNkMWE1NDp7Il9hdXRoX3VzZXJfaWQiOiIxNiIsIl9hdXRoX3VzZXJfYmFja2VuZCI6ImRqYW5nby5jb250cmliLmF1dGguYmFja2VuZHMuTW9kZWxCYWNrZW5kIiwiX2F1dGhfdXNlcl9oYXNoIjoiZTE1NGJhOGMxMTYyNTMwZDQ0OTQ2MDNlZTFlZGM2N2NmMzIxNWJkOSIsIl9zZXNzaW9uX2V4cGlyeSI6MH0=','2018-06-30 15:01:45.909249'),('usiip0fxio844q6t72sn08tecyzi62ai','MGJmMzk0MjhlY2IwMmNmMzFmNzA2ZDY3MDEyYjA5NWZiY2ZiNDU3ZDp7Il9hdXRoX3VzZXJfaWQiOiIzIiwiX2F1dGhfdXNlcl9iYWNrZW5kIjoiZGphbmdvLmNvbnRyaWIuYXV0aC5iYWNrZW5kcy5Nb2RlbEJhY2tlbmQiLCJfYXV0aF91c2VyX2hhc2giOiJhNWUwMTI1NjMxZTNjOGVkZjc1N2Q4MzhhNDZlNTI2Yjk2MDY1Yzg5IiwiX3Nlc3Npb25fZXhwaXJ5IjowfQ==','2018-07-25 02:25:27.542494'),('uthvljhka1n2be2c3ujoupob19azrobp','NTdkODljYWZjYjczMTUwNTBiYTgyYmU3MGU2YWM3MDlhMjFiMDI1Mzp7Il9hdXRoX3VzZXJfaWQiOiI1IiwiX2F1dGhfdXNlcl9iYWNrZW5kIjoiZGphbmdvLmNvbnRyaWIuYXV0aC5iYWNrZW5kcy5Nb2RlbEJhY2tlbmQiLCJfYXV0aF91c2VyX2hhc2giOiI3YWYyYmFmMmRlZDZhYWNhY2Y5ZjBiMjhlZDk5NDIyYzZkZDA3MmQ1IiwiX3Nlc3Npb25fZXhwaXJ5IjowfQ==','2018-07-08 14:57:18.507996'),('uw0pglohnr4tcnqan6nsq6ubnc7zulm6','NzRkMDc2YzNhNGFlMWJhNWE5OTIyNGZlMGRiYjk5YzFjYjQzMzY0Zjp7Il9hdXRoX3VzZXJfaWQiOiIxMCIsIl9hdXRoX3VzZXJfYmFja2VuZCI6ImRqYW5nby5jb250cmliLmF1dGguYmFja2VuZHMuTW9kZWxCYWNrZW5kIiwiX2F1dGhfdXNlcl9oYXNoIjoiZDk5OWIyMjQzYzRkNzFmMDQ5NmRlYzliYmY0YTY4NzIwZTYxMTE3YiIsIl9zZXNzaW9uX2V4cGlyeSI6MTIwOTYwMH0=','2018-06-29 22:56:44.834689'),('uyz6ws02tjzqlpii0t7sxrizxj52324y','NDY3ZjVjNGNiNDYyYmZkNzVkNTlmZWM0OGQ4MzA5N2Y1MjdkOTJmYjp7Il9hdXRoX3VzZXJfaWQiOiI2IiwiX2F1dGhfdXNlcl9iYWNrZW5kIjoiZGphbmdvLmNvbnRyaWIuYXV0aC5iYWNrZW5kcy5Nb2RlbEJhY2tlbmQiLCJfYXV0aF91c2VyX2hhc2giOiIxZTliMWNhMTMwMjk2YjU0ZTc3MzUyNThmYWZmY2Y5OGE0M2JjZmVkIiwiX3Nlc3Npb25fZXhwaXJ5IjowfQ==','2018-07-20 14:54:14.306504'),('uzk43nj9xtikos5uam3d51cj8q4tvngp','NTE5MGQzMGQzNjNlNTMwNDlkMDlhNWQxMGFiMDE2NGVmYzY1YzJjZTp7Il9hdXRoX3VzZXJfaWQiOiIxNyIsIl9hdXRoX3VzZXJfYmFja2VuZCI6ImRqYW5nby5jb250cmliLmF1dGguYmFja2VuZHMuTW9kZWxCYWNrZW5kIiwiX2F1dGhfdXNlcl9oYXNoIjoiNzQyYzNiZjNmZmJjMDc1NTlkNzcxYTgzNDgyNjk5YTE3YTY5MjZkYSIsIl9zZXNzaW9uX2V4cGlyeSI6MH0=','2018-07-01 09:31:32.803249'),('v6qvua0gqtv2kazfmot76iqx10fth4wm','NDY3ZjVjNGNiNDYyYmZkNzVkNTlmZWM0OGQ4MzA5N2Y1MjdkOTJmYjp7Il9hdXRoX3VzZXJfaWQiOiI2IiwiX2F1dGhfdXNlcl9iYWNrZW5kIjoiZGphbmdvLmNvbnRyaWIuYXV0aC5iYWNrZW5kcy5Nb2RlbEJhY2tlbmQiLCJfYXV0aF91c2VyX2hhc2giOiIxZTliMWNhMTMwMjk2YjU0ZTc3MzUyNThmYWZmY2Y5OGE0M2JjZmVkIiwiX3Nlc3Npb25fZXhwaXJ5IjowfQ==','2018-07-06 16:18:21.251271'),('vdqb5n27bekqokop4n6lmotmiz95n0w4','ZDgzYWE5MWJhNWIxYWY5MjQ5M2RiZjFkMDU0NjVhNTRhYTkwYmJhNTp7Il9hdXRoX3VzZXJfaWQiOiI3IiwiX2F1dGhfdXNlcl9iYWNrZW5kIjoiZGphbmdvLmNvbnRyaWIuYXV0aC5iYWNrZW5kcy5Nb2RlbEJhY2tlbmQiLCJfYXV0aF91c2VyX2hhc2giOiI5NGVmYWQ5MzY3NTcyZTAxZTk0ZjcyZWFkODY2NDk3YzQzZDcyOTcxIiwiX3Nlc3Npb25fZXhwaXJ5IjowfQ==','2018-07-01 08:51:20.459298'),('vh8340g5qandmvmu971rh3rlvfm52uqx','NzRkMDc2YzNhNGFlMWJhNWE5OTIyNGZlMGRiYjk5YzFjYjQzMzY0Zjp7Il9hdXRoX3VzZXJfaWQiOiIxMCIsIl9hdXRoX3VzZXJfYmFja2VuZCI6ImRqYW5nby5jb250cmliLmF1dGguYmFja2VuZHMuTW9kZWxCYWNrZW5kIiwiX2F1dGhfdXNlcl9oYXNoIjoiZDk5OWIyMjQzYzRkNzFmMDQ5NmRlYzliYmY0YTY4NzIwZTYxMTE3YiIsIl9zZXNzaW9uX2V4cGlyeSI6MTIwOTYwMH0=','2018-07-15 23:59:35.470492'),('vivjc4rushm8k1omah7w7dknv3xr3nua','ZTRhZWQ1NjIxMTBjNDllYmE0MGM0YzI1Mjk5YTIyY2MyMGNkMWE1NDp7Il9hdXRoX3VzZXJfaWQiOiIxNiIsIl9hdXRoX3VzZXJfYmFja2VuZCI6ImRqYW5nby5jb250cmliLmF1dGguYmFja2VuZHMuTW9kZWxCYWNrZW5kIiwiX2F1dGhfdXNlcl9oYXNoIjoiZTE1NGJhOGMxMTYyNTMwZDQ0OTQ2MDNlZTFlZGM2N2NmMzIxNWJkOSIsIl9zZXNzaW9uX2V4cGlyeSI6MH0=','2018-07-21 06:12:49.865783'),('vjj3czjstscv6ywljtf7gc16grie61jz','NDY3ZjVjNGNiNDYyYmZkNzVkNTlmZWM0OGQ4MzA5N2Y1MjdkOTJmYjp7Il9hdXRoX3VzZXJfaWQiOiI2IiwiX2F1dGhfdXNlcl9iYWNrZW5kIjoiZGphbmdvLmNvbnRyaWIuYXV0aC5iYWNrZW5kcy5Nb2RlbEJhY2tlbmQiLCJfYXV0aF91c2VyX2hhc2giOiIxZTliMWNhMTMwMjk2YjU0ZTc3MzUyNThmYWZmY2Y5OGE0M2JjZmVkIiwiX3Nlc3Npb25fZXhwaXJ5IjowfQ==','2018-07-09 17:13:07.146420'),('vlxot381nylg4s6g9g18x6wdy7plleyd','NDY3ZjVjNGNiNDYyYmZkNzVkNTlmZWM0OGQ4MzA5N2Y1MjdkOTJmYjp7Il9hdXRoX3VzZXJfaWQiOiI2IiwiX2F1dGhfdXNlcl9iYWNrZW5kIjoiZGphbmdvLmNvbnRyaWIuYXV0aC5iYWNrZW5kcy5Nb2RlbEJhY2tlbmQiLCJfYXV0aF91c2VyX2hhc2giOiIxZTliMWNhMTMwMjk2YjU0ZTc3MzUyNThmYWZmY2Y5OGE0M2JjZmVkIiwiX3Nlc3Npb25fZXhwaXJ5IjowfQ==','2018-07-16 16:01:38.679199'),('vmsg8ogrpauw8868dkyw5ujxgzl9kkr1','ZmFmNjQ0MjljNjNiNDYzNTdkMGJiOGRkZGJhNTMyNjgwOTU0ZWZhMjp7Il9hdXRoX3VzZXJfaWQiOiIxNCIsIl9hdXRoX3VzZXJfYmFja2VuZCI6ImRqYW5nby5jb250cmliLmF1dGguYmFja2VuZHMuTW9kZWxCYWNrZW5kIiwiX2F1dGhfdXNlcl9oYXNoIjoiYWVmMDYxZGU2ZDJhN2I2NzY1ZDBkYWEzNzllMWUyYjU2MWU5MjM0ZCIsIl9zZXNzaW9uX2V4cGlyeSI6MH0=','2018-07-23 14:37:52.143599'),('vnbn0pmemf60cbxxhwhuudv3hg1gljxw','ZTRhZWQ1NjIxMTBjNDllYmE0MGM0YzI1Mjk5YTIyY2MyMGNkMWE1NDp7Il9hdXRoX3VzZXJfaWQiOiIxNiIsIl9hdXRoX3VzZXJfYmFja2VuZCI6ImRqYW5nby5jb250cmliLmF1dGguYmFja2VuZHMuTW9kZWxCYWNrZW5kIiwiX2F1dGhfdXNlcl9oYXNoIjoiZTE1NGJhOGMxMTYyNTMwZDQ0OTQ2MDNlZTFlZGM2N2NmMzIxNWJkOSIsIl9zZXNzaW9uX2V4cGlyeSI6MH0=','2018-07-18 19:12:57.813776'),('vpn69elu9sxr7zslo3k8kivbc40p8iqa','ZmFmNjQ0MjljNjNiNDYzNTdkMGJiOGRkZGJhNTMyNjgwOTU0ZWZhMjp7Il9hdXRoX3VzZXJfaWQiOiIxNCIsIl9hdXRoX3VzZXJfYmFja2VuZCI6ImRqYW5nby5jb250cmliLmF1dGguYmFja2VuZHMuTW9kZWxCYWNrZW5kIiwiX2F1dGhfdXNlcl9oYXNoIjoiYWVmMDYxZGU2ZDJhN2I2NzY1ZDBkYWEzNzllMWUyYjU2MWU5MjM0ZCIsIl9zZXNzaW9uX2V4cGlyeSI6MH0=','2018-07-05 17:07:15.719041'),('vpw3ktlup63u2bo3aakovijux8f51xjm','NTE5MGQzMGQzNjNlNTMwNDlkMDlhNWQxMGFiMDE2NGVmYzY1YzJjZTp7Il9hdXRoX3VzZXJfaWQiOiIxNyIsIl9hdXRoX3VzZXJfYmFja2VuZCI6ImRqYW5nby5jb250cmliLmF1dGguYmFja2VuZHMuTW9kZWxCYWNrZW5kIiwiX2F1dGhfdXNlcl9oYXNoIjoiNzQyYzNiZjNmZmJjMDc1NTlkNzcxYTgzNDgyNjk5YTE3YTY5MjZkYSIsIl9zZXNzaW9uX2V4cGlyeSI6MH0=','2018-07-18 04:21:36.464737'),('vtwohrjyvu9xyiizj2100bnijxylsa2f','NTdkODljYWZjYjczMTUwNTBiYTgyYmU3MGU2YWM3MDlhMjFiMDI1Mzp7Il9hdXRoX3VzZXJfaWQiOiI1IiwiX2F1dGhfdXNlcl9iYWNrZW5kIjoiZGphbmdvLmNvbnRyaWIuYXV0aC5iYWNrZW5kcy5Nb2RlbEJhY2tlbmQiLCJfYXV0aF91c2VyX2hhc2giOiI3YWYyYmFmMmRlZDZhYWNhY2Y5ZjBiMjhlZDk5NDIyYzZkZDA3MmQ1IiwiX3Nlc3Npb25fZXhwaXJ5IjowfQ==','2018-07-07 23:48:20.972918'),('vumng8sro4ep4jdkxfrpifd0npit8gpv','ZmFmNjQ0MjljNjNiNDYzNTdkMGJiOGRkZGJhNTMyNjgwOTU0ZWZhMjp7Il9hdXRoX3VzZXJfaWQiOiIxNCIsIl9hdXRoX3VzZXJfYmFja2VuZCI6ImRqYW5nby5jb250cmliLmF1dGguYmFja2VuZHMuTW9kZWxCYWNrZW5kIiwiX2F1dGhfdXNlcl9oYXNoIjoiYWVmMDYxZGU2ZDJhN2I2NzY1ZDBkYWEzNzllMWUyYjU2MWU5MjM0ZCIsIl9zZXNzaW9uX2V4cGlyeSI6MH0=','2018-07-02 13:45:32.297909'),('vwxivx6gkprp471uad24gfv6k74ai7ag','ZTRhZWQ1NjIxMTBjNDllYmE0MGM0YzI1Mjk5YTIyY2MyMGNkMWE1NDp7Il9hdXRoX3VzZXJfaWQiOiIxNiIsIl9hdXRoX3VzZXJfYmFja2VuZCI6ImRqYW5nby5jb250cmliLmF1dGguYmFja2VuZHMuTW9kZWxCYWNrZW5kIiwiX2F1dGhfdXNlcl9oYXNoIjoiZTE1NGJhOGMxMTYyNTMwZDQ0OTQ2MDNlZTFlZGM2N2NmMzIxNWJkOSIsIl9zZXNzaW9uX2V4cGlyeSI6MH0=','2018-07-28 13:39:48.639603'),('w0qjedpr2au35s7ggc29piwo4o105y9i','MGJmMzk0MjhlY2IwMmNmMzFmNzA2ZDY3MDEyYjA5NWZiY2ZiNDU3ZDp7Il9hdXRoX3VzZXJfaWQiOiIzIiwiX2F1dGhfdXNlcl9iYWNrZW5kIjoiZGphbmdvLmNvbnRyaWIuYXV0aC5iYWNrZW5kcy5Nb2RlbEJhY2tlbmQiLCJfYXV0aF91c2VyX2hhc2giOiJhNWUwMTI1NjMxZTNjOGVkZjc1N2Q4MzhhNDZlNTI2Yjk2MDY1Yzg5IiwiX3Nlc3Npb25fZXhwaXJ5IjowfQ==','2018-07-28 13:18:55.931646'),('w1912hi9efd77o6f9m8hfasevfv6rfbd','MGJmMzk0MjhlY2IwMmNmMzFmNzA2ZDY3MDEyYjA5NWZiY2ZiNDU3ZDp7Il9hdXRoX3VzZXJfaWQiOiIzIiwiX2F1dGhfdXNlcl9iYWNrZW5kIjoiZGphbmdvLmNvbnRyaWIuYXV0aC5iYWNrZW5kcy5Nb2RlbEJhY2tlbmQiLCJfYXV0aF91c2VyX2hhc2giOiJhNWUwMTI1NjMxZTNjOGVkZjc1N2Q4MzhhNDZlNTI2Yjk2MDY1Yzg5IiwiX3Nlc3Npb25fZXhwaXJ5IjowfQ==','2018-07-02 16:55:16.264237'),('w1kfe8f8ar5jmkkq3ima7gq2lvozxjl2','NTdkODljYWZjYjczMTUwNTBiYTgyYmU3MGU2YWM3MDlhMjFiMDI1Mzp7Il9hdXRoX3VzZXJfaWQiOiI1IiwiX2F1dGhfdXNlcl9iYWNrZW5kIjoiZGphbmdvLmNvbnRyaWIuYXV0aC5iYWNrZW5kcy5Nb2RlbEJhY2tlbmQiLCJfYXV0aF91c2VyX2hhc2giOiI3YWYyYmFmMmRlZDZhYWNhY2Y5ZjBiMjhlZDk5NDIyYzZkZDA3MmQ1IiwiX3Nlc3Npb25fZXhwaXJ5IjowfQ==','2018-06-29 17:19:12.215345'),('w3b3flazxjo2u60oprqjycpx10g1fnh6','NWM2Y2QxMDVmMmE2MjY2MTVkYWVhNzZkOGQ1NzliZTliZDc2YzczNTp7Il9hdXRoX3VzZXJfaWQiOiIxNiIsIl9hdXRoX3VzZXJfYmFja2VuZCI6ImRqYW5nby5jb250cmliLmF1dGguYmFja2VuZHMuTW9kZWxCYWNrZW5kIiwiX2F1dGhfdXNlcl9oYXNoIjoiZTE1NGJhOGMxMTYyNTMwZDQ0OTQ2MDNlZTFlZGM2N2NmMzIxNWJkOSIsIl9zZXNzaW9uX2V4cGlyeSI6MTIwOTYwMH0=','2018-07-10 02:34:39.224730'),('w5gsdwcnttk4vipu4ngwp94jb6349my0','NDY3ZjVjNGNiNDYyYmZkNzVkNTlmZWM0OGQ4MzA5N2Y1MjdkOTJmYjp7Il9hdXRoX3VzZXJfaWQiOiI2IiwiX2F1dGhfdXNlcl9iYWNrZW5kIjoiZGphbmdvLmNvbnRyaWIuYXV0aC5iYWNrZW5kcy5Nb2RlbEJhY2tlbmQiLCJfYXV0aF91c2VyX2hhc2giOiIxZTliMWNhMTMwMjk2YjU0ZTc3MzUyNThmYWZmY2Y5OGE0M2JjZmVkIiwiX3Nlc3Npb25fZXhwaXJ5IjowfQ==','2018-06-29 09:16:14.666169'),('w6sev8dq9mpd5czqreny14lzzbiw9un5','ZDgzYWE5MWJhNWIxYWY5MjQ5M2RiZjFkMDU0NjVhNTRhYTkwYmJhNTp7Il9hdXRoX3VzZXJfaWQiOiI3IiwiX2F1dGhfdXNlcl9iYWNrZW5kIjoiZGphbmdvLmNvbnRyaWIuYXV0aC5iYWNrZW5kcy5Nb2RlbEJhY2tlbmQiLCJfYXV0aF91c2VyX2hhc2giOiI5NGVmYWQ5MzY3NTcyZTAxZTk0ZjcyZWFkODY2NDk3YzQzZDcyOTcxIiwiX3Nlc3Npb25fZXhwaXJ5IjowfQ==','2018-07-21 16:19:12.860021'),('wazeps0ua3uuq7vd4xcnl2hshdq5th9g','OTQ4YzY0MWFjOGYyNDllMDBjMzU2MWMzZGVjYTc2OGIwNDE5MjcyNDp7Il9hdXRoX3VzZXJfaWQiOiI5IiwiX2F1dGhfdXNlcl9iYWNrZW5kIjoiZGphbmdvLmNvbnRyaWIuYXV0aC5iYWNrZW5kcy5Nb2RlbEJhY2tlbmQiLCJfYXV0aF91c2VyX2hhc2giOiJhMWYxMTViZTEyODZkNjdjNTJmMmRmYmZlZWM4NWQ2ZTE0ZGE5ZDA3IiwiX3Nlc3Npb25fZXhwaXJ5IjoxMjA5NjAwfQ==','2018-07-03 07:59:31.949309'),('wbip6ujl81w8snrtkps146tnp6qo4lr8','ZDgzYWE5MWJhNWIxYWY5MjQ5M2RiZjFkMDU0NjVhNTRhYTkwYmJhNTp7Il9hdXRoX3VzZXJfaWQiOiI3IiwiX2F1dGhfdXNlcl9iYWNrZW5kIjoiZGphbmdvLmNvbnRyaWIuYXV0aC5iYWNrZW5kcy5Nb2RlbEJhY2tlbmQiLCJfYXV0aF91c2VyX2hhc2giOiI5NGVmYWQ5MzY3NTcyZTAxZTk0ZjcyZWFkODY2NDk3YzQzZDcyOTcxIiwiX3Nlc3Npb25fZXhwaXJ5IjowfQ==','2018-07-07 05:24:52.787935'),('wbw61igbrsrdkfdgxzo8tuxj84uhwbq0','ZTRhZWQ1NjIxMTBjNDllYmE0MGM0YzI1Mjk5YTIyY2MyMGNkMWE1NDp7Il9hdXRoX3VzZXJfaWQiOiIxNiIsIl9hdXRoX3VzZXJfYmFja2VuZCI6ImRqYW5nby5jb250cmliLmF1dGguYmFja2VuZHMuTW9kZWxCYWNrZW5kIiwiX2F1dGhfdXNlcl9oYXNoIjoiZTE1NGJhOGMxMTYyNTMwZDQ0OTQ2MDNlZTFlZGM2N2NmMzIxNWJkOSIsIl9zZXNzaW9uX2V4cGlyeSI6MH0=','2018-07-08 05:37:13.958816'),('wdo3uop3nqu2pqjy09f2wps2rip0p18o','ZTRhZWQ1NjIxMTBjNDllYmE0MGM0YzI1Mjk5YTIyY2MyMGNkMWE1NDp7Il9hdXRoX3VzZXJfaWQiOiIxNiIsIl9hdXRoX3VzZXJfYmFja2VuZCI6ImRqYW5nby5jb250cmliLmF1dGguYmFja2VuZHMuTW9kZWxCYWNrZW5kIiwiX2F1dGhfdXNlcl9oYXNoIjoiZTE1NGJhOGMxMTYyNTMwZDQ0OTQ2MDNlZTFlZGM2N2NmMzIxNWJkOSIsIl9zZXNzaW9uX2V4cGlyeSI6MH0=','2018-07-15 09:57:49.037152'),('wehpq96wx1bi12kvudxa9xlgrulm4ypn','NDY3ZjVjNGNiNDYyYmZkNzVkNTlmZWM0OGQ4MzA5N2Y1MjdkOTJmYjp7Il9hdXRoX3VzZXJfaWQiOiI2IiwiX2F1dGhfdXNlcl9iYWNrZW5kIjoiZGphbmdvLmNvbnRyaWIuYXV0aC5iYWNrZW5kcy5Nb2RlbEJhY2tlbmQiLCJfYXV0aF91c2VyX2hhc2giOiIxZTliMWNhMTMwMjk2YjU0ZTc3MzUyNThmYWZmY2Y5OGE0M2JjZmVkIiwiX3Nlc3Npb25fZXhwaXJ5IjowfQ==','2018-07-05 17:06:59.910060'),('wlo4hzoctfil7jthqc1kwt42im6qho54','NWM2Y2QxMDVmMmE2MjY2MTVkYWVhNzZkOGQ1NzliZTliZDc2YzczNTp7Il9hdXRoX3VzZXJfaWQiOiIxNiIsIl9hdXRoX3VzZXJfYmFja2VuZCI6ImRqYW5nby5jb250cmliLmF1dGguYmFja2VuZHMuTW9kZWxCYWNrZW5kIiwiX2F1dGhfdXNlcl9oYXNoIjoiZTE1NGJhOGMxMTYyNTMwZDQ0OTQ2MDNlZTFlZGM2N2NmMzIxNWJkOSIsIl9zZXNzaW9uX2V4cGlyeSI6MTIwOTYwMH0=','2018-07-06 03:48:05.190634'),('wnnwogsvkf8de5s0tapmwfom9x4u0em5','MGJmMzk0MjhlY2IwMmNmMzFmNzA2ZDY3MDEyYjA5NWZiY2ZiNDU3ZDp7Il9hdXRoX3VzZXJfaWQiOiIzIiwiX2F1dGhfdXNlcl9iYWNrZW5kIjoiZGphbmdvLmNvbnRyaWIuYXV0aC5iYWNrZW5kcy5Nb2RlbEJhY2tlbmQiLCJfYXV0aF91c2VyX2hhc2giOiJhNWUwMTI1NjMxZTNjOGVkZjc1N2Q4MzhhNDZlNTI2Yjk2MDY1Yzg5IiwiX3Nlc3Npb25fZXhwaXJ5IjowfQ==','2018-07-17 01:11:26.278139'),('wtovrj3o3bnyeiciydh0qmawtu3se5zz','MGJmMzk0MjhlY2IwMmNmMzFmNzA2ZDY3MDEyYjA5NWZiY2ZiNDU3ZDp7Il9hdXRoX3VzZXJfaWQiOiIzIiwiX2F1dGhfdXNlcl9iYWNrZW5kIjoiZGphbmdvLmNvbnRyaWIuYXV0aC5iYWNrZW5kcy5Nb2RlbEJhY2tlbmQiLCJfYXV0aF91c2VyX2hhc2giOiJhNWUwMTI1NjMxZTNjOGVkZjc1N2Q4MzhhNDZlNTI2Yjk2MDY1Yzg5IiwiX3Nlc3Npb25fZXhwaXJ5IjowfQ==','2018-07-01 13:19:42.724888'),('wymmmyameb6cq1qvu6aogv53iuktnlav','ZmFmNjQ0MjljNjNiNDYzNTdkMGJiOGRkZGJhNTMyNjgwOTU0ZWZhMjp7Il9hdXRoX3VzZXJfaWQiOiIxNCIsIl9hdXRoX3VzZXJfYmFja2VuZCI6ImRqYW5nby5jb250cmliLmF1dGguYmFja2VuZHMuTW9kZWxCYWNrZW5kIiwiX2F1dGhfdXNlcl9oYXNoIjoiYWVmMDYxZGU2ZDJhN2I2NzY1ZDBkYWEzNzllMWUyYjU2MWU5MjM0ZCIsIl9zZXNzaW9uX2V4cGlyeSI6MH0=','2018-07-04 15:49:10.283590'),('x0eb75w4u3jb1p6g66l9355g21ejnqq9','NWJjMDFiNGRiOWVhNjczZTVlNTgyMTc4YTlhMmQ4NjQyNTU5NWE1MTp7Il9hdXRoX3VzZXJfaWQiOiIyIiwiX2F1dGhfdXNlcl9iYWNrZW5kIjoiZGphbmdvLmNvbnRyaWIuYXV0aC5iYWNrZW5kcy5Nb2RlbEJhY2tlbmQiLCJfYXV0aF91c2VyX2hhc2giOiI2YTY4Y2I3YmUxNTljY2Q5ODc1ZjJkNjg2YzJjMDI1YjU3NTQzZGM3IiwiX3Nlc3Npb25fZXhwaXJ5IjoxMjA5NjAwfQ==','2018-06-30 17:01:35.308241'),('x62t9eewp7cvxsaj3rl6z7rutiz1ksfl','NDY3ZjVjNGNiNDYyYmZkNzVkNTlmZWM0OGQ4MzA5N2Y1MjdkOTJmYjp7Il9hdXRoX3VzZXJfaWQiOiI2IiwiX2F1dGhfdXNlcl9iYWNrZW5kIjoiZGphbmdvLmNvbnRyaWIuYXV0aC5iYWNrZW5kcy5Nb2RlbEJhY2tlbmQiLCJfYXV0aF91c2VyX2hhc2giOiIxZTliMWNhMTMwMjk2YjU0ZTc3MzUyNThmYWZmY2Y5OGE0M2JjZmVkIiwiX3Nlc3Npb25fZXhwaXJ5IjowfQ==','2018-06-30 15:12:08.015843'),('x8cvb0sv8fmibf2zzxamtwhevp1pkij0','MGJmMzk0MjhlY2IwMmNmMzFmNzA2ZDY3MDEyYjA5NWZiY2ZiNDU3ZDp7Il9hdXRoX3VzZXJfaWQiOiIzIiwiX2F1dGhfdXNlcl9iYWNrZW5kIjoiZGphbmdvLmNvbnRyaWIuYXV0aC5iYWNrZW5kcy5Nb2RlbEJhY2tlbmQiLCJfYXV0aF91c2VyX2hhc2giOiJhNWUwMTI1NjMxZTNjOGVkZjc1N2Q4MzhhNDZlNTI2Yjk2MDY1Yzg5IiwiX3Nlc3Npb25fZXhwaXJ5IjowfQ==','2018-07-28 13:09:42.427361'),('xcr119vqdvk5yis0z3d77n7lirg11fm7','ZTg0MDgxNTA3ODE1OGNhZDNhMTY0MWZiMGU3N2MzYTY2OGZhZDQ1Mzp7Il9zZXNzaW9uX2V4cGlyeSI6MH0=','2018-06-29 08:57:57.828660'),('xdy610dtymtj3ak6pbxnbc8zoj76sozl','OTMxNjY4ZjM4MjJjZTM5ZmUwMTE4ZTg2ZTVmNzhkNGZhYThlZDhjMzp7Il9hdXRoX3VzZXJfaWQiOiI5IiwiX2F1dGhfdXNlcl9iYWNrZW5kIjoiZGphbmdvLmNvbnRyaWIuYXV0aC5iYWNrZW5kcy5Nb2RlbEJhY2tlbmQiLCJfYXV0aF91c2VyX2hhc2giOiJhMWYxMTViZTEyODZkNjdjNTJmMmRmYmZlZWM4NWQ2ZTE0ZGE5ZDA3IiwiX3Nlc3Npb25fZXhwaXJ5IjowfQ==','2018-07-03 01:39:49.650404'),('xevldfc0lgzfyn59kv08x4c3mtbyucfz','NzM2ODZhY2ViYmY1ZWUzZDUzMWYyZTZkYzlhMDNhOTk5ZGIxYTc0Yjp7Il9hdXRoX3VzZXJfaWQiOiIzIiwiX2F1dGhfdXNlcl9iYWNrZW5kIjoiZGphbmdvLmNvbnRyaWIuYXV0aC5iYWNrZW5kcy5Nb2RlbEJhY2tlbmQiLCJfYXV0aF91c2VyX2hhc2giOiJhNWUwMTI1NjMxZTNjOGVkZjc1N2Q4MzhhNDZlNTI2Yjk2MDY1Yzg5IiwiX3Nlc3Npb25fZXhwaXJ5IjoxMjA5NjAwfQ==','2018-06-29 12:36:14.700590'),('xfwz6xgtipkoiskj6m8hj2g5yv08i20x','ZjY5NDU2M2I4Njc1MDVmNjAxMDJmN2VkMDRlNTNiY2JlMzljYjI1Mjp7Il9hdXRoX3VzZXJfaWQiOiIxMSIsIl9hdXRoX3VzZXJfYmFja2VuZCI6ImRqYW5nby5jb250cmliLmF1dGguYmFja2VuZHMuTW9kZWxCYWNrZW5kIiwiX2F1dGhfdXNlcl9oYXNoIjoiODgwZDM5MmI3NDM1ZDA0M2I0NjU2ZjZmODU5NmQxNzBhMGEwYjRjYSIsIl9zZXNzaW9uX2V4cGlyeSI6MH0=','2018-07-16 16:19:30.737937'),('xhhnrsy5f6emgjxo12lgf77ehb9jblzh','MTJkMTJmYWU1ZmM1YzY4ZjQ5NTA2YzJmMjViNWZhM2NlODYwN2NlMDp7Il9hdXRoX3VzZXJfaWQiOiIxMSIsIl9hdXRoX3VzZXJfYmFja2VuZCI6ImRqYW5nby5jb250cmliLmF1dGguYmFja2VuZHMuTW9kZWxCYWNrZW5kIiwiX2F1dGhfdXNlcl9oYXNoIjoiODgwZDM5MmI3NDM1ZDA0M2I0NjU2ZjZmODU5NmQxNzBhMGEwYjRjYSIsIl9zZXNzaW9uX2V4cGlyeSI6MTIwOTYwMH0=','2018-06-29 15:37:38.402867'),('xjggsv1nfss1noetga67gnkbis6oyb9h','NTVhZWMzNDkxMGZjMmRjZjA0ZjQwNWEzM2ZmM2Q4NDRiNTM4YTRhOTp7Il9hdXRoX3VzZXJfaWQiOiIxMiIsIl9hdXRoX3VzZXJfYmFja2VuZCI6ImRqYW5nby5jb250cmliLmF1dGguYmFja2VuZHMuTW9kZWxCYWNrZW5kIiwiX2F1dGhfdXNlcl9oYXNoIjoiYmY1YjM1NmFhMTFlNDdkMmYyNTc4NjgxZmQ0NTI0OThhZjJiYTNmMCIsIl9zZXNzaW9uX2V4cGlyeSI6MH0=','2018-07-18 09:32:21.435404'),('xjjux3nqp1t2131x8088gh5l5e39juig','MTc1MTg0NTc4MTE0OGQ3NmE3YmNmYzdiZDc4YmVkODMxZTFiMWUwZTp7Il9hdXRoX3VzZXJfaWQiOiI4IiwiX2F1dGhfdXNlcl9iYWNrZW5kIjoiZGphbmdvLmNvbnRyaWIuYXV0aC5iYWNrZW5kcy5Nb2RlbEJhY2tlbmQiLCJfYXV0aF91c2VyX2hhc2giOiJhNzQ5OTFmZTk2M2I0YzZhY2E5MWNhMzBiYTNkMzJjOGYxYzhiZDk1IiwiX3Nlc3Npb25fZXhwaXJ5IjoxMjA5NjAwfQ==','2018-07-25 20:39:39.398963'),('xl0o7ltnwqvitqgg2kce13knwd88prln','ZjViNTI3NjFhYzM1OWViNTIyYjc2NWY1MTczMjg3N2VkYzVmNjFlMjp7Il9hdXRoX3VzZXJfaWQiOiIyIiwiX2F1dGhfdXNlcl9iYWNrZW5kIjoiZGphbmdvLmNvbnRyaWIuYXV0aC5iYWNrZW5kcy5Nb2RlbEJhY2tlbmQiLCJfYXV0aF91c2VyX2hhc2giOiI2YTY4Y2I3YmUxNTljY2Q5ODc1ZjJkNjg2YzJjMDI1YjU3NTQzZGM3IiwiX3Nlc3Npb25fZXhwaXJ5IjowfQ==','2018-07-15 07:55:41.078769'),('xmhic74i6tvyh6y099w20ssml62epw5m','ZmFhZjlmNmM1NGU3ZmIzMzA0ZWE3NDc4NmI4OGQ0NDkxYjY1MzdmNjp7Il9hdXRoX3VzZXJfaWQiOiIxMyIsIl9hdXRoX3VzZXJfYmFja2VuZCI6ImRqYW5nby5jb250cmliLmF1dGguYmFja2VuZHMuTW9kZWxCYWNrZW5kIiwiX2F1dGhfdXNlcl9oYXNoIjoiZDZiZWNmNjBkZTdiZWU1NGJiNGRlZjhmYWQ4N2Y5MDM5N2YzZGJlOSIsIl9zZXNzaW9uX2V4cGlyeSI6MH0=','2018-07-11 14:04:54.052728'),('xvl16b0t3ln9e9t9v87pef7bvp3wmlya','OTQ4YzY0MWFjOGYyNDllMDBjMzU2MWMzZGVjYTc2OGIwNDE5MjcyNDp7Il9hdXRoX3VzZXJfaWQiOiI5IiwiX2F1dGhfdXNlcl9iYWNrZW5kIjoiZGphbmdvLmNvbnRyaWIuYXV0aC5iYWNrZW5kcy5Nb2RlbEJhY2tlbmQiLCJfYXV0aF91c2VyX2hhc2giOiJhMWYxMTViZTEyODZkNjdjNTJmMmRmYmZlZWM4NWQ2ZTE0ZGE5ZDA3IiwiX3Nlc3Npb25fZXhwaXJ5IjoxMjA5NjAwfQ==','2018-07-06 03:34:46.040405'),('xwzndrupilyczj1nn0g8xe61ayjlgesr','MDkwNGVkNjM5YTVmMTkxYTQ4ZDY0YWQ3OWU4ZWNjOWViNmI4MmI4MTp7ImFjY291bnRfdmVyaWZpZWRfZW1haWwiOm51bGwsImFjY291bnRfdXNlciI6ImsiLCJfc2Vzc2lvbl9leHBpcnkiOjB9','2018-07-01 06:43:52.861562'),('y50gsvuyj3odmvt6e6vxxktt6c7d6qk6','ZmVlMDA0ZjMyZGJjMmQ4OWQ2ZTIxNGQyYmMyNzdmNDI5NTY0YjcwMDp7Il9hdXRoX3VzZXJfaWQiOiIxMCIsIl9hdXRoX3VzZXJfYmFja2VuZCI6ImRqYW5nby5jb250cmliLmF1dGguYmFja2VuZHMuTW9kZWxCYWNrZW5kIiwiX2F1dGhfdXNlcl9oYXNoIjoiZDk5OWIyMjQzYzRkNzFmMDQ5NmRlYzliYmY0YTY4NzIwZTYxMTE3YiIsIl9zZXNzaW9uX2V4cGlyeSI6MH0=','2018-07-15 01:20:33.840210'),('y73edojrm9t8iw1mptk49qec9j5kdmwl','ZmFmNjQ0MjljNjNiNDYzNTdkMGJiOGRkZGJhNTMyNjgwOTU0ZWZhMjp7Il9hdXRoX3VzZXJfaWQiOiIxNCIsIl9hdXRoX3VzZXJfYmFja2VuZCI6ImRqYW5nby5jb250cmliLmF1dGguYmFja2VuZHMuTW9kZWxCYWNrZW5kIiwiX2F1dGhfdXNlcl9oYXNoIjoiYWVmMDYxZGU2ZDJhN2I2NzY1ZDBkYWEzNzllMWUyYjU2MWU5MjM0ZCIsIl9zZXNzaW9uX2V4cGlyeSI6MH0=','2018-07-06 01:40:24.973420'),('yahlzfgg55401oqffij0hspnw6cdfoly','ZmFmNjQ0MjljNjNiNDYzNTdkMGJiOGRkZGJhNTMyNjgwOTU0ZWZhMjp7Il9hdXRoX3VzZXJfaWQiOiIxNCIsIl9hdXRoX3VzZXJfYmFja2VuZCI6ImRqYW5nby5jb250cmliLmF1dGguYmFja2VuZHMuTW9kZWxCYWNrZW5kIiwiX2F1dGhfdXNlcl9oYXNoIjoiYWVmMDYxZGU2ZDJhN2I2NzY1ZDBkYWEzNzllMWUyYjU2MWU5MjM0ZCIsIl9zZXNzaW9uX2V4cGlyeSI6MH0=','2018-07-05 08:47:56.876091'),('yc25e6y6194yegdfjsyqa7a1xgpb8750','NDY3ZjVjNGNiNDYyYmZkNzVkNTlmZWM0OGQ4MzA5N2Y1MjdkOTJmYjp7Il9hdXRoX3VzZXJfaWQiOiI2IiwiX2F1dGhfdXNlcl9iYWNrZW5kIjoiZGphbmdvLmNvbnRyaWIuYXV0aC5iYWNrZW5kcy5Nb2RlbEJhY2tlbmQiLCJfYXV0aF91c2VyX2hhc2giOiIxZTliMWNhMTMwMjk2YjU0ZTc3MzUyNThmYWZmY2Y5OGE0M2JjZmVkIiwiX3Nlc3Npb25fZXhwaXJ5IjowfQ==','2018-07-10 13:57:58.179530'),('yflx1mu39jmy138tqner1ybd7npz8nak','NDAxMmI4ZGViYmE1NThjY2QzY2YwZjI4YzNkM2U2ZGYyNWIzYTg0Nzp7Il9hdXRoX3VzZXJfaWQiOiIxIiwiX2F1dGhfdXNlcl9iYWNrZW5kIjoiZGphbmdvLmNvbnRyaWIuYXV0aC5iYWNrZW5kcy5Nb2RlbEJhY2tlbmQiLCJfYXV0aF91c2VyX2hhc2giOiI4Y2Q2NGEyMWVmNzcxNjUwMmQyNmJhMjljNTcwMGE5Mzk2YWM5NmY4In0=','2018-07-03 20:55:45.670596'),('yfqsj5nn4avhzyw9minlg9agd393dewn','MjBjZDkwZTE3OWM3MDdlMTRmNDM5ODhjNzk5NDQzZmU5OGFjOTYyMjp7Il9hdXRoX3VzZXJfaWQiOiI1IiwiX2F1dGhfdXNlcl9iYWNrZW5kIjoiZGphbmdvLmNvbnRyaWIuYXV0aC5iYWNrZW5kcy5Nb2RlbEJhY2tlbmQiLCJfYXV0aF91c2VyX2hhc2giOiI3YWYyYmFmMmRlZDZhYWNhY2Y5ZjBiMjhlZDk5NDIyYzZkZDA3MmQ1IiwiX3Nlc3Npb25fZXhwaXJ5IjoxMjA5NjAwfQ==','2018-07-07 17:02:16.375811'),('yg4r0man0h7xsb89ixab4dcr2ejmrxom','NTYwZjE2MzAzM2RmNGE1NDRjNTAwMDJjMGUxOGNmOTg1Yjk5NTc1MDp7ImFjY291bnRfdmVyaWZpZWRfZW1haWwiOm51bGwsImFjY291bnRfdXNlciI6ImkiLCJfc2Vzc2lvbl9leHBpcnkiOjEyMDk2MDB9','2018-06-29 09:57:22.756037'),('yieqf5ogqm1cceegpownkm9w1apk4tmu','MGJmMzk0MjhlY2IwMmNmMzFmNzA2ZDY3MDEyYjA5NWZiY2ZiNDU3ZDp7Il9hdXRoX3VzZXJfaWQiOiIzIiwiX2F1dGhfdXNlcl9iYWNrZW5kIjoiZGphbmdvLmNvbnRyaWIuYXV0aC5iYWNrZW5kcy5Nb2RlbEJhY2tlbmQiLCJfYXV0aF91c2VyX2hhc2giOiJhNWUwMTI1NjMxZTNjOGVkZjc1N2Q4MzhhNDZlNTI2Yjk2MDY1Yzg5IiwiX3Nlc3Npb25fZXhwaXJ5IjowfQ==','2018-07-11 02:02:22.859399'),('yl8bkcjfy8jiskn15t2ekijefojddk1t','OTQ4YzY0MWFjOGYyNDllMDBjMzU2MWMzZGVjYTc2OGIwNDE5MjcyNDp7Il9hdXRoX3VzZXJfaWQiOiI5IiwiX2F1dGhfdXNlcl9iYWNrZW5kIjoiZGphbmdvLmNvbnRyaWIuYXV0aC5iYWNrZW5kcy5Nb2RlbEJhY2tlbmQiLCJfYXV0aF91c2VyX2hhc2giOiJhMWYxMTViZTEyODZkNjdjNTJmMmRmYmZlZWM4NWQ2ZTE0ZGE5ZDA3IiwiX3Nlc3Npb25fZXhwaXJ5IjoxMjA5NjAwfQ==','2018-07-18 03:29:16.559677'),('ymneb5z2a4pn8bp4bu8h8dzp2mwqktnz','ZjViNTI3NjFhYzM1OWViNTIyYjc2NWY1MTczMjg3N2VkYzVmNjFlMjp7Il9hdXRoX3VzZXJfaWQiOiIyIiwiX2F1dGhfdXNlcl9iYWNrZW5kIjoiZGphbmdvLmNvbnRyaWIuYXV0aC5iYWNrZW5kcy5Nb2RlbEJhY2tlbmQiLCJfYXV0aF91c2VyX2hhc2giOiI2YTY4Y2I3YmUxNTljY2Q5ODc1ZjJkNjg2YzJjMDI1YjU3NTQzZGM3IiwiX3Nlc3Npb25fZXhwaXJ5IjowfQ==','2018-07-17 13:54:55.294811'),('yqno2b2ma25u20488q524fll3b19r22q','MGJmMzk0MjhlY2IwMmNmMzFmNzA2ZDY3MDEyYjA5NWZiY2ZiNDU3ZDp7Il9hdXRoX3VzZXJfaWQiOiIzIiwiX2F1dGhfdXNlcl9iYWNrZW5kIjoiZGphbmdvLmNvbnRyaWIuYXV0aC5iYWNrZW5kcy5Nb2RlbEJhY2tlbmQiLCJfYXV0aF91c2VyX2hhc2giOiJhNWUwMTI1NjMxZTNjOGVkZjc1N2Q4MzhhNDZlNTI2Yjk2MDY1Yzg5IiwiX3Nlc3Npb25fZXhwaXJ5IjowfQ==','2018-07-21 14:05:01.511002'),('yuaeqmm5kmznj09zqly1t35m1glkglb9','ZDgzYWE5MWJhNWIxYWY5MjQ5M2RiZjFkMDU0NjVhNTRhYTkwYmJhNTp7Il9hdXRoX3VzZXJfaWQiOiI3IiwiX2F1dGhfdXNlcl9iYWNrZW5kIjoiZGphbmdvLmNvbnRyaWIuYXV0aC5iYWNrZW5kcy5Nb2RlbEJhY2tlbmQiLCJfYXV0aF91c2VyX2hhc2giOiI5NGVmYWQ5MzY3NTcyZTAxZTk0ZjcyZWFkODY2NDk3YzQzZDcyOTcxIiwiX3Nlc3Npb25fZXhwaXJ5IjowfQ==','2018-07-20 17:42:45.798710'),('yuibahz0j0s0rm3pv6p6dw3v3dw201hu','ZmFhZjlmNmM1NGU3ZmIzMzA0ZWE3NDc4NmI4OGQ0NDkxYjY1MzdmNjp7Il9hdXRoX3VzZXJfaWQiOiIxMyIsIl9hdXRoX3VzZXJfYmFja2VuZCI6ImRqYW5nby5jb250cmliLmF1dGguYmFja2VuZHMuTW9kZWxCYWNrZW5kIiwiX2F1dGhfdXNlcl9oYXNoIjoiZDZiZWNmNjBkZTdiZWU1NGJiNGRlZjhmYWQ4N2Y5MDM5N2YzZGJlOSIsIl9zZXNzaW9uX2V4cGlyeSI6MH0=','2018-07-02 14:53:43.347818'),('yz2q38x5dbpbn32sgyj1bszhgaio8088','ZmFmNjQ0MjljNjNiNDYzNTdkMGJiOGRkZGJhNTMyNjgwOTU0ZWZhMjp7Il9hdXRoX3VzZXJfaWQiOiIxNCIsIl9hdXRoX3VzZXJfYmFja2VuZCI6ImRqYW5nby5jb250cmliLmF1dGguYmFja2VuZHMuTW9kZWxCYWNrZW5kIiwiX2F1dGhfdXNlcl9oYXNoIjoiYWVmMDYxZGU2ZDJhN2I2NzY1ZDBkYWEzNzllMWUyYjU2MWU5MjM0ZCIsIl9zZXNzaW9uX2V4cGlyeSI6MH0=','2018-07-26 01:35:10.240805'),('z144w62joih3wg0sm4vcwxsc6iuy0jh8','ZmFmNjQ0MjljNjNiNDYzNTdkMGJiOGRkZGJhNTMyNjgwOTU0ZWZhMjp7Il9hdXRoX3VzZXJfaWQiOiIxNCIsIl9hdXRoX3VzZXJfYmFja2VuZCI6ImRqYW5nby5jb250cmliLmF1dGguYmFja2VuZHMuTW9kZWxCYWNrZW5kIiwiX2F1dGhfdXNlcl9oYXNoIjoiYWVmMDYxZGU2ZDJhN2I2NzY1ZDBkYWEzNzllMWUyYjU2MWU5MjM0ZCIsIl9zZXNzaW9uX2V4cGlyeSI6MH0=','2018-07-13 02:05:05.378125'),('z24if2k6xujm396qinw3o7ja4bez2caq','ZmFmNjQ0MjljNjNiNDYzNTdkMGJiOGRkZGJhNTMyNjgwOTU0ZWZhMjp7Il9hdXRoX3VzZXJfaWQiOiIxNCIsIl9hdXRoX3VzZXJfYmFja2VuZCI6ImRqYW5nby5jb250cmliLmF1dGguYmFja2VuZHMuTW9kZWxCYWNrZW5kIiwiX2F1dGhfdXNlcl9oYXNoIjoiYWVmMDYxZGU2ZDJhN2I2NzY1ZDBkYWEzNzllMWUyYjU2MWU5MjM0ZCIsIl9zZXNzaW9uX2V4cGlyeSI6MH0=','2018-07-21 03:36:52.097498'),('z2lhes842xf8ulmsm9pkr5kqmm3l5mwi','ZTg0MDgxNTA3ODE1OGNhZDNhMTY0MWZiMGU3N2MzYTY2OGZhZDQ1Mzp7Il9zZXNzaW9uX2V4cGlyeSI6MH0=','2018-07-01 16:06:21.990236'),('z2o87btdu5toxmnzzucubxuktmlm6st0','ZmFmNjQ0MjljNjNiNDYzNTdkMGJiOGRkZGJhNTMyNjgwOTU0ZWZhMjp7Il9hdXRoX3VzZXJfaWQiOiIxNCIsIl9hdXRoX3VzZXJfYmFja2VuZCI6ImRqYW5nby5jb250cmliLmF1dGguYmFja2VuZHMuTW9kZWxCYWNrZW5kIiwiX2F1dGhfdXNlcl9oYXNoIjoiYWVmMDYxZGU2ZDJhN2I2NzY1ZDBkYWEzNzllMWUyYjU2MWU5MjM0ZCIsIl9zZXNzaW9uX2V4cGlyeSI6MH0=','2018-07-18 01:13:11.322859'),('z36aea1j91yv5idsnmtloopzr21gzo93','NjBhMWM2NjE3M2JjY2EzNzJkNWRhZmVhMGU1NjE3MmIxMjI3MjM2NDp7Il9hdXRoX3VzZXJfaWQiOiIxNyIsIl9hdXRoX3VzZXJfYmFja2VuZCI6ImRqYW5nby5jb250cmliLmF1dGguYmFja2VuZHMuTW9kZWxCYWNrZW5kIiwiX2F1dGhfdXNlcl9oYXNoIjoiNzQyYzNiZjNmZmJjMDc1NTlkNzcxYTgzNDgyNjk5YTE3YTY5MjZkYSIsIl9zZXNzaW9uX2V4cGlyeSI6MTIwOTYwMH0=','2018-06-29 09:12:33.266039'),('z6nwozyib4v2wiud61rofzijx2i73non','ZDgzYWE5MWJhNWIxYWY5MjQ5M2RiZjFkMDU0NjVhNTRhYTkwYmJhNTp7Il9hdXRoX3VzZXJfaWQiOiI3IiwiX2F1dGhfdXNlcl9iYWNrZW5kIjoiZGphbmdvLmNvbnRyaWIuYXV0aC5iYWNrZW5kcy5Nb2RlbEJhY2tlbmQiLCJfYXV0aF91c2VyX2hhc2giOiI5NGVmYWQ5MzY3NTcyZTAxZTk0ZjcyZWFkODY2NDk3YzQzZDcyOTcxIiwiX3Nlc3Npb25fZXhwaXJ5IjowfQ==','2018-07-03 15:24:12.389628'),('z8fsbzblmgjg752yzo77akloi20d2zr9','NDY3ZjVjNGNiNDYyYmZkNzVkNTlmZWM0OGQ4MzA5N2Y1MjdkOTJmYjp7Il9hdXRoX3VzZXJfaWQiOiI2IiwiX2F1dGhfdXNlcl9iYWNrZW5kIjoiZGphbmdvLmNvbnRyaWIuYXV0aC5iYWNrZW5kcy5Nb2RlbEJhY2tlbmQiLCJfYXV0aF91c2VyX2hhc2giOiIxZTliMWNhMTMwMjk2YjU0ZTc3MzUyNThmYWZmY2Y5OGE0M2JjZmVkIiwiX3Nlc3Npb25fZXhwaXJ5IjowfQ==','2018-06-30 17:19:11.411741'),('z9o3w4yx2q53tlr0aa8r6aoijj5u6o4f','ZmFhZjlmNmM1NGU3ZmIzMzA0ZWE3NDc4NmI4OGQ0NDkxYjY1MzdmNjp7Il9hdXRoX3VzZXJfaWQiOiIxMyIsIl9hdXRoX3VzZXJfYmFja2VuZCI6ImRqYW5nby5jb250cmliLmF1dGguYmFja2VuZHMuTW9kZWxCYWNrZW5kIiwiX2F1dGhfdXNlcl9oYXNoIjoiZDZiZWNmNjBkZTdiZWU1NGJiNGRlZjhmYWQ4N2Y5MDM5N2YzZGJlOSIsIl9zZXNzaW9uX2V4cGlyeSI6MH0=','2018-06-30 04:34:58.953898'),('zffo8066xyitpvoozhh7bw7bpojly7q1','ZTRhZWQ1NjIxMTBjNDllYmE0MGM0YzI1Mjk5YTIyY2MyMGNkMWE1NDp7Il9hdXRoX3VzZXJfaWQiOiIxNiIsIl9hdXRoX3VzZXJfYmFja2VuZCI6ImRqYW5nby5jb250cmliLmF1dGguYmFja2VuZHMuTW9kZWxCYWNrZW5kIiwiX2F1dGhfdXNlcl9oYXNoIjoiZTE1NGJhOGMxMTYyNTMwZDQ0OTQ2MDNlZTFlZGM2N2NmMzIxNWJkOSIsIl9zZXNzaW9uX2V4cGlyeSI6MH0=','2018-07-16 15:51:17.583379'),('zg2bwn2gppmkaeskf9ckq7xpasrtyjyv','YmZhMzJlMDY5ZDExZTBlNjI3MWVhYmMzODJmZTcwYmI4ZWRkN2M0Zjp7Il9hdXRoX3VzZXJfaWQiOiIxIiwiX2F1dGhfdXNlcl9iYWNrZW5kIjoiZGphbmdvLmNvbnRyaWIuYXV0aC5iYWNrZW5kcy5Nb2RlbEJhY2tlbmQiLCJfYXV0aF91c2VyX2hhc2giOiI4Y2Q2NGEyMWVmNzcxNjUwMmQyNmJhMjljNTcwMGE5Mzk2YWM5NmY4IiwiX3Nlc3Npb25fZXhwaXJ5IjowfQ==','2018-07-08 10:31:32.513532'),('zh2skg0ii3gfdhdamubrvfsqfd57vkus','ZmFmNjQ0MjljNjNiNDYzNTdkMGJiOGRkZGJhNTMyNjgwOTU0ZWZhMjp7Il9hdXRoX3VzZXJfaWQiOiIxNCIsIl9hdXRoX3VzZXJfYmFja2VuZCI6ImRqYW5nby5jb250cmliLmF1dGguYmFja2VuZHMuTW9kZWxCYWNrZW5kIiwiX2F1dGhfdXNlcl9oYXNoIjoiYWVmMDYxZGU2ZDJhN2I2NzY1ZDBkYWEzNzllMWUyYjU2MWU5MjM0ZCIsIl9zZXNzaW9uX2V4cGlyeSI6MH0=','2018-07-11 16:08:43.268053'),('zm1ze8pw6bui9i3x86hifs5xeg1r4nm3','MTc1MTg0NTc4MTE0OGQ3NmE3YmNmYzdiZDc4YmVkODMxZTFiMWUwZTp7Il9hdXRoX3VzZXJfaWQiOiI4IiwiX2F1dGhfdXNlcl9iYWNrZW5kIjoiZGphbmdvLmNvbnRyaWIuYXV0aC5iYWNrZW5kcy5Nb2RlbEJhY2tlbmQiLCJfYXV0aF91c2VyX2hhc2giOiJhNzQ5OTFmZTk2M2I0YzZhY2E5MWNhMzBiYTNkMzJjOGYxYzhiZDk1IiwiX3Nlc3Npb25fZXhwaXJ5IjoxMjA5NjAwfQ==','2018-07-29 01:54:51.660155'),('zr03ldgcui0qpma1aeaetlwj6fidwdup','MTc1MTg0NTc4MTE0OGQ3NmE3YmNmYzdiZDc4YmVkODMxZTFiMWUwZTp7Il9hdXRoX3VzZXJfaWQiOiI4IiwiX2F1dGhfdXNlcl9iYWNrZW5kIjoiZGphbmdvLmNvbnRyaWIuYXV0aC5iYWNrZW5kcy5Nb2RlbEJhY2tlbmQiLCJfYXV0aF91c2VyX2hhc2giOiJhNzQ5OTFmZTk2M2I0YzZhY2E5MWNhMzBiYTNkMzJjOGYxYzhiZDk1IiwiX3Nlc3Npb25fZXhwaXJ5IjoxMjA5NjAwfQ==','2018-07-25 20:39:40.186401'),('zs2d8pz0gca9vtw3a5q0cr6g13wwvazv','ZmFmNjQ0MjljNjNiNDYzNTdkMGJiOGRkZGJhNTMyNjgwOTU0ZWZhMjp7Il9hdXRoX3VzZXJfaWQiOiIxNCIsIl9hdXRoX3VzZXJfYmFja2VuZCI6ImRqYW5nby5jb250cmliLmF1dGguYmFja2VuZHMuTW9kZWxCYWNrZW5kIiwiX2F1dGhfdXNlcl9oYXNoIjoiYWVmMDYxZGU2ZDJhN2I2NzY1ZDBkYWEzNzllMWUyYjU2MWU5MjM0ZCIsIl9zZXNzaW9uX2V4cGlyeSI6MH0=','2018-07-14 13:58:25.180636'),('zt3vchyno6twivd5v6kmmce1eoovm74g','NDY3ZjVjNGNiNDYyYmZkNzVkNTlmZWM0OGQ4MzA5N2Y1MjdkOTJmYjp7Il9hdXRoX3VzZXJfaWQiOiI2IiwiX2F1dGhfdXNlcl9iYWNrZW5kIjoiZGphbmdvLmNvbnRyaWIuYXV0aC5iYWNrZW5kcy5Nb2RlbEJhY2tlbmQiLCJfYXV0aF91c2VyX2hhc2giOiIxZTliMWNhMTMwMjk2YjU0ZTc3MzUyNThmYWZmY2Y5OGE0M2JjZmVkIiwiX3Nlc3Npb25fZXhwaXJ5IjowfQ==','2018-07-01 05:09:07.022652'),('ztwh1v9r0g1va16qkmzhe66mnctvelbg','NWM2Y2QxMDVmMmE2MjY2MTVkYWVhNzZkOGQ1NzliZTliZDc2YzczNTp7Il9hdXRoX3VzZXJfaWQiOiIxNiIsIl9hdXRoX3VzZXJfYmFja2VuZCI6ImRqYW5nby5jb250cmliLmF1dGguYmFja2VuZHMuTW9kZWxCYWNrZW5kIiwiX2F1dGhfdXNlcl9oYXNoIjoiZTE1NGJhOGMxMTYyNTMwZDQ0OTQ2MDNlZTFlZGM2N2NmMzIxNWJkOSIsIl9zZXNzaW9uX2V4cGlyeSI6MTIwOTYwMH0=','2018-07-17 18:28:40.731631'),('zxvcikuosvdrs3paeba9uurrudzyrbu2','NWJjMDFiNGRiOWVhNjczZTVlNTgyMTc4YTlhMmQ4NjQyNTU5NWE1MTp7Il9hdXRoX3VzZXJfaWQiOiIyIiwiX2F1dGhfdXNlcl9iYWNrZW5kIjoiZGphbmdvLmNvbnRyaWIuYXV0aC5iYWNrZW5kcy5Nb2RlbEJhY2tlbmQiLCJfYXV0aF91c2VyX2hhc2giOiI2YTY4Y2I3YmUxNTljY2Q5ODc1ZjJkNjg2YzJjMDI1YjU3NTQzZGM3IiwiX3Nlc3Npb25fZXhwaXJ5IjoxMjA5NjAwfQ==','2018-07-15 16:11:17.629710');
/*!40000 ALTER TABLE `django_session` ENABLE KEYS */;
UNLOCK TABLES;

--
-- Table structure for table `django_site`
--

DROP TABLE IF EXISTS `django_site`;
/*!40101 SET @saved_cs_client     = @@character_set_client */;
/*!40101 SET character_set_client = utf8 */;
CREATE TABLE `django_site` (
  `id` int(11) NOT NULL AUTO_INCREMENT,
  `domain` varchar(100) NOT NULL,
  `name` varchar(50) NOT NULL,
  PRIMARY KEY (`id`),
  UNIQUE KEY `django_site_domain_a2e37b91_uniq` (`domain`)
) ENGINE=InnoDB AUTO_INCREMENT=2 DEFAULT CHARSET=utf8;
/*!40101 SET character_set_client = @saved_cs_client */;

--
-- Dumping data for table `django_site`
--

LOCK TABLES `django_site` WRITE;
/*!40000 ALTER TABLE `django_site` DISABLE KEYS */;
INSERT INTO `django_site` VALUES (1,'fifawc.com','fifawc');
/*!40000 ALTER TABLE `django_site` ENABLE KEYS */;
UNLOCK TABLES;

--
-- Table structure for table `match_country`
--

DROP TABLE IF EXISTS `match_country`;
/*!40101 SET @saved_cs_client     = @@character_set_client */;
/*!40101 SET character_set_client = utf8 */;
CREATE TABLE `match_country` (
  `id` int(11) NOT NULL AUTO_INCREMENT,
  `name` varchar(255) NOT NULL,
  `group` smallint(5) unsigned NOT NULL,
  `flag_image` varchar(100) NOT NULL,
  PRIMARY KEY (`id`)
) ENGINE=InnoDB AUTO_INCREMENT=33 DEFAULT CHARSET=utf8;
/*!40101 SET character_set_client = @saved_cs_client */;

--
-- Dumping data for table `match_country`
--

LOCK TABLES `match_country` WRITE;
/*!40000 ALTER TABLE `match_country` DISABLE KEYS */;
INSERT INTO `match_country` VALUES (1,'Russia',1,'uploads/country/rus.png'),(2,'Saudi Arabia',1,'uploads/country/ksa.png'),(3,'Egypt',1,'uploads/country/egy.png'),(4,'Uruguay',1,'uploads/country/uru.png'),(5,'Portugal',2,'uploads/country/por.png'),(6,'Spain',2,'uploads/country/esp.png'),(7,'Morocco',2,'uploads/country/mar.png'),(8,'IR Iran',2,'uploads/country/irn.png'),(9,'France',3,'uploads/country/fra.png'),(10,'Australia',3,'uploads/country/aus.png'),(11,'Peru',3,'uploads/country/per.png'),(12,'Denmark',3,'uploads/country/den.png'),(13,'Argentina',4,'uploads/country/arg.png'),(14,'Iceland',4,'uploads/country/isl.png'),(15,'Croatia',4,'uploads/country/cro.png'),(16,'Nigeria',4,'uploads/country/nga.png'),(17,'Brazil',5,'uploads/country/bra.png'),(18,'Switzerland',5,'uploads/country/sui.png'),(19,'Costa Rica',5,'uploads/country/crc.png'),(20,'Serbia',5,'uploads/country/srb.png'),(21,'Germany',6,'uploads/country/ger.png'),(22,'Mexico',6,'uploads/country/mex.png'),(23,'Sweden',6,'uploads/country/swe.png'),(24,'Korea Republic',6,'uploads/country/kor.png'),(25,'Belgium',7,'uploads/country/bel.png'),(26,'Panama',7,'uploads/country/pan.png'),(27,'Tunisia',7,'uploads/country/tun.png'),(28,'England',7,'uploads/country/eng.png'),(29,'Poland',8,'uploads/country/pol.png'),(30,'Senegal',8,'uploads/country/sen.png'),(31,'Colombia',8,'uploads/country/col.png'),(32,'Japan',8,'uploads/country/jpn.png');
/*!40000 ALTER TABLE `match_country` ENABLE KEYS */;
UNLOCK TABLES;

--
-- Table structure for table `match_match`
--

DROP TABLE IF EXISTS `match_match`;
/*!40101 SET @saved_cs_client     = @@character_set_client */;
/*!40101 SET character_set_client = utf8 */;
CREATE TABLE `match_match` (
  `id` int(11) NOT NULL AUTO_INCREMENT,
  `start_time` datetime(6) NOT NULL,
  `match_type` smallint(5) unsigned NOT NULL,
  `away_id` int(11) DEFAULT NULL,
  `home_id` int(11) DEFAULT NULL,
  `bonus_question` longtext NOT NULL,
  PRIMARY KEY (`id`),
  KEY `match_match_away_id_3ab739e4_fk_match_country_id` (`away_id`),
  KEY `match_match_home_id_d0bfca0c_fk_match_country_id` (`home_id`),
  CONSTRAINT `match_match_away_id_3ab739e4_fk_match_country_id` FOREIGN KEY (`away_id`) REFERENCES `match_country` (`id`),
  CONSTRAINT `match_match_home_id_d0bfca0c_fk_match_country_id` FOREIGN KEY (`home_id`) REFERENCES `match_country` (`id`)
) ENGINE=InnoDB AUTO_INCREMENT=65 DEFAULT CHARSET=utf8;
/*!40101 SET character_set_client = @saved_cs_client */;

--
-- Dumping data for table `match_match`
--

LOCK TABLES `match_match` WRITE;
/*!40000 ALTER TABLE `match_match` DISABLE KEYS */;
INSERT INTO `match_match` VALUES (1,'2018-06-14 15:00:00.000000',1,2,1,'How many corners will Russia get?'),(2,'2018-06-15 12:00:00.000000',1,4,3,'Pass Accuracy of Uruguay(in Percentage) Answer Sample: {{ 12% }}'),(3,'2018-06-15 15:00:00.000000',1,8,7,'Total Distance Covered by IR Iran(in Kms) Sample Answer{{100Kms}}'),(4,'2018-06-15 18:00:00.000000',1,6,5,'Total Attempts on goal by Portugal  Sample Answer {{0}}'),(5,'2018-06-16 10:00:00.000000',1,10,9,'Number Of Passes Completed by FRANCE Sample Answer{{15}}'),(6,'2018-06-16 13:00:00.000000',1,14,13,'Pass Accuracy Of ARGENTINA Sample Answer{{15%}}'),(7,'2018-06-16 16:00:00.000000',1,12,11,'Ball Possession Percentage of DENMARK SAMPLE ANSWER {{50%}}'),(8,'2018-06-16 19:00:00.000000',1,16,15,'Number of offside by NIGERIA {{10}}'),(9,'2018-06-17 12:00:00.000000',1,20,19,'Sum Of Distance Covered by Both Team(in Kms) Sample Answer {{200 Kms.}}'),(10,'2018-06-17 15:00:00.000000',1,22,21,'Time Of First Yellow Card Of The Game (in minutes) Sample Answer {{30}}'),(11,'2018-06-17 18:00:00.000000',1,18,17,'Number Of Goals Scored By Neymar da Silva Santos Jnior(in number) Sample Answer{{0}}.'),(12,'2018-06-18 12:00:00.000000',1,24,23,'At What Time Will A Player From Either Team Receive First Yellow Card(in mins) Sample Answer {{43:15}}'),(13,'2018-06-18 15:00:00.000000',1,26,25,'What Will Be The Number Of Passes Completed By Belgium (in number) Sample Answer {{50}}'),(14,'2018-06-18 18:00:00.000000',1,28,27,'At What Time Will First Substitution of the match happen(In mins) Sample Answer {{20 mins}}'),(15,'2018-06-19 12:00:00.000000',1,32,31,'Number Of Shots On Target By Colombia?'),(16,'2018-06-19 15:00:00.000000',1,30,29,'Number Of Clearances by Senegal?'),(17,'2018-06-19 18:00:00.000000',1,3,1,'Total Yellow Cards In The Match(1 Red Card=2 Yellow Cards For Same Player)'),(18,'2018-06-20 12:00:00.000000',1,7,5,'Sum Of \"OFF-TARGET\" Shots In The Match'),(19,'2018-06-20 15:00:00.000000',1,2,4,'Total Passes In The Game(Both Team)'),(20,'2018-06-20 18:00:00.000000',1,6,8,'Number Of Goal Diego Costa Will Score'),(21,'2018-06-21 12:00:00.000000',1,10,12,'Total Tackles In Matches?'),(22,'2018-06-21 15:00:00.000000',1,11,9,'Number Of Tackles By Peru'),(23,'2018-06-21 18:00:00.000000',1,15,13,'Number Of Corners Argentina Will Get'),(24,'2018-06-22 12:00:00.000000',1,19,17,'Total Pass Accuracy In The Match'),(25,'2018-06-22 15:00:00.000000',1,14,16,'Total Pass Completed In the Game'),(26,'2018-06-22 18:00:00.000000',1,18,20,'Total Balls Recovered In The Game'),(27,'2018-06-23 12:00:00.000000',1,27,25,'Total sum of on-target and off-target goal attempts from Belgium?'),(28,'2018-06-23 15:00:00.000000',1,22,24,'Sum of total distance covered from both the teams in kilometres?'),(29,'2018-06-23 18:00:00.000000',1,23,21,'Total sum of fouls commit by Germany ?'),(30,'2018-06-24 12:00:00.000000',1,26,28,'Sum Of Balls Recovered In The Match'),(31,'2018-06-24 15:00:00.000000',1,30,32,'Total Tackles In The Game'),(32,'2018-06-24 18:00:00.000000',1,31,29,'Total Clearances In The Match'),(33,'2018-06-25 14:00:00.000000',1,1,4,'Total \"Blocks\" in the game'),(34,'2018-06-25 14:00:00.000000',1,3,2,'Total  Shots \"On-target\" in the game'),(35,'2018-06-25 18:00:00.000000',1,7,6,'Pass Accuracy of Spain'),(36,'2018-06-25 18:00:00.000000',1,5,8,'Man Of The Match In The Game'),(37,'2018-06-26 14:00:00.000000',1,11,10,'Total corners in the game'),(38,'2018-06-26 14:00:00.000000',1,9,12,'Total goals from penalty'),(39,'2018-06-26 18:00:00.000000',1,13,16,'Total fouls committed in the game'),(40,'2018-06-26 18:00:00.000000',1,15,14,'Total Offside in the game'),(41,'2018-06-27 14:00:00.000000',1,21,24,'Total clearances in the game.'),(42,'2018-06-27 14:00:00.000000',1,23,22,'Total balls recovered by Mexico.'),(43,'2018-06-27 18:00:00.000000',1,17,20,'Total passes by Brazil.'),(44,'2018-06-27 18:00:00.000000',1,19,18,'Total ball possession by Costa Rica.'),(45,'2018-06-28 14:00:00.000000',1,29,32,'At what time will the first booking of the game take place?'),(46,'2018-06-28 14:00:00.000000',1,31,30,'What will be the total attempts in the game?'),(47,'2018-06-28 18:00:00.000000',1,27,26,'How many shots will hit the woodwork?'),(48,'2018-06-28 18:00:00.000000',1,25,28,'Who will be the Man-Of-The-Match?'),(49,'2018-06-30 18:00:00.000000',2,5,4,'Sum Of Passes and Distance Covered by Uruguay?'),(50,'2018-06-30 14:00:00.000000',2,13,9,'Total Of Balls Recovered And Tackles In The Game?'),(51,'2018-07-01 14:00:00.000000',2,1,6,'Sum Of Possession And Pass Accuracy By Spain'),(52,'2018-07-01 18:00:00.000000',2,12,15,'Sum Of Clearances,Blocks And Tackles in the game'),(53,'2018-07-02 14:00:00.000000',2,22,17,'Sum Of Fouls And Yellow Cards In The Game'),(54,'2018-07-02 18:00:00.000000',2,32,25,'Sum Of Goals And Attempts In The Game'),(55,'2018-07-03 14:00:00.000000',2,18,23,'Sum of Corners And Offsides In The Game'),(56,'2018-07-03 18:00:00.000000',2,28,31,'Sum Of Passes,Passes Completed And Distance Covered In The Game'),(57,'2018-07-06 14:00:00.000000',3,9,4,'Sum of shots \"ON-TARGET\" ,\"OFF-TARGET\" and goals in the match(Don\'t consider tie-breaker goals)'),(58,'2018-07-06 18:00:00.000000',3,25,17,'Sum of \"Distance Covered\" and \"Balls Recovered\" in the game by Belgium'),(59,'2018-07-07 14:00:00.000000',3,28,23,'Ball Possession - (Corners +Offside) of  Sweden'),(60,'2018-07-07 18:00:00.000000',3,15,1,'Sum Of Pass Accuracy and Passes Of Croatia -(minus) Sum Of Pass Accuracy and Passes Of russia'),(61,'2018-07-10 18:00:00.000000',4,25,9,'BALLS RECOVERED+CLEARANCES-(TACKLES+BLOCKS)  for FRANCE'),(62,'2018-07-11 18:00:00.000000',4,28,15,'England(Possession+Pass Accuracy+Fouls)-Croatia(Possession+Pass Accuracy+Fouls) Note Only Absolute value in case England(Possession+Pass Accuracy+Fouls) is lesser than Croatia(Possession+Pass Accuracy+Fouls)'),(63,'2018-07-14 14:00:00.000000',5,28,25,'Belgium(Clearances+Tackles+Blocks+Goals)-England(Clearances+Tackles+Blocks+Goals).\r\nOnly Absolute value in case Belgium(Clearances+Tackles+Blocks+Goals) is lesser than England(Clearances+Tackles+Blocks+Goals)'),(64,'2018-07-15 15:00:00.000000',6,15,9,'FRANCE(PASSES+PASSES COMPLETED+DISTANCE COVERED+PASS ACCURACY)-CROATIA(PASSES+PASSES COMPLETED+DISTANCE COVERED+PASS ACCURACY)');
/*!40000 ALTER TABLE `match_match` ENABLE KEYS */;
UNLOCK TABLES;

--
-- Table structure for table `prediction_matchoutcome`
--

DROP TABLE IF EXISTS `prediction_matchoutcome`;
/*!40101 SET @saved_cs_client     = @@character_set_client */;
/*!40101 SET character_set_client = utf8 */;
CREATE TABLE `prediction_matchoutcome` (
  `id` int(11) NOT NULL AUTO_INCREMENT,
  `home_goal` smallint(5) unsigned NOT NULL,
  `away_goal` smallint(5) unsigned NOT NULL,
  `red_card` tinyint(1) NOT NULL,
  `yellow_card` tinyint(1) NOT NULL,
  `match_id` int(11) NOT NULL,
  `winning_team_id` int(11) DEFAULT NULL,
  `bonus_answer` varchar(255) NOT NULL,
  `most_foul_id` int(11) DEFAULT NULL,
  `penalty_goal` tinyint(1) NOT NULL,
  `created` datetime(6) NOT NULL,
  `modified` datetime(6) NOT NULL,
  PRIMARY KEY (`id`),
  UNIQUE KEY `match_id` (`match_id`),
  KEY `prediction_matchoutc_winning_team_id_136dcbe9_fk_match_cou` (`winning_team_id`),
  KEY `prediction_matchoutc_most_foul_id_e0acb9ce_fk_match_cou` (`most_foul_id`),
  CONSTRAINT `prediction_matchoutc_most_foul_id_e0acb9ce_fk_match_cou` FOREIGN KEY (`most_foul_id`) REFERENCES `match_country` (`id`),
  CONSTRAINT `prediction_matchoutc_winning_team_id_136dcbe9_fk_match_cou` FOREIGN KEY (`winning_team_id`) REFERENCES `match_country` (`id`),
  CONSTRAINT `prediction_matchoutcome_match_id_de6dc2f4_fk_match_match_id` FOREIGN KEY (`match_id`) REFERENCES `match_match` (`id`)
) ENGINE=InnoDB AUTO_INCREMENT=67 DEFAULT CHARSET=utf8;
/*!40101 SET character_set_client = @saved_cs_client */;

--
-- Dumping data for table `prediction_matchoutcome`
--

LOCK TABLES `prediction_matchoutcome` WRITE;
/*!40000 ALTER TABLE `prediction_matchoutcome` DISABLE KEYS */;
INSERT INTO `prediction_matchoutcome` VALUES (1,5,0,0,1,1,1,'6',1,0,'2018-06-17 11:59:35.212354','2018-06-22 18:40:38.625754'),(2,0,1,0,1,2,4,'86%',3,0,'2018-06-17 11:59:35.212354','2018-06-22 18:42:22.343680'),(3,0,1,0,1,3,8,'100Kms',7,0,'2018-06-17 11:59:35.212354','2018-06-22 18:45:11.983198'),(4,3,3,0,1,4,NULL,'8',5,1,'2018-06-17 11:59:35.212354','2018-06-22 18:47:03.361073'),(5,2,1,0,1,5,9,'423',10,1,'2018-06-17 11:59:35.212354','2018-06-22 18:49:50.581931'),(6,1,1,0,0,6,NULL,'92%',14,0,'2018-06-17 11:59:35.212354','2018-06-22 18:53:06.729424'),(7,0,1,0,1,7,12,'48%',12,0,'2018-06-17 11:59:35.212354','2018-06-22 18:55:51.261937'),(8,2,0,0,1,8,15,'1',15,1,'2018-06-17 11:59:35.212354','2018-06-22 18:57:55.502386'),(9,0,1,0,1,9,20,'216',19,0,'2018-06-17 14:31:00.168405','2018-06-22 18:59:43.806149'),(10,0,1,0,1,10,22,'40',22,0,'2018-06-17 18:17:13.041255','2018-06-22 19:01:51.254403'),(11,1,1,0,1,11,NULL,'0',18,0,'2018-06-18 02:11:24.337722','2018-06-22 19:03:18.004432'),(12,1,0,0,1,12,23,'13',24,1,'2018-06-18 14:09:21.132419','2018-06-22 19:05:02.409936'),(13,3,0,0,1,13,25,'483',26,0,'2018-06-18 17:13:43.193132','2018-06-22 19:06:52.381389'),(15,1,2,0,1,14,28,'16',27,1,'2018-06-19 03:38:52.257785','2018-06-22 19:09:35.004016'),(16,1,2,1,1,15,32,'3',31,1,'2018-06-19 13:55:43.701463','2018-06-22 19:10:50.502931'),(17,1,2,0,1,16,30,'38',30,0,'2018-06-19 21:11:46.286086','2018-06-22 19:13:06.657956'),(18,3,1,0,1,17,1,'2',1,0,'2018-06-21 05:04:45.952070','2018-06-22 19:14:30.570017'),(19,1,0,0,1,18,5,'14',7,0,'2018-06-21 05:06:14.438485','2018-06-22 19:15:47.249978'),(20,1,0,0,0,19,4,'1111',2,0,'2018-06-21 05:08:04.600753','2018-06-22 19:19:20.505368'),(21,0,1,0,1,20,6,'1',NULL,0,'2018-06-21 05:21:57.701772','2018-06-22 19:20:54.409924'),(22,1,1,0,1,21,NULL,'20',12,1,'2018-06-21 13:53:36.647151','2018-06-22 19:23:01.888771'),(23,1,0,0,1,22,9,'15',11,0,'2018-06-21 18:53:20.459284','2018-06-22 19:25:03.652690'),(24,0,3,0,1,23,15,'5',15,0,'2018-06-22 04:22:14.765411','2018-06-22 19:26:36.939587'),(25,2,0,0,1,24,17,'163',NULL,0,'2018-06-22 19:28:21.078004','2018-06-22 19:28:21.078053'),(26,2,0,0,1,25,16,'617',14,0,'2018-06-22 19:32:37.542922','2018-06-22 19:32:37.542961'),(27,1,2,0,1,26,18,'82',20,0,'2018-06-22 20:10:46.110122','2018-06-22 20:10:46.110283'),(28,5,2,0,1,27,25,'20',27,1,'2018-06-23 15:31:57.724272','2018-06-23 15:31:57.724310'),(29,1,2,0,1,28,22,'196',24,1,'2018-06-23 16:59:51.457080','2018-06-23 16:59:51.457125'),(30,2,1,1,1,29,21,'12',23,0,'2018-06-24 04:26:51.568821','2018-06-26 12:30:13.996187'),(31,6,1,0,1,30,28,'51',28,1,'2018-06-24 14:30:54.733742','2018-06-24 14:30:54.733814'),(32,2,2,0,1,31,NULL,'11',30,0,'2018-06-24 17:19:29.734167','2018-06-24 17:19:29.734236'),(33,0,3,0,1,32,31,'59',29,0,'2018-06-25 05:00:56.738576','2018-06-25 05:03:50.315844'),(35,2,1,0,1,34,2,'8',3,1,'2018-06-25 16:19:33.851006','2018-06-25 16:19:33.851052'),(36,3,0,0,1,33,4,'5',1,0,'2018-06-25 16:22:39.833040','2018-06-25 16:22:39.833089'),(37,1,1,0,1,36,NULL,'RICARDO QUARESMA',8,1,'2018-06-26 04:26:53.997671','2018-06-26 04:26:53.997719'),(38,2,2,0,1,35,NULL,'91',7,0,'2018-06-26 04:28:28.988762','2018-06-26 04:28:28.988810'),(39,0,0,0,1,38,NULL,'0',NULL,0,'2018-06-26 16:02:55.853984','2018-06-26 16:02:55.854035'),(40,0,2,0,1,37,11,'11',10,0,'2018-06-26 16:05:40.115839','2018-06-26 16:05:40.115883'),(41,1,2,0,1,40,15,'1',15,1,'2018-06-27 05:06:41.806342','2018-06-27 05:06:41.806389'),(42,1,2,0,1,39,13,'35',16,1,'2018-06-27 05:07:50.498631','2018-06-27 05:07:50.498673'),(43,0,3,0,1,42,23,'33',22,1,'2018-06-27 17:18:48.353107','2018-06-27 17:18:48.353183'),(44,2,0,0,1,41,24,'52',24,0,'2018-06-27 17:22:36.397401','2018-06-27 17:22:36.397475'),(45,2,2,0,1,44,NULL,'40',19,0,'2018-06-28 01:28:57.796208','2018-06-28 01:28:57.796246'),(46,0,2,0,1,43,17,'631',20,0,'2018-06-28 01:31:27.489311','2018-06-28 01:31:27.489353'),(47,0,1,0,1,45,29,'66',32,0,'2018-06-28 16:06:14.308091','2018-06-28 16:06:14.308163'),(48,0,1,0,1,46,31,'12',NULL,0,'2018-06-28 16:08:43.497758','2018-06-28 16:08:43.497835'),(49,1,2,0,1,47,27,'0',27,0,'2018-06-29 03:34:16.077493','2018-06-29 03:34:16.077541'),(50,0,1,0,1,48,25,'Adnan Januzaj',25,0,'2018-06-29 03:35:53.184283','2018-06-29 03:35:53.184329'),(51,4,3,0,1,50,9,'97',9,1,'2018-06-30 17:25:03.993332','2018-06-30 17:25:42.881497'),(52,2,1,0,1,49,4,'372',NULL,0,'2018-07-01 07:59:32.569895','2018-07-01 07:59:32.569958'),(53,3,4,0,1,51,1,'165',1,1,'2018-07-01 17:10:09.469543','2018-07-01 17:10:09.469592'),(54,3,2,0,1,52,15,'98',12,1,'2018-07-02 01:13:52.944533','2018-07-02 07:01:35.362461'),(55,2,0,0,1,53,17,'30',22,0,'2018-07-02 15:55:31.228292','2018-07-02 15:55:31.228342'),(56,3,2,0,1,54,25,'40',25,0,'2018-07-02 23:59:52.043705','2018-07-02 23:59:52.044251'),(57,1,0,1,1,55,23,'15',18,0,'2018-07-04 03:32:48.733317','2018-07-04 03:32:48.733361'),(58,3,4,0,1,56,28,'2242',31,0,'2018-07-04 03:34:24.940265','2018-07-04 14:50:54.257171'),(59,0,2,0,1,57,9,'21',4,0,'2018-07-06 16:02:36.379035','2018-07-06 16:02:36.379195'),(60,1,2,0,1,58,25,'140',25,0,'2018-07-07 02:48:10.680674','2018-07-07 02:48:10.680722'),(61,0,2,0,1,59,28,'40',23,0,'2018-07-07 15:55:12.938822','2018-07-07 16:33:37.275961'),(62,3,4,0,1,60,15,'367',1,1,'2018-07-08 03:40:34.170584','2018-07-08 03:40:34.170644'),(63,1,0,0,1,61,9,'57',25,0,'2018-07-11 00:54:39.329225','2018-07-11 00:54:39.329796'),(64,2,1,0,1,62,15,'18',15,0,'2018-07-12 03:21:56.153062','2018-07-12 03:21:56.153147'),(65,2,0,0,1,63,25,'6',25,0,'2018-07-14 16:37:39.743546','2018-07-14 16:37:39.743599'),(66,4,2,0,1,64,9,'547',9,1,'2018-07-15 18:05:30.581503','2018-07-15 18:05:30.581556');
/*!40000 ALTER TABLE `prediction_matchoutcome` ENABLE KEYS */;
UNLOCK TABLES;

--
-- Table structure for table `prediction_pointscored`
--

DROP TABLE IF EXISTS `prediction_pointscored`;
/*!40101 SET @saved_cs_client     = @@character_set_client */;
/*!40101 SET character_set_client = utf8 */;
CREATE TABLE `prediction_pointscored` (
  `id` int(11) NOT NULL AUTO_INCREMENT,
  `points_scored` smallint(5) unsigned NOT NULL,
  `match_id` int(11) DEFAULT NULL,
  `user_id` int(11) NOT NULL,
  `last_increased_by` smallint(5) unsigned NOT NULL,
  `adjusted_score` tinyint(1) NOT NULL,
  `matching` tinyint(1) NOT NULL,
  `nearest` tinyint(1) NOT NULL,
  PRIMARY KEY (`id`),
  KEY `prediction_pointscored_user_id_825e18f7_fk_users_user_id` (`user_id`),
  KEY `prediction_pointscored_match_id_5e8a4bd3_fk_match_match_id` (`match_id`),
  CONSTRAINT `prediction_pointscored_match_id_5e8a4bd3_fk_match_match_id` FOREIGN KEY (`match_id`) REFERENCES `match_match` (`id`),
  CONSTRAINT `prediction_pointscored_user_id_825e18f7_fk_users_user_id` FOREIGN KEY (`user_id`) REFERENCES `users_user` (`id`)
) ENGINE=InnoDB AUTO_INCREMENT=913 DEFAULT CHARSET=utf8;
/*!40101 SET character_set_client = @saved_cs_client */;

--
-- Dumping data for table `prediction_pointscored`
--

LOCK TABLES `prediction_pointscored` WRITE;
/*!40000 ALTER TABLE `prediction_pointscored` DISABLE KEYS */;
INSERT INTO `prediction_pointscored` VALUES (1,5,1,1,5,0,0,0),(2,5,1,2,5,0,0,0),(3,6,1,8,6,0,0,0),(4,5,1,9,5,0,0,0),(5,1,1,17,1,0,0,0),(6,5,1,7,5,0,0,0),(7,5,1,11,5,0,0,0),(8,5,1,6,5,0,0,0),(9,5,2,1,5,0,0,0),(10,7,2,2,7,0,0,1),(11,5,2,3,5,0,0,0),(12,4,2,5,4,0,0,0),(13,3,2,6,3,0,0,0),(14,4,2,7,4,0,0,0),(15,6,2,10,6,0,0,0),(16,9,2,11,9,0,0,1),(17,4,2,12,4,0,0,0),(18,5,2,13,5,0,0,0),(19,4,2,14,4,0,0,0),(20,5,2,15,5,0,0,0),(21,4,2,17,4,0,0,0),(22,5,1,3,5,0,0,0),(23,6,1,5,6,0,1,0),(24,5,1,12,5,0,0,0),(25,4,1,13,4,0,0,0),(26,6,1,14,6,0,0,0),(27,5,1,15,5,0,0,0),(28,5,1,16,5,0,0,0),(29,4,3,1,4,0,0,0),(30,5,3,2,5,0,0,0),(31,6,3,3,6,0,0,0),(32,4,3,5,4,0,0,0),(33,3,3,6,3,0,0,0),(34,4,3,7,4,0,0,0),(35,6,3,8,6,0,1,0),(36,4,3,9,4,0,0,0),(37,7,3,10,7,0,1,0),(38,3,3,11,3,0,0,0),(39,7,3,12,7,0,0,0),(40,6,3,13,6,0,0,0),(41,6,3,14,6,0,0,0),(42,7,3,15,7,0,0,0),(43,5,3,16,5,0,0,0),(44,5,3,17,5,0,0,0),(45,5,4,15,5,0,0,0),(46,4,4,13,4,0,0,0),(47,3,4,6,3,0,0,0),(48,5,4,8,5,0,0,0),(49,7,4,9,7,0,1,0),(50,4,4,7,4,0,0,0),(51,5,4,2,5,0,0,0),(52,4,4,3,4,0,0,0),(53,3,4,16,3,0,0,0),(54,5,4,14,5,0,0,0),(55,4,4,17,4,0,0,0),(56,6,4,10,6,0,1,0),(57,4,4,11,4,0,0,0),(58,4,4,5,4,0,0,0),(59,3,4,1,3,0,0,0),(60,6,5,15,6,0,0,0),(61,5,5,9,5,0,0,0),(62,5,5,3,5,0,0,0),(63,5,5,16,5,0,0,0),(64,5,5,10,5,0,0,0),(65,5,5,7,5,0,0,0),(66,5,5,14,5,0,0,0),(67,6,5,2,6,0,0,0),(68,4,5,5,4,0,0,0),(69,6,5,8,6,0,0,0),(70,5,5,11,5,0,0,0),(71,3,5,6,3,0,0,0),(72,7,5,1,7,0,0,1),(73,3,6,15,3,0,0,0),(74,3,6,3,3,0,0,0),(75,3,6,16,3,0,0,0),(76,2,6,10,2,0,0,0),(77,5,6,7,5,0,0,1),(78,6,6,14,6,0,0,1),(79,3,6,2,3,0,0,0),(80,2,6,5,2,0,0,0),(81,3,6,8,3,0,0,0),(82,2,6,6,2,0,0,0),(83,2,6,17,2,0,0,0),(84,2,6,11,2,0,0,0),(85,1,6,1,1,0,0,0),(86,2,6,13,2,0,0,0),(87,4,7,15,4,0,0,0),(88,3,7,3,3,0,0,0),(89,6,7,16,6,0,0,0),(90,3,7,10,3,0,0,0),(91,6,7,14,6,0,1,0),(92,4,7,2,4,0,0,0),(93,3,7,5,3,0,0,0),(94,4,7,8,4,0,0,0),(95,3,7,6,3,0,0,0),(96,3,7,17,3,0,0,0),(97,5,7,13,5,0,0,0),(98,5,7,7,5,0,0,0),(99,4,7,1,4,0,0,0),(100,3,8,15,3,0,0,0),(101,7,8,10,7,0,1,0),(102,8,8,2,8,0,1,0),(103,6,8,3,6,0,0,0),(104,4,8,13,4,0,0,0),(105,5,8,14,5,0,0,0),(106,7,8,5,7,0,1,0),(107,5,8,7,5,0,0,0),(108,5,8,1,5,0,0,0),(109,6,8,6,6,0,0,0),(110,4,8,11,4,0,0,0),(111,4,9,15,4,0,0,0),(112,7,9,6,7,0,0,1),(113,5,9,1,5,0,0,0),(114,7,9,17,7,0,0,0),(115,4,9,5,4,0,0,0),(116,7,9,16,7,0,0,0),(117,5,9,13,5,0,0,0),(118,3,9,8,3,0,0,0),(119,5,9,2,5,0,0,0),(120,4,9,10,4,0,0,0),(121,5,9,14,5,0,0,0),(122,7,9,3,7,0,0,0),(123,5,9,7,5,0,0,0),(124,5,10,1,5,0,0,0),(125,2,10,13,2,0,0,0),(126,4,10,6,4,0,0,0),(127,3,10,5,3,0,0,0),(128,3,10,10,3,0,0,0),(129,5,10,14,5,0,0,0),(130,4,10,7,4,0,0,0),(131,4,10,3,4,0,0,0),(132,4,10,17,4,0,0,0),(133,5,10,16,5,0,0,0),(134,3,10,8,3,0,0,0),(135,5,10,2,5,0,0,0),(136,8,10,15,8,0,1,0),(137,5,11,16,5,0,0,0),(138,4,11,1,4,0,0,0),(139,4,11,2,4,0,0,0),(140,4,11,6,4,0,0,0),(141,5,11,3,5,0,0,0),(142,3,11,11,3,0,0,0),(143,6,11,7,6,0,1,0),(144,4,11,5,4,0,0,0),(145,3,11,10,3,0,0,0),(146,3,11,14,3,0,0,0),(147,2,11,13,2,0,0,0),(148,5,11,12,5,0,0,0),(149,4,11,17,4,0,0,0),(150,5,11,8,5,0,0,0),(151,4,11,15,4,0,0,0),(152,5,12,2,5,0,0,0),(153,3,12,1,3,0,0,0),(154,3,12,5,3,0,0,0),(155,4,12,7,4,0,0,0),(156,5,12,16,5,0,0,0),(157,7,12,11,7,0,0,1),(158,5,12,10,5,0,0,0),(159,4,12,13,4,0,0,0),(160,5,12,14,5,0,0,0),(161,5,12,12,5,0,0,0),(162,2,12,17,2,0,0,0),(163,4,12,8,4,0,0,0),(164,4,12,15,4,0,0,0),(165,3,12,3,3,0,0,0),(166,7,13,2,7,0,0,0),(167,6,13,14,6,0,0,0),(168,6,13,13,6,0,0,0),(169,6,13,11,6,0,0,0),(170,6,13,1,6,0,0,0),(171,6,13,16,6,0,0,0),(172,5,13,6,5,0,0,0),(173,7,13,17,7,0,0,0),(174,6,13,9,6,0,0,0),(175,7,13,5,7,0,0,0),(176,5,13,10,5,0,0,0),(177,6,13,3,6,0,0,0),(178,7,13,12,7,0,0,0),(179,6,13,15,6,0,0,0),(180,5,13,7,5,0,0,0),(181,8,13,8,8,0,0,1),(182,4,14,16,4,0,0,0),(183,5,14,13,5,0,0,0),(184,8,14,14,8,0,0,1),(185,4,14,6,4,0,0,0),(186,4,14,9,4,0,0,0),(187,5,14,5,5,0,0,0),(188,8,14,7,8,0,0,1),(189,6,14,11,6,0,0,0),(190,4,14,10,4,0,0,0),(191,5,14,3,5,0,0,0),(192,5,14,12,5,0,0,0),(193,4,14,17,4,0,0,0),(194,5,14,8,5,0,0,0),(195,5,14,2,5,0,0,0),(196,5,14,15,5,0,0,0),(197,2,15,5,2,0,0,0),(198,1,15,13,1,0,0,0),(199,2,15,17,2,0,0,0),(200,4,15,16,4,0,0,1),(201,4,15,14,4,0,0,1),(202,5,15,12,5,0,0,1),(203,1,15,2,1,0,0,0),(204,2,15,15,2,0,0,0),(205,4,15,11,4,0,0,1),(206,1,15,7,1,0,0,0),(207,2,15,6,2,0,0,0),(208,1,15,9,1,0,0,0),(209,2,15,1,2,0,0,0),(210,1,15,3,1,0,0,0),(211,1,15,10,1,0,0,0),(212,1,15,8,1,0,0,0),(213,4,16,2,4,0,0,0),(214,3,16,11,3,0,0,0),(215,4,16,13,4,0,0,0),(216,5,16,5,5,0,0,0),(217,4,16,15,4,0,0,0),(218,4,16,12,4,0,0,0),(219,3,16,7,3,0,0,0),(220,5,16,6,5,0,0,0),(221,5,16,14,5,0,0,0),(222,5,16,9,5,0,0,0),(223,5,16,3,5,0,0,0),(224,4,16,10,4,0,0,0),(225,4,16,16,4,0,0,0),(226,7,16,8,7,0,0,1),(227,5,16,17,5,0,0,0),(228,5,17,14,5,0,0,0),(229,4,17,1,4,0,0,0),(230,5,17,16,5,0,0,0),(231,5,17,11,5,0,0,0),(232,6,17,13,6,0,0,0),(233,8,17,5,8,0,1,0),(234,5,17,15,5,0,0,0),(235,4,17,12,4,0,0,0),(236,5,17,7,5,0,0,0),(237,5,17,6,5,0,0,0),(238,4,17,9,4,0,0,0),(239,4,17,3,4,0,0,0),(240,4,17,10,4,0,0,0),(241,4,17,8,4,0,0,0),(242,7,17,17,7,0,1,0),(243,4,17,2,4,0,0,0),(244,6,18,3,6,0,0,0),(245,6,18,5,6,0,0,0),(246,4,18,7,4,0,0,0),(247,5,18,2,5,0,0,0),(248,5,18,6,5,0,0,0),(249,6,18,12,6,0,0,0),(250,6,18,15,6,0,0,0),(251,6,18,13,6,0,0,0),(252,6,18,17,6,0,0,0),(253,6,18,11,6,0,0,0),(254,5,18,14,5,0,0,0),(255,6,18,16,6,0,0,0),(256,9,18,9,9,0,0,1),(257,5,18,1,5,0,0,0),(258,7,18,10,7,0,0,1),(259,5,18,8,5,0,0,0),(260,5,19,14,5,0,0,0),(261,5,19,5,5,0,0,0),(262,4,19,7,4,0,0,0),(263,5,19,1,5,0,0,0),(264,6,19,2,6,0,0,0),(265,4,19,6,4,0,0,0),(266,5,19,13,5,0,0,0),(267,5,19,12,5,0,0,0),(268,5,19,15,5,0,0,0),(269,4,19,11,4,0,0,0),(270,5,19,17,5,0,0,0),(271,5,19,16,5,0,0,0),(272,4,19,9,4,0,0,0),(273,4,19,10,4,0,0,0),(274,5,19,8,5,0,0,0),(275,8,19,3,8,0,0,1),(276,5,20,14,5,0,0,0),(277,8,20,16,8,0,1,0),(278,8,20,2,8,0,1,0),(279,8,20,13,8,0,1,0),(280,8,20,3,8,0,1,0),(281,8,20,5,8,0,1,0),(282,4,20,7,4,0,0,0),(283,5,20,6,5,0,0,0),(284,8,20,15,8,0,1,0),(285,7,20,12,7,0,1,0),(286,8,20,11,8,0,1,0),(287,7,20,17,7,0,1,0),(288,8,20,9,8,0,1,0),(289,5,20,1,5,0,0,0),(290,7,20,10,7,0,1,0),(291,8,20,8,8,0,1,0),(292,6,21,5,6,0,0,0),(293,3,21,1,3,0,0,0),(294,3,21,2,3,0,0,0),(295,3,21,6,3,0,0,0),(296,6,21,14,6,0,0,1),(297,6,21,7,6,0,0,1),(298,3,21,17,3,0,0,0),(299,3,21,15,3,0,0,0),(300,6,21,16,6,0,0,1),(301,3,21,9,3,0,0,0),(302,3,21,13,3,0,0,0),(303,3,21,8,3,0,0,0),(304,3,21,3,3,0,0,0),(305,3,21,10,3,0,0,0),(306,6,22,3,6,0,0,0),(307,10,22,16,10,0,1,0),(308,4,22,12,4,0,0,0),(309,6,22,5,6,0,0,0),(310,6,22,14,6,0,0,0),(311,6,22,1,6,0,0,0),(312,4,22,6,4,0,0,0),(313,6,22,7,6,0,0,0),(314,8,22,15,8,0,1,0),(315,6,22,17,6,0,0,0),(316,5,22,9,5,0,0,0),(317,6,22,13,6,0,0,0),(318,5,22,8,5,0,0,0),(319,6,22,2,6,0,0,0),(320,5,22,10,5,0,0,0),(321,3,23,1,3,0,0,0),(322,2,23,2,2,0,0,0),(323,4,23,16,4,0,0,0),(324,4,23,14,4,0,0,0),(325,4,23,3,4,0,0,0),(326,6,23,12,6,0,0,1),(327,7,23,5,7,0,0,1),(328,4,23,6,4,0,0,0),(329,4,23,15,4,0,0,0),(330,4,23,17,4,0,0,0),(331,4,23,9,4,0,0,0),(332,4,23,13,4,0,0,0),(333,4,23,8,4,0,0,0),(334,7,23,11,7,0,0,1),(335,4,23,10,4,0,0,0),(336,6,24,6,6,0,0,0),(337,5,24,7,5,0,0,0),(338,5,24,5,5,0,0,0),(339,6,24,3,6,0,0,0),(340,5,24,2,5,0,0,0),(341,5,24,14,5,0,0,0),(342,5,24,1,5,0,0,0),(343,6,24,16,6,0,0,0),(344,9,24,15,9,0,0,1),(345,4,24,8,4,0,0,0),(346,6,24,11,6,0,0,0),(347,5,24,17,5,0,0,0),(348,5,24,9,5,0,0,0),(349,5,24,13,5,0,0,0),(350,8,24,10,8,0,0,1),(351,3,25,14,3,0,0,0),(352,4,25,7,4,0,0,0),(353,4,25,1,4,0,0,0),(354,3,25,5,3,0,0,0),(355,3,25,2,3,0,0,0),(356,3,25,6,3,0,0,0),(357,3,25,3,3,0,0,0),(358,3,25,16,3,0,0,0),(359,5,25,15,5,0,0,0),(360,5,25,17,5,0,0,0),(361,4,25,11,4,0,0,0),(362,3,25,9,3,0,0,0),(363,3,25,8,3,0,0,0),(364,4,25,13,4,0,0,0),(365,8,25,10,8,0,0,1),(366,5,26,14,5,0,0,0),(367,4,26,16,4,0,0,0),(368,6,26,13,6,0,0,0),(369,4,26,12,4,0,0,0),(370,4,26,7,4,0,0,0),(371,6,26,5,6,0,0,0),(372,9,26,6,9,0,0,1),(373,5,26,9,5,0,0,0),(374,5,26,2,5,0,0,0),(375,6,26,3,6,0,0,0),(376,5,26,15,5,0,0,0),(377,5,26,17,5,0,0,0),(378,5,26,11,5,0,0,0),(379,6,26,8,6,0,0,0),(380,4,26,10,4,0,0,0),(381,4,27,2,4,0,0,0),(382,4,27,7,4,0,0,0),(383,4,27,5,4,0,0,0),(384,4,27,8,4,0,0,0),(385,3,27,6,3,0,0,0),(386,4,27,13,4,0,0,0),(387,4,27,3,4,0,0,0),(388,3,27,15,3,0,0,0),(389,7,27,10,7,0,0,1),(390,4,27,14,4,0,0,0),(391,4,27,16,4,0,0,0),(392,4,27,1,4,0,0,0),(393,4,28,11,4,0,0,0),(394,5,28,13,5,0,0,0),(395,4,28,17,4,0,0,0),(396,6,28,12,6,0,0,0),(397,5,28,14,5,0,0,0),(398,4,28,8,4,0,0,0),(399,5,28,7,5,0,0,0),(400,9,28,5,9,0,0,1),(401,4,28,6,4,0,0,0),(402,4,28,3,4,0,0,0),(403,4,28,15,4,0,0,0),(404,7,28,10,7,0,0,1),(405,5,28,2,5,0,0,0),(406,5,28,16,5,0,0,0),(407,4,28,1,4,0,0,0),(408,3,29,2,3,0,0,0),(409,5,29,16,5,0,0,0),(410,9,29,13,9,0,1,0),(411,4,29,14,4,0,0,0),(412,5,29,5,5,0,0,0),(413,5,29,11,5,0,0,0),(414,4,29,17,4,0,0,0),(415,5,29,12,5,0,0,0),(416,6,29,8,6,0,0,0),(417,4,29,1,4,0,0,0),(418,4,29,7,4,0,0,0),(419,7,29,6,7,0,1,0),(420,4,29,3,4,0,0,0),(421,5,29,15,5,0,0,0),(422,3,29,10,3,0,0,0),(423,3,30,2,3,0,0,0),(424,3,30,5,3,0,0,0),(425,4,30,6,4,0,0,0),(426,3,30,10,3,0,0,0),(427,4,30,8,4,0,0,0),(428,3,30,11,3,0,0,0),(429,3,30,1,3,0,0,0),(430,3,30,12,3,0,0,0),(431,3,30,3,3,0,0,0),(432,4,30,15,4,0,0,0),(433,6,30,16,6,0,0,1),(434,3,30,14,3,0,0,0),(435,8,31,14,8,0,0,1),(436,4,31,13,4,0,0,0),(437,3,31,16,3,0,0,0),(438,4,31,6,4,0,0,0),(439,5,31,10,5,0,0,0),(440,5,31,2,5,0,0,0),(441,4,31,7,4,0,0,0),(442,4,31,17,4,0,0,0),(443,8,31,5,8,0,0,1),(444,5,31,12,5,0,0,0),(445,7,31,8,7,0,0,1),(446,3,31,1,3,0,0,0),(447,4,31,3,4,0,0,0),(448,5,31,15,5,0,0,0),(449,3,32,1,3,0,0,0),(450,7,32,14,7,0,0,1),(451,5,32,5,5,0,0,0),(452,6,32,2,6,0,0,0),(453,6,32,7,6,0,0,0),(454,5,32,13,5,0,0,0),(455,7,32,16,7,0,0,1),(456,3,32,6,3,0,0,0),(457,5,32,10,5,0,0,0),(458,4,32,17,4,0,0,0),(459,6,32,12,6,0,0,0),(460,4,32,8,4,0,0,0),(461,6,32,11,6,0,0,0),(462,6,32,3,6,0,0,0),(463,6,32,15,6,0,0,0),(465,2,34,5,2,0,0,0),(466,3,34,6,3,0,0,0),(467,2,34,16,2,0,0,0),(468,6,34,9,6,0,1,0),(469,4,34,1,4,0,0,0),(470,3,34,14,3,0,0,0),(471,4,34,2,4,0,0,0),(472,4,34,3,4,0,0,0),(473,2,34,8,2,0,0,0),(474,2,34,12,2,0,0,0),(475,2,34,17,2,0,0,0),(476,5,34,11,5,0,1,0),(477,2,34,7,2,0,0,0),(478,2,34,10,2,0,0,0),(479,5,34,15,5,0,1,0),(480,2,34,13,2,0,0,0),(481,7,33,14,7,0,0,1),(482,5,33,5,5,0,0,0),(483,3,33,16,3,0,0,0),(484,5,33,6,5,0,0,0),(485,9,33,3,9,0,0,1),(486,3,33,9,3,0,0,0),(487,4,33,1,4,0,0,0),(488,6,33,2,6,0,0,0),(489,3,33,12,3,0,0,0),(490,4,33,17,4,0,0,0),(491,3,33,11,3,0,0,0),(492,5,33,7,5,0,0,0),(493,4,33,10,4,0,0,0),(494,4,33,13,4,0,0,0),(495,4,33,15,4,0,0,0),(496,3,36,14,3,0,0,0),(497,3,36,6,3,0,0,0),(498,3,36,8,3,0,0,0),(499,4,36,1,4,0,0,0),(500,4,36,2,4,0,0,0),(501,4,36,5,4,0,0,0),(502,4,36,13,4,0,0,0),(503,3,36,16,3,0,0,0),(504,4,36,3,4,0,0,0),(505,3,36,9,3,0,0,0),(506,5,36,12,5,0,0,0),(507,3,36,17,3,0,0,0),(508,4,36,7,4,0,0,0),(509,4,36,11,4,0,0,0),(510,4,36,15,4,0,0,0),(511,4,36,10,4,0,0,0),(512,5,35,6,5,0,0,0),(513,4,35,14,4,0,0,0),(514,5,35,8,5,0,0,0),(515,7,35,2,7,0,1,0),(516,5,35,13,5,0,0,0),(517,7,35,16,7,0,1,0),(518,4,35,5,4,0,0,0),(519,4,35,3,4,0,0,0),(520,5,35,1,5,0,0,0),(521,4,35,9,4,0,0,0),(522,4,35,12,4,0,0,0),(523,4,35,17,4,0,0,0),(524,5,35,7,5,0,0,0),(525,3,35,10,3,0,0,0),(526,5,35,11,5,0,0,0),(527,5,35,15,5,0,0,0),(528,7,38,6,7,0,1,0),(529,7,38,5,7,0,1,0),(530,6,38,8,6,0,1,0),(531,3,38,11,3,0,0,0),(532,7,38,9,7,0,1,0),(533,7,38,14,7,0,1,0),(534,6,38,13,6,0,1,0),(535,7,38,3,7,0,1,0),(536,6,38,15,6,0,1,0),(537,2,38,1,2,0,0,0),(538,7,38,17,7,0,1,0),(539,2,38,2,2,0,0,0),(540,5,38,12,5,0,1,0),(541,6,38,16,6,0,1,0),(542,3,38,7,3,0,0,0),(543,6,38,10,6,0,1,0),(544,4,37,6,4,0,0,0),(545,2,37,2,2,0,0,0),(546,4,37,1,4,0,0,0),(547,6,37,5,6,0,0,1),(548,6,37,8,6,0,0,0),(549,3,37,11,3,0,0,0),(550,3,37,9,3,0,0,0),(551,3,37,14,3,0,0,0),(552,3,37,13,3,0,0,0),(553,3,37,15,3,0,0,0),(554,4,37,17,4,0,0,0),(555,7,37,16,7,0,0,1),(556,2,37,12,2,0,0,0),(557,4,37,7,4,0,0,0),(558,3,37,3,3,0,0,0),(559,4,37,10,4,0,0,0),(560,4,40,14,4,0,0,0),(561,4,40,16,4,0,0,0),(562,4,40,13,4,0,0,0),(563,4,40,6,4,0,0,0),(564,6,40,1,6,0,0,0),(565,6,40,8,6,0,0,0),(566,3,40,11,3,0,0,0),(567,3,40,9,3,0,0,0),(568,3,40,15,3,0,0,0),(569,5,40,17,5,0,0,0),(570,4,40,2,4,0,0,0),(571,8,40,12,8,0,1,0),(572,3,40,7,3,0,0,0),(573,4,40,3,4,0,0,0),(574,3,40,10,3,0,0,0),(575,9,39,14,9,0,0,1),(576,7,39,1,7,0,0,0),(577,7,39,16,7,0,0,1),(578,7,39,2,7,0,0,0),(579,6,39,6,6,0,0,0),(580,5,39,8,5,0,0,0),(581,8,39,11,8,0,0,1),(582,4,39,9,4,0,0,0),(583,4,39,13,4,0,0,0),(584,4,39,3,4,0,0,0),(585,4,39,15,4,0,0,0),(586,4,39,17,4,0,0,0),(587,4,39,12,4,0,0,0),(588,6,39,7,6,0,0,0),(589,6,39,10,6,0,0,0),(590,2,42,2,2,0,0,0),(591,2,42,6,2,0,0,0),(592,4,42,1,4,0,0,0),(593,2,42,5,2,0,0,0),(594,5,42,11,5,0,0,0),(595,2,42,14,2,0,0,0),(596,2,42,17,2,0,0,0),(597,2,42,7,2,0,0,0),(598,3,42,8,3,0,0,0),(599,2,42,3,2,0,0,0),(600,5,42,9,5,0,0,1),(601,2,42,12,2,0,0,0),(602,2,42,10,2,0,0,0),(603,2,42,16,2,0,0,0),(604,2,42,15,2,0,0,0),(605,2,42,13,2,0,0,0),(606,4,41,2,4,0,0,0),(607,3,41,6,3,0,0,0),(608,3,41,1,3,0,0,0),(609,4,41,5,4,0,0,0),(610,4,41,11,4,0,0,0),(611,4,41,14,4,0,0,0),(612,4,41,17,4,0,0,0),(613,3,41,7,3,0,0,0),(614,4,41,8,4,0,0,0),(615,4,41,3,4,0,0,0),(616,4,41,9,4,0,0,0),(617,3,41,12,3,0,0,0),(618,7,41,10,7,0,1,0),(619,4,41,16,4,0,0,0),(620,4,41,15,4,0,0,0),(621,4,41,13,4,0,0,0),(622,4,44,15,4,0,0,0),(623,5,44,2,5,0,0,0),(624,3,44,6,3,0,0,0),(625,8,44,16,8,0,1,0),(626,4,44,14,4,0,0,0),(627,5,44,11,5,0,0,0),(628,3,44,1,3,0,0,0),(629,4,44,5,4,0,0,0),(630,4,44,7,4,0,0,0),(631,4,44,17,4,0,0,0),(632,3,44,3,3,0,0,0),(633,5,44,9,5,0,0,0),(634,4,44,12,4,0,0,0),(635,4,44,10,4,0,0,0),(636,5,44,13,5,0,0,0),(637,7,43,2,7,0,0,0),(638,6,43,14,6,0,0,0),(639,9,43,6,9,0,0,1),(640,6,43,11,6,0,0,0),(641,7,43,16,7,0,0,0),(642,6,43,1,6,0,0,0),(643,7,43,5,7,0,0,0),(644,6,43,7,6,0,0,0),(645,6,43,17,6,0,0,0),(646,6,43,3,6,0,0,0),(647,6,43,9,6,0,0,0),(648,4,43,12,4,0,0,0),(649,7,43,10,7,0,0,0),(650,4,43,13,4,0,0,0),(651,6,43,15,6,0,0,0),(652,4,45,14,4,0,0,0),(653,3,45,2,3,0,0,0),(654,4,45,5,4,0,0,0),(655,5,45,6,5,0,0,0),(656,4,45,1,4,0,0,0),(657,5,45,9,5,0,0,0),(658,4,45,13,4,0,0,0),(659,4,45,12,4,0,0,0),(660,3,45,17,3,0,0,0),(661,5,45,16,5,0,0,0),(662,4,45,7,4,0,0,0),(663,3,45,15,3,0,0,0),(664,7,45,8,7,0,0,0),(665,4,45,11,4,0,0,0),(666,6,45,3,6,0,0,1),(667,4,45,10,4,0,0,0),(668,5,46,2,5,0,0,0),(669,6,46,5,6,0,0,0),(670,4,46,6,4,0,0,0),(671,4,46,1,4,0,0,0),(672,4,46,9,4,0,0,0),(673,4,46,13,4,0,0,0),(674,3,46,12,3,0,0,0),(675,5,46,14,5,0,0,0),(676,4,46,17,4,0,0,0),(677,6,46,7,6,0,0,1),(678,5,46,16,5,0,0,0),(679,3,46,15,3,0,0,0),(680,6,46,8,6,0,0,0),(681,4,46,11,4,0,0,0),(682,3,46,3,3,0,0,0),(683,4,46,10,4,0,0,0),(684,7,47,6,7,0,0,0),(685,7,47,14,7,0,1,0),(686,9,47,16,9,0,1,0),(687,7,47,2,7,0,1,0),(688,8,47,13,8,0,1,0),(689,6,47,1,6,0,1,0),(690,4,47,9,4,0,0,0),(691,7,47,12,7,0,1,0),(692,6,47,17,6,0,0,0),(693,8,47,7,8,0,1,0),(694,4,47,15,4,0,0,0),(695,5,47,8,5,0,0,0),(696,4,47,10,4,0,0,0),(697,5,47,3,5,0,0,0),(698,5,48,6,5,0,0,0),(699,5,48,14,5,0,0,0),(700,4,48,16,4,0,0,0),(701,4,48,2,4,0,0,0),(702,3,48,13,3,0,0,0),(703,3,48,17,3,0,0,0),(704,3,48,1,3,0,0,0),(705,4,48,9,4,0,0,0),(706,3,48,12,3,0,0,0),(707,3,48,7,3,0,0,0),(708,5,48,15,5,0,0,0),(709,3,48,8,3,0,0,0),(710,3,48,3,3,0,0,0),(711,4,48,10,4,0,0,0),(712,3,50,14,3,0,0,0),(713,4,50,1,4,0,0,0),(714,5,50,6,5,0,0,0),(715,3,50,16,3,0,0,0),(716,3,50,2,3,0,0,0),(717,3,50,3,3,0,0,0),(718,3,50,5,3,0,0,0),(719,4,50,12,4,0,0,0),(720,3,50,15,3,0,0,0),(721,2,50,17,2,0,0,0),(722,3,50,13,3,0,0,0),(723,16,50,11,16,0,1,0),(724,3,50,8,3,0,0,0),(725,2,50,9,2,0,0,0),(726,4,50,7,4,0,0,0),(727,2,50,10,2,0,0,0),(728,5,49,6,5,0,0,0),(729,3,49,1,3,0,0,0),(730,2,49,14,2,0,0,0),(731,3,49,16,3,0,0,0),(732,4,49,13,4,0,0,0),(733,6,49,2,6,0,0,0),(734,18,49,3,18,0,0,1),(735,3,49,12,3,0,0,0),(736,4,49,15,4,0,0,0),(737,4,49,11,4,0,0,0),(738,6,49,17,6,0,0,0),(739,2,49,7,2,0,0,0),(740,3,49,8,3,0,0,0),(741,3,49,9,3,0,0,0),(742,3,49,10,3,0,0,0),(743,3,51,2,3,0,0,0),(744,5,51,10,5,0,0,0),(745,3,51,3,3,0,0,0),(746,3,51,17,3,0,0,0),(747,4,51,14,4,0,0,0),(748,3,51,15,3,0,0,0),(749,4,51,16,4,0,0,0),(750,5,51,7,5,0,0,0),(751,3,51,13,3,0,0,0),(752,3,51,6,3,0,0,0),(753,16,51,8,16,0,1,0),(754,3,51,1,3,0,0,0),(755,3,51,12,3,0,0,0),(756,5,52,6,5,0,0,0),(757,4,52,14,4,0,0,0),(758,5,52,16,5,0,0,0),(759,5,52,2,5,0,0,0),(760,3,52,8,3,0,0,0),(761,4,52,12,4,0,0,0),(762,5,52,1,5,0,0,0),(763,4,52,3,4,0,0,0),(764,17,52,17,17,0,0,1),(765,4,52,10,4,0,0,0),(766,6,52,7,6,0,0,0),(767,4,52,13,4,0,0,0),(768,3,53,2,3,0,0,0),(769,3,53,14,3,0,0,0),(770,4,53,6,4,0,0,0),(771,4,53,1,4,0,0,0),(772,5,53,16,5,0,0,0),(773,17,53,12,17,0,1,0),(774,6,53,9,6,0,0,0),(775,5,53,7,5,0,0,0),(776,5,53,13,5,0,0,0),(777,4,53,3,4,0,0,0),(778,5,53,8,5,0,0,0),(779,6,53,15,6,0,0,0),(780,4,53,17,4,0,0,0),(781,4,53,11,4,0,0,0),(782,3,53,10,3,0,0,0),(783,4,54,6,4,0,0,0),(784,17,54,16,17,0,0,1),(785,5,54,13,5,0,0,0),(786,4,54,14,4,0,0,0),(787,3,54,2,3,0,0,0),(788,4,54,1,4,0,0,0),(789,3,54,7,3,0,0,0),(790,4,54,9,4,0,0,0),(791,5,54,17,5,0,0,0),(792,4,54,12,4,0,0,0),(793,5,54,3,5,0,0,0),(794,4,54,8,4,0,0,0),(795,4,54,15,4,0,0,0),(796,4,54,11,4,0,0,0),(797,4,54,10,4,0,0,0),(798,3,55,6,3,0,0,0),(799,2,55,2,2,0,0,0),(800,3,55,14,3,0,0,0),(801,3,55,1,3,0,0,0),(802,5,55,3,5,0,0,0),(803,4,55,16,4,0,0,0),(804,4,55,17,4,0,0,0),(805,15,55,7,15,0,1,0),(806,3,55,12,3,0,0,0),(807,4,55,13,4,0,0,0),(808,4,55,9,4,0,0,0),(809,4,55,8,4,0,0,0),(810,3,55,10,3,0,0,0),(811,6,55,15,6,0,0,0),(812,5,56,14,5,0,0,0),(813,5,56,16,5,0,0,0),(814,18,56,6,18,0,0,1),(815,4,56,1,4,0,0,0),(816,6,56,3,6,0,0,0),(817,5,56,15,5,0,0,0),(818,5,56,17,5,0,0,0),(819,4,56,7,4,0,0,0),(820,5,56,12,5,0,0,0),(821,5,56,13,5,0,0,0),(822,5,56,9,5,0,0,0),(823,4,56,2,4,0,0,0),(824,5,56,8,5,0,0,0),(825,4,56,10,4,0,0,0),(826,6,57,14,6,0,0,0),(827,5,57,2,5,0,0,0),(828,4,57,6,4,0,0,0),(829,5,57,17,5,0,0,0),(830,4,57,1,4,0,0,0),(831,4,57,12,4,0,0,0),(832,29,57,9,29,0,1,0),(833,6,57,16,6,0,0,0),(834,6,57,15,6,0,0,0),(835,4,57,10,4,0,0,0),(836,6,57,8,6,0,0,0),(837,4,57,11,4,0,0,0),(838,3,57,13,3,0,0,0),(839,4,57,3,4,0,0,0),(840,3,57,7,3,0,0,0),(841,3,58,6,3,0,0,0),(842,30,58,14,30,0,1,0),(843,5,58,1,5,0,0,0),(844,3,58,16,3,0,0,0),(845,5,58,7,5,0,0,0),(846,5,58,17,5,0,0,0),(847,5,58,2,5,0,0,0),(848,6,58,12,6,0,0,0),(849,6,58,8,6,0,0,0),(850,29,58,3,29,0,1,0),(851,4,58,15,4,0,0,0),(852,6,58,13,6,0,0,0),(853,5,58,10,5,0,0,0),(854,7,59,14,7,0,0,0),(855,7,59,6,7,0,0,0),(856,29,59,16,29,0,1,0),(857,6,59,17,6,0,0,0),(858,6,59,2,6,0,0,0),(859,6,59,15,6,0,0,0),(860,7,59,11,7,0,0,0),(861,6,59,10,6,0,0,0),(862,4,60,2,4,0,0,0),(863,4,60,16,4,0,0,0),(864,4,60,13,4,0,0,0),(865,4,60,15,4,0,0,0),(866,4,60,1,4,0,0,0),(867,29,60,3,29,0,0,1),(868,4,60,10,4,0,0,0),(869,5,60,7,5,0,0,0),(870,4,61,14,4,0,0,0),(871,4,61,6,4,0,0,0),(872,4,61,3,4,0,0,0),(873,4,61,2,4,0,0,0),(874,38,61,15,38,0,0,1),(875,4,61,13,4,0,0,0),(876,37,61,1,37,0,0,1),(877,3,61,8,3,0,0,0),(878,4,61,10,4,0,0,0),(879,3,61,17,3,0,0,0),(880,7,61,11,7,0,0,0),(881,4,61,16,4,0,0,0),(882,2,61,7,2,0,0,0),(883,5,62,14,5,0,0,0),(884,40,62,15,40,0,1,0),(885,4,62,16,4,0,0,0),(886,4,62,13,4,0,0,0),(887,4,62,12,4,0,0,0),(888,4,62,6,4,0,0,0),(889,4,62,3,4,0,0,0),(890,35,62,1,35,0,1,0),(891,3,62,8,3,0,0,0),(892,6,62,10,6,0,0,0),(893,2,62,7,2,0,0,0),(894,4,63,14,4,0,0,0),(895,4,63,8,4,0,0,0),(896,5,63,16,5,0,0,0),(897,5,63,2,5,0,0,0),(898,47,63,17,47,0,0,1),(899,7,63,3,7,0,0,0),(900,5,63,13,5,0,0,0),(901,5,63,10,5,0,0,0),(902,6,63,15,6,0,0,0),(903,3,64,16,3,0,0,0),(904,4,64,6,4,0,0,0),(905,56,64,3,56,0,0,1),(906,3,64,14,3,0,0,0),(907,3,64,15,3,0,0,0),(908,4,64,7,4,0,0,0),(909,5,64,1,5,0,0,0),(910,3,64,2,3,0,0,0),(911,3,64,17,3,0,0,0),(912,3,64,10,3,0,0,0);
/*!40000 ALTER TABLE `prediction_pointscored` ENABLE KEYS */;
UNLOCK TABLES;

--
-- Table structure for table `prediction_prediction`
--

DROP TABLE IF EXISTS `prediction_prediction`;
/*!40101 SET @saved_cs_client     = @@character_set_client */;
/*!40101 SET character_set_client = utf8 */;
CREATE TABLE `prediction_prediction` (
  `id` int(11) NOT NULL AUTO_INCREMENT,
  `home_goal` smallint(5) unsigned NOT NULL,
  `away_goal` smallint(5) unsigned NOT NULL,
  `red_card` tinyint(1) NOT NULL,
  `yellow_card` tinyint(1) NOT NULL,
  `match_id` int(11) NOT NULL,
  `user_id` int(11) NOT NULL,
  `winning_team_id` int(11) DEFAULT NULL,
  `bonus_answer` varchar(255) NOT NULL,
  `most_foul_id` int(11) DEFAULT NULL,
  `penalty_goal` tinyint(1) NOT NULL,
  `created` datetime(6) NOT NULL,
  `modified` datetime(6) NOT NULL,
  PRIMARY KEY (`id`),
  KEY `prediction_prediction_match_id_5ee2b5e0_fk_match_match_id` (`match_id`),
  KEY `prediction_prediction_user_id_fa8fd0d0_fk_users_user_id` (`user_id`),
  KEY `prediction_predictio_winning_team_id_73d10a3d_fk_match_cou` (`winning_team_id`),
  KEY `prediction_prediction_most_foul_id_4ec065ff_fk_match_country_id` (`most_foul_id`),
  CONSTRAINT `prediction_predictio_winning_team_id_73d10a3d_fk_match_cou` FOREIGN KEY (`winning_team_id`) REFERENCES `match_country` (`id`),
  CONSTRAINT `prediction_prediction_match_id_5ee2b5e0_fk_match_match_id` FOREIGN KEY (`match_id`) REFERENCES `match_match` (`id`),
  CONSTRAINT `prediction_prediction_most_foul_id_4ec065ff_fk_match_country_id` FOREIGN KEY (`most_foul_id`) REFERENCES `match_country` (`id`),
  CONSTRAINT `prediction_prediction_user_id_fa8fd0d0_fk_users_user_id` FOREIGN KEY (`user_id`) REFERENCES `users_user` (`id`)
) ENGINE=InnoDB AUTO_INCREMENT=915 DEFAULT CHARSET=utf8;
/*!40101 SET character_set_client = @saved_cs_client */;

--
-- Dumping data for table `prediction_prediction`
--

LOCK TABLES `prediction_prediction` WRITE;
/*!40000 ALTER TABLE `prediction_prediction` DISABLE KEYS */;
INSERT INTO `prediction_prediction` VALUES (1,1,0,0,1,1,1,1,'5',2,0,'2018-06-17 11:59:44.243662','2018-06-19 20:35:06.804519'),(2,2,1,0,1,1,2,1,'8',1,0,'2018-06-17 11:59:44.243662','2018-06-19 20:35:06.941412'),(3,5,0,0,1,1,8,1,'10',2,0,'2018-06-17 11:59:44.243662','2018-06-19 20:35:06.926647'),(4,2,0,0,1,1,9,1,'7',2,0,'2018-06-17 11:59:44.243662','2018-06-19 20:35:06.912037'),(6,3,2,0,1,1,7,1,'4',1,0,'2018-06-17 11:59:44.243662','2018-06-19 20:35:06.901415'),(7,2,1,0,1,1,11,1,'9',1,0,'2018-06-17 11:59:44.243662','2018-06-19 20:35:06.889434'),(8,2,0,0,1,1,6,1,'7',2,0,'2018-06-17 11:59:44.243662','2018-06-19 20:35:06.873424'),(9,0,2,0,1,2,3,4,'38',4,0,'2018-06-17 11:59:44.243662','2018-06-19 20:39:57.334725'),(10,1,2,0,1,2,12,4,'55',4,0,'2018-06-17 11:59:44.243662','2018-06-19 20:39:57.429940'),(11,0,2,0,1,2,13,4,'60%',4,0,'2018-06-17 11:59:44.243662','2018-06-19 20:39:57.417785'),(12,1,2,0,1,2,17,4,'48',4,0,'2018-06-17 11:59:44.243662','2018-06-19 20:39:57.410055'),(13,0,2,0,1,2,15,4,'55%',4,0,'2018-06-17 11:59:44.243662','2018-06-19 20:39:57.399067'),(14,0,1,0,1,3,15,8,'90kms',7,0,'2018-06-17 11:59:44.243662','2018-06-19 20:43:46.047366'),(15,1,2,0,1,2,14,4,'51%',4,0,'2018-06-17 11:59:44.243662','2018-06-19 20:39:57.391754'),(16,1,3,0,1,4,15,6,'9',5,1,'2018-06-17 11:59:44.243662','2018-06-19 20:47:44.165437'),(17,3,1,0,1,5,15,9,'100',10,1,'2018-06-17 11:59:44.243662','2018-06-19 20:52:19.686358'),(18,3,0,0,1,6,15,13,'75%',14,0,'2018-06-17 11:59:44.243662','2018-06-17 12:00:14.508454'),(19,1,2,0,1,7,15,12,'53%',11,0,'2018-06-17 11:59:44.243662','2018-06-17 12:00:14.508454'),(20,3,2,0,1,8,15,15,'5',16,0,'2018-06-17 11:59:44.243662','2018-06-17 12:00:14.508454'),(21,0,1,0,1,3,13,8,'110',8,0,'2018-06-17 11:59:44.243662','2018-06-19 20:43:46.158208'),(22,0,1,0,1,3,14,7,'88Kms',7,0,'2018-06-17 11:59:44.243662','2018-06-19 20:43:46.149378'),(23,1,2,0,1,9,15,20,'200km',20,0,'2018-06-17 11:59:44.243662','2018-06-17 12:00:14.508454'),(24,1,2,0,1,4,13,6,'4',5,1,'2018-06-17 11:59:44.243662','2018-06-19 20:47:44.341391'),(25,0,1,0,1,2,10,4,'55',4,0,'2018-06-17 11:59:44.243662','2018-06-19 20:39:57.383290'),(26,1,3,1,1,2,6,4,'60%',4,0,'2018-06-17 11:59:44.243662','2018-06-19 20:39:57.376189'),(27,2,0,0,1,3,6,7,'101',8,0,'2018-06-17 11:59:44.243662','2018-06-19 20:43:46.140533'),(28,1,2,1,1,4,6,6,'9',5,1,'2018-06-17 11:59:44.243662','2018-06-19 20:47:44.329380'),(29,1,2,0,1,2,5,4,'55%',4,0,'2018-06-17 11:59:44.243662','2018-06-19 20:39:57.368535'),(30,0,4,0,1,2,1,4,'68%',4,0,'2018-06-17 11:59:44.243662','2018-06-19 20:39:57.359602'),(31,1,2,0,1,2,2,4,'75 %',4,0,'2018-06-17 11:59:44.243662','2018-06-19 20:39:57.352462'),(32,1,2,0,1,2,7,4,'30',4,0,'2018-06-17 11:59:44.243662','2018-06-19 20:39:57.345114'),(33,0,1,0,1,2,11,4,'75',4,0,'2018-06-17 11:59:44.243662','2018-06-19 20:39:57.438638'),(34,2,0,0,1,3,10,7,'100',7,0,'2018-06-17 11:59:44.243662','2018-06-19 20:43:46.132566'),(35,3,0,0,1,3,8,7,'100',8,0,'2018-06-17 11:59:44.243662','2018-06-19 20:43:46.125383'),(36,2,0,0,1,3,9,8,'79kms',8,0,'2018-06-17 11:59:44.243662','2018-06-19 20:43:46.116433'),(37,1,2,0,0,3,11,8,'48',8,0,'2018-06-17 11:59:44.243662','2018-06-19 20:43:46.109120'),(38,1,1,0,1,4,8,NULL,'6',5,1,'2018-06-17 11:59:44.243662','2018-06-19 20:47:44.316651'),(39,2,1,0,1,4,9,5,'8',5,1,'2018-06-17 11:59:44.243662','2018-06-19 20:47:44.308394'),(40,3,1,0,1,5,9,9,'86',9,1,'2018-06-17 11:59:44.243662','2018-06-19 20:52:19.790130'),(41,0,2,0,1,3,16,8,'115',8,0,'2018-06-17 11:59:44.243662','2018-06-19 20:43:46.098781'),(42,1,3,0,0,3,7,8,'103',7,0,'2018-06-17 11:59:44.243662','2018-06-19 20:43:46.092019'),(43,0,1,0,1,3,12,8,'110',7,0,'2018-06-17 11:59:44.243662','2018-06-19 20:43:46.084978'),(44,1,2,0,1,4,7,6,'9',5,1,'2018-06-17 11:59:44.243662','2018-06-19 20:47:44.293391'),(45,2,1,0,1,3,2,7,'105 Km',7,0,'2018-06-17 11:59:44.243662','2018-06-19 20:43:46.077512'),(46,1,1,0,1,4,2,NULL,'11',5,1,'2018-06-17 11:59:44.243662','2018-06-19 20:47:44.281387'),(47,1,2,0,1,3,5,8,'93kms',8,0,'2018-06-17 11:59:44.243662','2018-06-19 20:43:46.070632'),(48,2,1,0,1,3,17,7,'68',7,0,'2018-06-17 11:59:44.243662','2018-06-19 20:43:46.063684'),(49,0,2,0,1,3,3,8,'1250Kms',7,0,'2018-06-17 11:59:44.243662','2018-06-19 20:43:46.056453'),(50,1,2,0,1,4,3,6,'12',5,1,'2018-06-17 11:59:44.243662','2018-06-19 20:47:44.270239'),(51,2,0,0,1,3,1,7,'21Kms',7,0,'2018-06-17 11:59:44.243662','2018-06-19 20:43:46.168291'),(52,0,2,0,1,4,16,6,'5',6,1,'2018-06-17 11:59:44.243662','2018-06-19 20:47:44.257437'),(53,1,1,0,1,4,14,NULL,'10',5,1,'2018-06-17 11:59:44.243662','2018-06-19 20:47:44.249410'),(54,3,1,0,1,10,15,21,'40',22,0,'2018-06-17 11:59:44.243662','2018-06-17 12:00:14.508454'),(55,1,2,0,1,4,17,6,'11',5,1,'2018-06-17 11:59:44.243662','2018-06-19 20:47:44.233421'),(56,3,1,0,1,11,15,17,'1',17,0,'2018-06-17 11:59:44.243662','2018-06-17 12:00:14.508454'),(57,1,0,0,1,5,3,9,'30',10,1,'2018-06-17 11:59:44.243662','2018-06-19 20:52:19.781937'),(58,3,0,0,1,6,3,13,'42%',14,0,'2018-06-17 11:59:44.243662','2018-06-17 12:00:14.508454'),(59,1,0,0,1,7,3,11,'32%',11,0,'2018-06-17 11:59:44.243662','2018-06-17 12:00:14.508454'),(60,0,2,0,1,4,10,6,'8',6,1,'2018-06-17 11:59:44.243662','2018-06-19 20:47:44.212167'),(61,0,2,0,1,4,11,6,'2',5,1,'2018-06-17 11:59:44.243662','2018-06-19 20:47:44.193424'),(62,1,1,0,1,1,5,NULL,'6',2,0,'2018-06-17 11:59:44.243662','2018-06-19 20:35:06.859914'),(63,2,0,0,1,1,16,1,'7',2,0,'2018-06-17 11:59:44.243662','2018-06-19 20:35:06.851597'),(64,2,1,0,1,1,3,1,'5',1,0,'2018-06-17 11:59:44.243662','2018-06-19 20:35:06.839768'),(65,2,1,0,1,1,15,1,'Russia',1,0,'2018-06-17 11:59:44.243662','2018-06-19 20:35:06.832453'),(66,2,0,0,1,1,12,1,'3',2,0,'2018-06-17 11:59:44.243662','2018-06-19 20:35:06.822347'),(67,2,1,0,1,1,13,1,'5',2,0,'2018-06-17 11:59:44.243662','2018-06-19 20:35:06.814889'),(68,1,0,0,1,4,5,5,'10',5,1,'2018-06-17 11:59:44.243662','2018-06-19 20:47:44.182102'),(69,1,0,0,1,1,14,1,'4',1,0,'2018-06-17 11:59:44.243662','2018-06-19 20:35:06.957418'),(70,1,2,0,1,4,1,6,'12',6,1,'2018-06-17 11:59:44.243662','2018-06-19 20:47:44.355162'),(71,3,0,0,1,5,16,9,'248',10,1,'2018-06-17 11:59:44.243662','2018-06-19 20:52:19.773526'),(72,4,0,0,1,6,16,13,'86%',14,0,'2018-06-17 11:59:44.243662','2018-06-17 12:00:14.508454'),(73,0,1,0,1,7,16,12,'64%',11,0,'2018-06-17 11:59:44.243662','2018-06-17 12:00:14.508454'),(74,3,0,0,1,5,10,9,'280',10,1,'2018-06-17 11:59:44.243662','2018-06-19 20:52:19.766406'),(75,3,0,0,1,6,10,13,'82%',13,0,'2018-06-17 11:59:44.243662','2018-06-17 12:00:14.508454'),(76,2,0,0,1,7,10,11,'45%',11,0,'2018-06-17 11:59:44.243662','2018-06-17 12:00:14.508454'),(77,2,1,0,1,8,10,15,'1',16,0,'2018-06-17 11:59:44.243662','2018-06-17 12:00:14.508454'),(78,2,0,0,1,5,7,9,'400',9,1,'2018-06-17 11:59:44.243662','2018-06-19 20:52:19.759259'),(79,3,0,0,1,6,7,13,'93%',13,0,'2018-06-17 11:59:44.243662','2018-06-17 12:00:14.508454'),(80,3,0,0,1,5,14,9,'300',10,1,'2018-06-17 11:59:44.243662','2018-06-19 20:52:19.750356'),(81,4,0,0,1,6,14,13,'91%',14,0,'2018-06-17 11:59:44.243662','2018-06-17 12:00:14.508454'),(82,2,2,0,1,7,14,NULL,'48%',11,0,'2018-06-17 11:59:44.243662','2018-06-17 12:00:14.508454'),(83,3,1,0,1,5,2,9,'478',10,1,'2018-06-17 11:59:44.243662','2018-06-19 20:52:19.743026'),(84,3,0,0,1,6,2,13,'85%',14,0,'2018-06-17 11:59:44.243662','2018-06-17 12:00:14.508454'),(85,2,0,0,1,8,2,15,'1',16,0,'2018-06-17 11:59:44.243662','2018-06-17 12:00:14.508454'),(86,2,0,0,1,8,3,15,'2',15,0,'2018-06-17 11:59:44.243662','2018-06-17 12:00:14.508454'),(87,1,2,0,1,7,2,12,'54%',11,0,'2018-06-17 11:59:44.243662','2018-06-17 12:00:14.508454'),(88,0,1,0,1,9,3,20,'198',19,0,'2018-06-17 11:59:44.243662','2018-06-17 12:00:14.508454'),(89,2,0,0,1,10,3,21,'25',22,0,'2018-06-17 11:59:44.243662','2018-06-17 12:00:14.508454'),(90,2,1,0,1,11,3,17,'1',18,0,'2018-06-17 11:59:44.243662','2018-06-17 17:04:53.214978'),(91,0,0,0,1,12,3,NULL,'48:02',23,0,'2018-06-17 11:59:44.243662','2018-06-17 12:00:14.508454'),(92,2,0,0,1,13,3,25,'575',26,0,'2018-06-17 11:59:44.243662','2018-06-18 03:46:56.669807'),(93,0,2,0,1,14,3,28,'77 mins',27,0,'2018-06-17 11:59:44.243662','2018-06-18 03:47:44.333308'),(94,0,2,0,1,14,15,28,'60 mins',27,0,'2018-06-17 11:59:44.243662','2018-06-17 12:00:14.508454'),(95,2,0,0,1,13,15,25,'55',26,0,'2018-06-17 11:59:44.243662','2018-06-17 12:00:14.508454'),(96,1,2,0,1,12,15,23,'34:50',23,0,'2018-06-17 11:59:44.243662','2018-06-17 12:00:14.508454'),(97,3,0,0,1,5,5,9,'400',9,1,'2018-06-17 11:59:44.243662','2018-06-19 20:52:19.735755'),(98,2,0,0,1,6,5,13,'90',13,0,'2018-06-17 11:59:44.243662','2018-06-17 12:00:14.508454'),(99,1,0,0,1,7,5,11,'61',11,0,'2018-06-17 11:59:44.243662','2018-06-17 12:00:14.508454'),(100,2,0,0,1,5,8,9,'432',10,1,'2018-06-17 11:59:44.243662','2018-06-19 20:52:19.728989'),(101,3,0,0,1,6,8,13,'85%',14,0,'2018-06-17 11:59:44.243662','2018-06-17 12:00:14.508454'),(102,1,2,0,1,7,8,12,'46%',11,0,'2018-06-17 11:59:44.243662','2018-06-17 12:00:14.508454'),(103,3,0,0,1,5,11,9,'695',10,1,'2018-06-17 11:59:44.243662','2018-06-19 20:52:19.721350'),(104,3,0,1,1,5,6,9,'487',9,1,'2018-06-17 11:59:44.243662','2018-06-19 20:52:19.706315'),(105,5,0,0,1,6,6,13,'87%',14,1,'2018-06-17 11:59:44.243662','2018-06-17 12:00:14.508454'),(106,1,1,0,0,7,6,NULL,'58',11,0,'2018-06-17 11:59:44.243662','2018-06-17 12:00:14.508454'),(107,4,0,0,1,5,1,9,'428',9,1,'2018-06-17 11:59:44.243662','2018-06-19 20:52:19.798223'),(108,2,0,0,1,6,17,13,'85',13,0,'2018-06-17 11:59:44.243662','2018-06-17 12:00:14.508454'),(109,1,0,0,1,7,17,11,'60',11,0,'2018-06-17 11:59:44.243662','2018-06-17 12:00:14.508454'),(110,2,0,0,1,6,11,13,'75',14,1,'2018-06-17 11:59:44.243662','2018-06-17 12:00:14.508454'),(111,4,0,0,1,6,1,13,'78%',13,1,'2018-06-17 11:59:44.243662','2018-06-17 12:00:14.508454'),(112,2,0,0,1,6,13,13,'55%',14,1,'2018-06-17 11:59:44.243662','2018-06-17 12:00:14.508454'),(113,0,2,0,1,7,13,12,'60%',11,0,'2018-06-17 11:59:44.243662','2018-06-17 12:00:14.508454'),(114,1,0,0,1,8,13,15,'2',16,0,'2018-06-17 11:59:44.243662','2018-06-17 12:00:14.508454'),(115,2,0,0,1,8,14,15,'3',16,0,'2018-06-17 11:59:44.243662','2018-06-17 12:00:14.508454'),(116,1,1,0,1,9,14,NULL,'250Kms',19,0,'2018-06-17 11:59:44.243662','2018-06-17 12:00:14.508454'),(117,2,1,0,1,10,14,21,'15',22,0,'2018-06-17 11:59:44.243662','2018-06-17 14:08:34.344874'),(118,1,2,0,1,7,7,12,'58%',12,0,'2018-06-17 11:59:44.243662','2018-06-17 12:00:14.508454'),(119,3,0,0,1,11,14,17,'1',17,0,'2018-06-17 11:59:44.243662','2018-06-17 14:10:04.186623'),(120,2,1,0,1,8,5,15,'1',16,0,'2018-06-17 11:59:44.243662','2018-06-17 12:00:14.508454'),(121,1,2,0,1,7,1,12,'64%',11,0,'2018-06-17 11:59:44.243662','2018-06-17 12:00:14.508454'),(122,1,1,0,1,9,10,NULL,'230Kms',20,0,'2018-06-17 11:59:44.243662','2018-06-17 12:00:14.508454'),(123,3,0,0,1,10,10,21,'30',22,1,'2018-06-17 11:59:44.243662','2018-06-17 14:36:13.687861'),(124,2,0,0,0,11,10,17,'1',18,0,'2018-06-17 11:59:44.243662','2018-06-17 14:37:35.445805'),(125,2,1,0,1,8,7,15,'0',15,0,'2018-06-17 11:59:44.243662','2018-06-17 12:00:14.508454'),(126,2,0,0,1,8,1,15,'3',16,0,'2018-06-17 11:59:44.243662','2018-06-17 12:00:14.508454'),(127,2,0,0,1,8,6,15,'2',15,0,'2018-06-17 11:59:44.243662','2018-06-17 12:00:14.508454'),(128,1,0,0,1,8,11,15,'6',16,0,'2018-06-17 11:59:44.243662','2018-06-17 12:00:14.508454'),(129,0,2,0,1,14,13,28,'67',27,0,'2018-06-17 11:59:44.243662','2018-06-18 17:00:45.775891'),(130,0,2,0,1,14,2,28,'62 mins',27,0,'2018-06-17 11:59:44.243662','2018-06-17 12:00:14.508454'),(131,3,0,0,1,13,2,25,'412',26,0,'2018-06-17 11:59:44.243662','2018-06-18 14:57:54.582058'),(132,1,0,0,1,12,2,23,'35:15',23,0,'2018-06-17 11:59:44.243662','2018-06-18 11:50:13.874016'),(133,2,0,0,1,11,2,17,'1',18,0,'2018-06-17 11:59:44.243662','2018-06-17 17:24:50.850635'),(134,2,1,0,1,10,2,21,'24',22,0,'2018-06-17 11:59:44.243662','2018-06-17 12:00:14.508454'),(135,1,2,0,1,9,2,20,'206 kms',19,0,'2018-06-17 11:59:44.243662','2018-06-17 12:00:14.508454'),(136,2,0,0,1,9,8,19,'234',20,0,'2018-06-17 11:59:44.243662','2018-06-17 12:00:14.508454'),(137,4,0,0,1,10,8,21,'27',22,1,'2018-06-17 11:59:44.243662','2018-06-17 12:00:14.508454'),(138,3,1,0,1,11,8,17,'2',18,0,'2018-06-17 11:59:44.243662','2018-06-17 12:00:14.508454'),(139,4,1,0,1,12,8,23,'32:12',24,0,'2018-06-17 11:59:44.243662','2018-06-17 12:00:14.508454'),(140,2,1,0,1,13,8,25,'452',26,0,'2018-06-17 11:59:44.243662','2018-06-17 12:00:14.508454'),(141,1,3,0,1,14,8,28,'61 mins',27,0,'2018-06-17 11:59:44.243662','2018-06-17 12:00:14.508454'),(142,2,0,0,1,13,13,25,'400',26,0,'2018-06-17 11:59:44.243662','2018-06-18 14:54:28.873612'),(143,2,0,0,1,12,13,23,'35',23,0,'2018-06-17 11:59:44.243662','2018-06-18 03:44:28.880401'),(144,3,0,1,1,11,13,17,'1',18,1,'2018-06-17 11:59:44.243662','2018-06-17 12:54:05.978663'),(145,2,0,1,1,10,13,21,'28',22,1,'2018-06-17 11:59:44.243662','2018-06-17 14:53:43.557730'),(146,0,1,0,1,9,13,19,'220',20,0,'2018-06-17 11:59:44.243662','2018-06-17 12:00:14.508454'),(147,0,1,0,1,9,16,20,'205',19,0,'2018-06-17 11:59:44.243662','2018-06-17 12:00:14.508454'),(148,3,1,0,1,10,16,21,'30',22,0,'2018-06-17 11:59:44.243662','2018-06-17 12:00:14.508454'),(149,1,0,0,1,9,5,19,'205',19,0,'2018-06-17 11:59:44.243662','2018-06-17 12:00:14.508454'),(150,0,2,0,1,14,7,28,'46 mins',27,0,'2018-06-17 11:59:44.243662','2018-06-18 09:06:28.709201'),(151,2,1,0,1,13,7,25,'308',26,0,'2018-06-17 11:59:44.243662','2018-06-17 12:00:14.508454'),(152,2,0,0,1,11,7,17,'0',18,1,'2018-06-17 11:59:44.243662','2018-06-17 14:51:56.950216'),(153,0,1,0,1,14,17,28,'55',27,0,'2018-06-17 11:59:44.243662','2018-06-17 12:00:14.508454'),(154,3,0,0,1,13,17,25,'200',26,0,'2018-06-17 11:59:44.243662','2018-06-18 13:30:30.744747'),(155,0,1,0,1,12,17,24,'65:00',23,0,'2018-06-17 11:59:44.243662','2018-06-17 12:00:14.508454'),(156,0,1,0,1,9,17,20,'230',19,0,'2018-06-17 11:59:44.243662','2018-06-17 12:00:14.508454'),(157,3,0,0,1,10,17,21,'35',22,0,'2018-06-17 11:59:44.243662','2018-06-17 12:00:14.508454'),(158,4,1,0,1,11,17,17,'2',17,0,'2018-06-17 11:59:44.243662','2018-06-17 12:00:14.508454'),(159,0,2,0,1,9,1,20,'211 Kms',19,1,'2018-06-17 11:59:44.243662','2018-06-17 12:00:14.508454'),(160,1,2,0,1,9,6,20,'215 Kms.',20,0,'2018-06-17 11:59:44.243662','2018-06-17 12:00:14.508454'),(161,2,1,0,1,9,7,19,'150kms',19,0,'2018-06-17 11:59:44.243662','2018-06-17 12:00:14.508454'),(162,3,1,0,1,10,7,21,'63',22,1,'2018-06-17 12:01:48.038194','2018-06-17 12:01:48.038245'),(163,0,2,0,1,14,12,28,'50',27,0,'2018-06-17 12:02:34.901663','2018-06-17 12:02:34.901719'),(164,3,0,0,1,13,12,25,'200',26,0,'2018-06-17 12:03:36.295576','2018-06-17 12:03:36.295627'),(165,2,1,0,1,12,12,23,'32:00',24,1,'2018-06-17 12:04:28.813903','2018-06-17 12:04:28.813969'),(166,3,1,0,1,11,12,17,'1',18,0,'2018-06-17 12:05:07.645473','2018-06-17 12:05:07.645575'),(167,3,1,0,1,11,16,17,'2',18,0,'2018-06-17 12:06:26.205852','2018-06-17 17:56:34.398710'),(168,1,0,0,1,12,14,23,'40.31',23,0,'2018-06-17 12:52:59.926302','2018-06-17 12:52:59.926340'),(169,2,0,0,1,10,5,21,'51',21,0,'2018-06-17 14:46:50.686346','2018-06-17 14:46:50.686384'),(170,1,0,0,1,11,5,17,'1',17,0,'2018-06-17 14:47:29.899943','2018-06-17 14:47:29.899981'),(171,3,1,0,1,10,1,21,'25',22,0,'2018-06-17 14:49:43.767297','2018-06-17 15:00:12.229171'),(172,2,1,0,1,10,6,21,'15',21,0,'2018-06-17 14:50:21.474401','2018-06-17 14:50:21.474440'),(173,3,0,0,1,11,11,17,'1',18,1,'2018-06-17 15:31:07.445221','2018-06-17 15:31:07.445260'),(174,3,0,0,1,11,6,17,'1',18,0,'2018-06-17 17:15:21.611228','2018-06-17 17:15:21.611267'),(175,2,0,0,1,11,1,17,'1',18,0,'2018-06-17 17:29:30.065529','2018-06-17 17:29:30.065570'),(176,1,0,0,1,12,16,23,'37:00',23,0,'2018-06-17 17:55:04.282869','2018-06-18 04:02:58.601430'),(177,1,1,0,1,12,1,NULL,'35:00',23,0,'2018-06-17 18:37:19.754561','2018-06-18 10:34:51.141356'),(178,1,0,0,1,13,14,25,'418',26,0,'2018-06-18 03:45:46.230233','2018-06-18 14:56:43.816337'),(179,0,2,0,1,14,14,28,'46 mins',27,0,'2018-06-18 03:46:44.480905','2018-06-18 14:59:42.201051'),(180,2,1,0,1,13,10,25,'375',26,0,'2018-06-18 03:47:10.797403','2018-06-18 03:47:10.797457'),(181,0,1,0,1,14,10,28,'55 mins',27,0,'2018-06-18 03:48:30.926878','2018-06-18 03:48:30.926915'),(182,1,0,0,1,12,10,23,'75:00',23,0,'2018-06-18 03:50:30.486521','2018-06-18 03:50:30.486560'),(183,1,2,0,1,14,11,28,'65',27,0,'2018-06-18 03:51:11.348658','2018-06-18 03:51:11.348721'),(184,1,1,0,1,12,11,NULL,'30',24,0,'2018-06-18 03:52:03.533909','2018-06-18 03:52:03.533956'),(185,2,0,0,1,12,7,23,'37',23,0,'2018-06-18 08:55:03.343874','2018-06-18 08:55:03.343936'),(186,1,1,0,1,12,5,NULL,'38:00',23,0,'2018-06-18 09:36:44.508296','2018-06-18 09:36:44.508337'),(187,3,0,0,1,13,5,25,'400',26,0,'2018-06-18 09:37:59.295016','2018-06-18 09:37:59.295055'),(188,0,2,0,1,14,5,28,'60',27,0,'2018-06-18 09:38:53.077955','2018-06-18 09:38:53.077994'),(189,0,3,0,1,14,9,28,'48',27,0,'2018-06-18 12:34:21.270851','2018-06-18 12:34:21.270920'),(190,3,1,0,1,13,9,25,'398',26,0,'2018-06-18 12:35:15.912035','2018-06-18 12:35:15.912074'),(191,2,0,0,1,13,6,25,'415',25,0,'2018-06-18 13:31:22.944268','2018-06-18 13:31:22.944316'),(192,3,0,0,1,14,6,28,'64',27,0,'2018-06-18 13:31:57.288900','2018-06-18 13:31:57.288949'),(193,3,1,0,1,13,16,25,'406',26,0,'2018-06-18 13:57:49.199544','2018-06-18 13:57:49.199587'),(194,2,0,0,1,13,1,25,'380',26,0,'2018-06-18 14:14:06.646239','2018-06-18 14:15:04.544261'),(195,2,0,0,1,13,11,25,'450',26,0,'2018-06-18 14:25:59.375564','2018-06-18 14:25:59.375625'),(196,0,3,0,1,14,16,28,'55',27,0,'2018-06-18 17:06:13.815386','2018-06-18 17:06:13.815429'),(197,2,0,0,1,17,2,1,'3',3,0,'2018-06-19 03:42:57.919977','2018-06-19 03:42:57.920026'),(198,2,1,0,1,16,2,29,'18',30,0,'2018-06-19 03:43:46.406214','2018-06-19 14:48:43.063332'),(199,2,0,0,1,15,2,31,'9',32,0,'2018-06-19 03:44:15.329070','2018-06-19 11:52:12.007720'),(200,2,0,0,1,15,13,31,'8',32,0,'2018-06-19 03:51:15.014030','2018-06-19 11:54:05.856746'),(201,2,1,0,1,16,13,29,'7',30,0,'2018-06-19 03:51:58.552697','2018-06-19 14:32:13.733169'),(202,2,1,0,1,17,13,1,'3',1,0,'2018-06-19 03:53:06.049364','2018-06-19 14:32:48.702754'),(203,2,0,0,1,17,17,1,'2',3,0,'2018-06-19 04:08:53.506901','2018-06-19 04:08:53.506966'),(204,1,0,0,1,16,17,29,'6',30,0,'2018-06-19 04:10:54.137506','2018-06-19 04:10:54.137544'),(205,2,0,0,1,15,17,31,'8',31,0,'2018-06-19 04:13:53.923679','2018-06-19 11:53:21.557960'),(206,3,1,0,1,15,8,31,'9',32,0,'2018-06-19 04:17:14.755747','2018-06-19 04:17:14.755793'),(207,2,1,0,1,16,8,29,'20',30,0,'2018-06-19 04:21:04.682134','2018-06-19 04:21:04.682175'),(208,1,0,0,1,17,8,1,'4',3,0,'2018-06-19 04:24:13.993657','2018-06-19 04:24:13.993703'),(209,2,1,0,1,15,16,31,'5',32,0,'2018-06-19 04:47:53.781877','2018-06-19 11:53:07.381946'),(210,0,1,0,1,16,16,29,'10',30,0,'2018-06-19 04:49:57.110873','2018-06-19 04:49:57.110938'),(211,2,0,0,1,15,10,31,'10',32,0,'2018-06-19 05:13:37.589830','2018-06-19 05:13:37.589879'),(212,0,0,0,1,16,10,NULL,'15',30,0,'2018-06-19 05:14:21.887424','2018-06-19 05:14:21.887463'),(213,1,2,0,1,17,10,3,'3',1,0,'2018-06-19 05:16:21.931208','2018-06-19 05:16:38.400534'),(214,2,0,0,1,15,3,31,'6',32,0,'2018-06-19 05:37:10.558877','2018-06-19 05:37:10.558919'),(215,1,0,0,1,16,3,29,'12',30,0,'2018-06-19 05:39:26.312220','2018-06-19 05:39:26.312263'),(216,2,0,0,1,17,3,1,'3',3,0,'2018-06-19 05:40:55.507611','2018-06-19 05:40:55.507649'),(217,1,1,0,1,15,1,31,'16',32,0,'2018-06-19 05:42:37.617124','2018-06-19 05:42:37.617215'),(218,3,1,0,1,15,9,31,'7',32,0,'2018-06-19 08:00:57.214505','2018-06-19 08:00:57.214572'),(219,1,0,0,1,16,9,29,'18',30,0,'2018-06-19 08:01:37.403005','2018-06-19 08:01:37.403064'),(220,2,0,0,1,17,9,1,'3',3,0,'2018-06-19 08:02:25.534962','2018-06-19 08:02:25.535015'),(221,2,0,0,1,15,14,31,'5',32,0,'2018-06-19 08:12:16.690853','2018-06-19 11:52:36.744245'),(222,1,1,0,1,16,14,NULL,'9',30,0,'2018-06-19 08:14:41.758213','2018-06-19 08:14:41.758252'),(223,2,0,0,1,15,6,31,'6',31,0,'2018-06-19 08:17:42.577627','2018-06-19 08:17:42.577667'),(224,0,1,0,1,16,6,30,'8',30,0,'2018-06-19 08:18:36.423516','2018-06-19 08:18:36.423554'),(225,2,0,0,1,17,6,1,'3',1,0,'2018-06-19 08:19:07.956942','2018-06-19 08:19:07.956982'),(226,2,1,0,1,15,7,31,'7',32,0,'2018-06-19 08:31:16.992664','2018-06-19 08:31:16.992740'),(227,2,1,0,1,16,7,29,'6',29,0,'2018-06-19 09:08:17.137189','2018-06-19 09:08:17.137236'),(228,2,1,0,1,17,7,1,'4',3,0,'2018-06-19 09:10:35.501216','2018-06-19 09:10:35.501262'),(229,2,0,0,1,15,11,31,'5',32,0,'2018-06-19 10:32:36.065339','2018-06-19 10:32:36.065385'),(230,2,0,0,1,15,15,31,'8',31,0,'2018-06-19 10:33:02.486841','2018-06-19 10:33:02.486887'),(231,1,0,0,1,15,5,29,'19',30,0,'2018-06-19 11:40:59.454601','2018-06-19 12:47:16.262468'),(232,1,1,0,1,16,5,NULL,'2',30,0,'2018-06-19 11:42:08.773239','2018-06-19 13:52:21.823252'),(233,2,0,0,1,17,12,1,'1 Red Card=1, Yellow Cards For Same Player=2',3,0,'2018-06-19 11:42:42.211666','2018-06-19 11:42:42.211704'),(234,1,0,0,1,16,12,29,'7',30,1,'2018-06-19 11:43:48.151790','2018-06-19 11:43:48.151832'),(235,2,1,0,1,15,12,31,'5',32,1,'2018-06-19 11:46:35.635621','2018-06-19 11:52:12.598015'),(236,2,0,0,1,16,15,29,'12',30,0,'2018-06-19 12:00:05.713089','2018-06-19 12:00:05.713128'),(237,2,1,0,1,17,15,1,'3',3,0,'2018-06-19 12:00:58.622636','2018-06-19 12:00:58.622710'),(238,2,1,0,1,17,5,1,'2',3,0,'2018-06-19 12:48:37.576659','2018-06-19 12:57:03.098246'),(239,2,1,0,1,16,11,29,'9',30,1,'2018-06-19 14:41:03.599598','2018-06-19 14:41:03.599667'),(240,2,1,0,1,17,11,1,'5',3,0,'2018-06-19 14:43:13.292045','2018-06-19 14:43:13.292084'),(241,2,1,0,1,17,16,1,'3',3,0,'2018-06-19 16:11:29.560472','2018-06-19 16:11:29.560539'),(242,2,0,0,1,17,1,1,'3',3,0,'2018-06-19 16:48:14.155111','2018-06-19 16:48:14.155151'),(243,2,1,0,1,17,14,1,'3',3,0,'2018-06-19 17:10:46.375689','2018-06-19 17:23:15.557969'),(244,1,1,0,1,18,10,NULL,'15',7,1,'2018-06-20 03:40:24.953612','2018-06-20 05:32:45.489833'),(245,3,0,0,1,18,2,5,'10',5,0,'2018-06-20 03:40:58.041950','2018-06-20 09:48:51.775901'),(246,3,0,0,1,19,10,4,'600',2,1,'2018-06-20 03:41:15.310474','2018-06-20 05:33:04.181355'),(247,0,3,0,1,20,10,6,'1',8,1,'2018-06-20 03:41:41.354763','2018-06-20 05:34:37.104550'),(248,2,0,0,0,19,2,4,'925',2,0,'2018-06-20 03:41:51.409460','2018-06-20 09:46:46.512584'),(249,0,2,0,1,20,2,6,'1',8,0,'2018-06-20 03:42:25.210479','2018-06-20 16:56:11.490108'),(250,3,0,0,1,18,3,5,'6',7,0,'2018-06-20 04:13:56.457500','2018-06-20 11:42:43.084389'),(251,3,1,0,1,18,8,5,'16',7,0,'2018-06-20 04:25:14.943010','2018-06-20 04:25:14.943051'),(252,2,0,0,1,19,3,4,'1100',2,0,'2018-06-20 04:25:30.582312','2018-06-20 04:25:30.582351'),(253,0,3,0,1,20,3,6,'1',8,0,'2018-06-20 04:26:55.184919','2018-06-20 15:35:09.562389'),(254,3,0,0,1,19,8,4,'860',2,0,'2018-06-20 04:27:47.897523','2018-06-20 04:27:47.897563'),(255,0,4,0,1,20,8,6,'1',8,0,'2018-06-20 04:28:53.656049','2018-06-20 04:28:53.656110'),(256,3,0,0,1,18,1,5,'9',5,0,'2018-06-20 05:33:48.494310','2018-06-20 05:33:48.494378'),(257,2,0,0,1,19,1,4,'890',2,0,'2018-06-20 05:34:29.533945','2018-06-20 11:00:28.623823'),(258,0,2,0,1,20,1,6,'2',6,0,'2018-06-20 05:35:18.391314','2018-06-20 05:35:18.391429'),(259,2,0,0,1,18,9,5,'13',7,0,'2018-06-20 06:40:14.190095','2018-06-20 06:40:14.190155'),(260,3,1,0,1,19,9,4,'888',2,0,'2018-06-20 06:41:01.421598','2018-06-20 06:41:01.421651'),(261,0,3,0,1,20,9,6,'1',8,0,'2018-06-20 06:41:34.986861','2018-06-20 06:41:34.986899'),(262,3,0,0,1,18,16,5,'8',7,0,'2018-06-20 06:44:38.857712','2018-06-20 06:44:38.857792'),(263,3,0,0,1,18,14,5,'8',5,0,'2018-06-20 07:22:32.504578','2018-06-20 07:22:32.504638'),(264,2,0,0,1,19,14,4,'925',2,0,'2018-06-20 07:23:05.801280','2018-06-20 14:45:29.792583'),(265,3,0,0,1,19,16,4,'900',2,0,'2018-06-20 07:58:39.739331','2018-06-20 08:08:01.737114'),(266,0,2,0,1,20,16,6,'1',8,0,'2018-06-20 08:04:42.902918','2018-06-20 17:23:05.460990'),(267,1,0,0,1,18,11,5,'8',7,1,'2018-06-20 08:29:05.395207','2018-06-20 08:29:05.395264'),(268,1,0,0,1,18,17,5,'8',7,1,'2018-06-20 08:29:41.166381','2018-06-20 08:29:41.166439'),(269,2,0,0,1,19,17,4,'800',2,0,'2018-06-20 08:30:10.815151','2018-06-20 08:30:10.815194'),(270,3,0,0,1,20,17,6,'1',8,0,'2018-06-20 08:30:28.269420','2018-06-20 08:30:28.269460'),(271,2,0,0,1,18,15,5,'25',7,0,'2018-06-20 08:31:12.001555','2018-06-20 08:36:20.753446'),(272,2,0,0,1,19,11,4,'900',4,0,'2018-06-20 08:32:11.113566','2018-06-20 08:32:11.113606'),(273,2,0,0,1,19,15,4,'900',2,0,'2018-06-20 08:32:18.181284','2018-06-20 08:32:18.181322'),(274,0,2,0,1,20,11,6,'1',8,0,'2018-06-20 08:32:41.492526','2018-06-20 08:32:41.492571'),(275,0,2,0,1,20,15,6,'1',8,0,'2018-06-20 08:32:43.773293','2018-06-20 08:37:38.279394'),(276,0,3,0,1,20,12,6,'1',8,1,'2018-06-20 08:33:02.010684','2018-06-20 08:33:02.010727'),(277,0,2,0,1,20,13,6,'1',8,0,'2018-06-20 08:33:05.237458','2018-06-20 16:40:25.042536'),(278,4,0,0,1,19,12,4,'600',2,0,'2018-06-20 08:33:58.124722','2018-06-20 08:33:58.124759'),(279,2,0,0,1,18,12,5,'25',7,0,'2018-06-20 08:34:42.942978','2018-06-20 08:36:43.768503'),(280,2,0,0,1,19,13,4,'750',2,0,'2018-06-20 08:35:03.220530','2018-06-20 08:35:03.220584'),(281,2,0,0,1,18,13,5,'30',7,0,'2018-06-20 08:35:57.046961','2018-06-20 08:35:57.047010'),(282,2,1,0,1,18,6,5,'9',7,0,'2018-06-20 08:43:45.026808','2018-06-20 08:43:45.026852'),(283,2,0,0,1,19,6,4,'823',4,0,'2018-06-20 08:44:31.309756','2018-06-20 08:44:31.309808'),(284,0,2,0,1,20,6,6,'2',8,0,'2018-06-20 08:45:06.886425','2018-06-20 08:45:06.886467'),(285,3,1,0,1,18,7,5,'7',7,1,'2018-06-20 11:01:30.871887','2018-06-20 11:01:30.871961'),(286,3,0,0,1,19,7,4,'800',4,0,'2018-06-20 11:03:04.005455','2018-06-20 11:03:04.005498'),(287,1,2,0,1,20,7,6,'0',8,0,'2018-06-20 11:03:57.703573','2018-06-20 11:03:57.703618'),(288,3,0,0,1,18,5,5,'10',7,0,'2018-06-20 11:32:04.661564','2018-06-20 11:32:04.661607'),(289,2,0,0,1,19,5,4,'900',2,0,'2018-06-20 11:32:53.608123','2018-06-20 11:32:53.608161'),(290,0,2,0,1,20,5,6,'1',8,0,'2018-06-20 11:34:11.868404','2018-06-20 11:34:11.868444'),(291,0,2,0,1,20,14,6,'2',8,0,'2018-06-20 14:51:14.427192','2018-06-20 17:44:47.657599'),(292,1,0,0,1,21,10,12,'15',10,0,'2018-06-21 05:30:22.252860','2018-06-21 05:30:22.252898'),(293,2,1,0,1,22,10,9,'13',11,0,'2018-06-21 05:30:59.888721','2018-06-21 05:30:59.888778'),(294,3,1,0,1,23,10,13,'8',15,0,'2018-06-21 05:31:25.609709','2018-06-21 05:37:34.134645'),(295,1,0,0,0,23,2,13,'9',13,0,'2018-06-21 05:38:41.148636','2018-06-21 17:21:23.415763'),(296,2,0,0,1,23,11,13,'6',15,0,'2018-06-21 05:39:32.254199','2018-06-21 05:39:44.374112'),(297,2,0,0,1,22,2,9,'12',11,0,'2018-06-21 05:39:38.753333','2018-06-21 05:39:38.753374'),(298,1,0,0,1,21,2,12,'25',10,0,'2018-06-21 05:40:19.475056','2018-06-21 11:30:33.452922'),(299,2,0,0,1,21,3,10,'26',12,0,'2018-06-21 07:50:47.013764','2018-06-21 07:50:47.013804'),(300,3,0,0,1,22,3,9,'9',11,0,'2018-06-21 07:52:46.220552','2018-06-21 13:01:06.900228'),(301,2,0,0,1,23,3,13,'10',15,0,'2018-06-21 07:54:02.402332','2018-06-21 12:59:26.003980'),(302,1,0,0,1,21,8,12,'30',10,0,'2018-06-21 08:00:05.336606','2018-06-21 08:00:05.336647'),(303,2,1,0,1,22,8,9,'14',11,0,'2018-06-21 08:00:46.659781','2018-06-21 08:00:46.659819'),(304,3,0,0,1,23,8,13,'13',15,0,'2018-06-21 08:03:13.547227','2018-06-21 08:03:13.547272'),(305,1,0,0,1,21,13,12,'25',10,0,'2018-06-21 08:19:20.008528','2018-06-21 08:19:20.008595'),(306,2,0,0,1,22,13,9,'10',11,0,'2018-06-21 08:19:52.967274','2018-06-21 08:19:52.967314'),(307,2,1,0,1,23,13,13,'7',15,0,'2018-06-21 08:20:39.722458','2018-06-21 08:20:39.722496'),(308,1,0,0,1,21,9,12,'12',10,0,'2018-06-21 08:22:13.900776','2018-06-21 08:22:13.900819'),(309,2,1,0,1,22,9,9,'14',11,0,'2018-06-21 08:23:08.402033','2018-06-21 08:23:08.402090'),(310,3,1,0,1,23,9,13,'7',15,0,'2018-06-21 08:23:45.667363','2018-06-21 08:23:45.667444'),(311,1,0,0,1,21,16,12,'18',10,0,'2018-06-21 08:27:56.884294','2018-06-21 08:27:56.884348'),(312,0,1,0,1,21,15,10,'25',10,0,'2018-06-21 08:28:23.445345','2018-06-21 08:28:29.406990'),(313,1,0,0,1,23,17,13,'8',15,0,'2018-06-21 08:30:14.073094','2018-06-21 08:30:14.073134'),(314,2,0,0,1,22,17,9,'6',11,0,'2018-06-21 08:30:30.795940','2018-06-21 08:30:30.796002'),(315,1,0,0,1,21,17,12,'14',10,0,'2018-06-21 08:31:13.728640','2018-06-21 08:31:13.728677'),(316,2,0,0,0,22,15,9,'15',11,0,'2018-06-21 08:34:54.866819','2018-06-21 08:34:54.866877'),(317,2,1,0,1,23,15,13,'8',15,0,'2018-06-21 08:35:43.878056','2018-06-21 08:35:43.878096'),(318,2,1,0,1,21,7,12,'22',10,0,'2018-06-21 08:52:45.410002','2018-06-21 08:52:45.410041'),(319,2,0,0,1,22,7,9,'16',11,0,'2018-06-21 08:53:59.721158','2018-06-21 08:53:59.721469'),(320,1,0,0,1,21,14,12,'18',10,0,'2018-06-21 08:54:46.832616','2018-06-21 08:54:46.832653'),(321,1,0,0,1,21,6,12,'24',10,0,'2018-06-21 11:14:07.323680','2018-06-21 11:14:07.323725'),(322,2,1,0,1,22,6,9,'14',9,0,'2018-06-21 11:16:07.453144','2018-06-21 11:16:07.453193'),(323,3,1,0,1,23,6,13,'9',15,0,'2018-06-21 11:16:47.425042','2018-06-21 11:16:47.425089'),(324,0,1,0,1,21,1,10,'25',10,0,'2018-06-21 11:24:20.598028','2018-06-21 11:31:11.395181'),(325,2,0,0,1,22,1,9,'13',11,0,'2018-06-21 11:33:13.368038','2018-06-21 11:33:13.368093'),(326,2,0,0,1,22,14,9,'16',11,0,'2018-06-21 11:43:21.777072','2018-06-21 11:43:21.777114'),(327,1,1,0,1,21,5,NULL,'24',12,0,'2018-06-21 11:44:18.003889','2018-06-21 11:44:18.003934'),(328,2,0,0,1,22,5,9,'8',11,0,'2018-06-21 11:46:15.531789','2018-06-21 11:46:15.531831'),(329,1,0,0,1,23,5,13,'6',15,0,'2018-06-21 11:47:10.460773','2018-06-21 11:47:10.460833'),(330,2,1,0,1,23,12,13,'6',15,1,'2018-06-21 12:39:17.448866','2018-06-21 12:39:17.448905'),(331,2,1,0,1,22,12,9,'12',9,0,'2018-06-21 12:39:43.832034','2018-06-21 12:39:43.832072'),(332,1,0,0,1,22,16,9,'15',11,0,'2018-06-21 12:42:06.941054','2018-06-21 12:42:06.941118'),(333,2,1,0,1,23,14,13,'8',15,0,'2018-06-21 17:09:32.163196','2018-06-21 17:09:32.163270'),(334,1,0,0,1,23,16,13,'10',15,0,'2018-06-21 17:15:01.671588','2018-06-21 17:15:01.671660'),(335,1,0,0,1,23,1,13,'7',13,0,'2018-06-21 17:53:45.144978','2018-06-21 17:53:45.145016'),(336,1,0,0,1,24,10,17,'165',19,0,'2018-06-22 04:27:07.312706','2018-06-22 04:27:07.312748'),(337,0,0,0,1,25,10,NULL,'615',14,0,'2018-06-22 04:28:04.474818','2018-06-22 04:28:04.474854'),(338,0,1,0,1,26,10,18,'60',18,0,'2018-06-22 04:28:54.822656','2018-06-22 04:28:54.822694'),(339,1,0,0,1,24,13,17,'750',19,0,'2018-06-22 04:47:36.559409','2018-06-22 04:47:36.559450'),(340,0,0,0,1,25,13,NULL,'455',16,0,'2018-06-22 04:48:10.172211','2018-06-22 04:48:18.930698'),(341,1,0,0,1,26,13,18,'78',20,0,'2018-06-22 04:49:21.996911','2018-06-22 15:46:37.196833'),(342,1,0,0,1,24,14,17,'150',19,0,'2018-06-22 04:49:30.967765','2018-06-22 11:09:52.841424'),(343,1,0,0,1,24,1,17,'172',17,0,'2018-06-22 06:29:17.792573','2018-06-22 09:22:01.317944'),(344,1,0,0,1,24,2,17,'171',17,0,'2018-06-22 07:32:49.294455','2018-06-22 11:48:00.090634'),(345,1,0,0,1,24,5,17,'171',19,0,'2018-06-22 07:33:57.865249','2018-06-22 11:51:25.898596'),(346,1,1,0,1,25,5,NULL,'750',16,0,'2018-06-22 07:34:57.661589','2018-06-22 11:56:01.719705'),(347,2,1,0,1,24,9,17,'920',19,0,'2018-06-22 08:23:06.784373','2018-06-22 08:23:06.784418'),(348,1,1,0,1,25,8,NULL,'800',16,0,'2018-06-22 08:23:37.558924','2018-06-22 08:23:37.558962'),(349,0,1,0,1,25,9,14,' 738',16,0,'2018-06-22 08:23:46.390350','2018-06-22 08:23:46.390387'),(350,1,2,0,1,26,8,18,'70',18,0,'2018-06-22 08:25:00.773741','2018-06-22 08:25:00.773786'),(351,0,0,0,1,25,11,NULL,'750',16,0,'2018-06-22 08:25:05.788526','2018-06-22 08:25:05.788563'),(352,2,0,0,1,24,11,17,'157',19,0,'2018-06-22 08:26:46.683660','2018-06-22 08:32:35.137334'),(353,0,1,0,1,26,11,18,'53',20,0,'2018-06-22 08:27:22.147277','2018-06-22 08:29:22.213936'),(354,0,1,0,1,26,17,18,'60',20,0,'2018-06-22 08:29:53.348942','2018-06-22 08:29:53.349004'),(355,1,0,0,1,25,17,16,'690',16,0,'2018-06-22 08:30:33.460602','2018-06-22 08:31:28.972514'),(356,1,0,0,1,24,17,17,'150',19,0,'2018-06-22 08:31:56.623499','2018-06-22 08:31:56.623537'),(357,0,2,0,1,24,8,17,'170',19,0,'2018-06-22 08:34:00.535173','2018-06-22 08:34:00.535214'),(358,2,0,0,1,24,15,17,'165',19,0,'2018-06-22 08:35:42.354335','2018-06-22 08:35:42.354377'),(359,1,0,0,1,25,15,16,'450',16,0,'2018-06-22 08:37:53.188679','2018-06-22 08:37:53.188718'),(360,0,1,0,1,26,15,18,'32',20,0,'2018-06-22 08:38:53.165777','2018-06-22 08:38:53.165815'),(361,2,0,0,1,24,16,17,'173',19,0,'2018-06-22 08:42:24.776550','2018-06-22 08:42:24.776596'),(362,0,1,0,1,25,16,14,'500',16,0,'2018-06-22 09:15:59.331939','2018-06-22 09:16:48.372907'),(363,0,1,0,1,25,2,14,'515',16,0,'2018-06-22 09:17:55.060523','2018-06-22 11:54:57.080402'),(364,0,1,0,1,26,2,18,'95',20,0,'2018-06-22 09:18:36.305209','2018-06-22 10:42:52.054485'),(365,0,2,0,1,26,3,18,'98',20,0,'2018-06-22 10:14:56.747515','2018-06-22 10:14:56.747553'),(366,1,1,0,1,25,3,NULL,'454',16,0,'2018-06-22 10:19:32.422429','2018-06-22 10:19:32.422467'),(367,2,0,0,1,24,3,17,'171',19,0,'2018-06-22 10:24:37.219240','2018-06-22 11:48:22.978793'),(368,0,1,0,1,26,9,18,'46',20,0,'2018-06-22 11:15:42.173307','2018-06-22 11:15:42.173374'),(369,1,0,0,1,26,6,18,'83',20,0,'2018-06-22 11:51:49.995785','2018-06-22 11:51:49.995847'),(370,0,1,0,1,25,6,14,'765',16,0,'2018-06-22 11:53:44.436016','2018-06-22 11:53:44.436074'),(371,1,2,0,1,25,1,14,'712',14,0,'2018-06-22 11:53:56.845339','2018-06-22 11:56:11.590811'),(372,2,1,0,1,24,7,17,'176',19,0,'2018-06-22 11:54:49.502434','2018-06-22 11:54:49.502473'),(373,2,0,0,1,24,6,17,'167',17,0,'2018-06-22 11:55:44.035434','2018-06-22 11:56:06.411764'),(374,1,0,0,1,26,5,18,'90',20,0,'2018-06-22 11:56:57.251461','2018-06-22 11:56:57.251504'),(375,0,0,0,1,25,7,NULL,'611',16,0,'2018-06-22 11:58:58.531261','2018-06-22 11:58:58.531328'),(376,0,1,0,1,26,7,18,'76',18,0,'2018-06-22 12:01:50.277748','2018-06-22 12:01:50.277817'),(377,1,1,0,1,25,14,NULL,'800',16,0,'2018-06-22 14:39:19.302704','2018-06-22 14:51:11.975865'),(378,0,1,0,1,26,12,18,'62',20,1,'2018-06-22 15:07:13.178328','2018-06-22 15:07:13.178370'),(379,1,1,0,1,26,16,NULL,'100',18,0,'2018-06-22 17:14:53.381654','2018-06-22 17:14:53.381746'),(380,0,1,0,1,26,14,18,'95',20,0,'2018-06-22 17:28:07.570482','2018-06-22 17:35:06.193164'),(382,2,1,0,1,27,1,25,'15',27,0,'2018-06-23 06:59:21.903732','2018-06-23 07:00:22.393220'),(383,0,2,0,1,28,1,22,'213',22,0,'2018-06-23 07:01:08.298547','2018-06-23 07:01:08.298637'),(384,2,0,0,1,27,16,25,'13',27,0,'2018-06-23 07:10:46.606022','2018-06-23 07:10:46.606082'),(385,0,2,0,1,28,16,22,'210',24,0,'2018-06-23 07:14:04.535367','2018-06-23 07:14:04.535405'),(386,2,0,0,1,29,16,21,'10',23,0,'2018-06-23 07:15:37.879945','2018-06-23 17:26:16.351041'),(387,2,0,0,1,27,14,25,'15',27,0,'2018-06-23 07:35:03.599933','2018-06-23 07:35:03.599973'),(388,2,0,0,1,27,2,25,'14',27,0,'2018-06-23 08:13:26.451778','2018-06-23 11:42:56.582155'),(389,0,2,0,1,28,2,22,'215',24,0,'2018-06-23 08:17:44.958627','2018-06-23 08:17:44.958695'),(390,1,0,0,1,29,2,21,'10',21,0,'2018-06-23 08:19:23.657815','2018-06-23 17:44:17.159353'),(391,2,0,0,1,27,10,25,'17',27,0,'2018-06-23 09:00:14.025289','2018-06-23 09:00:14.025335'),(392,0,3,0,1,28,10,22,'200',24,0,'2018-06-23 09:00:57.302095','2018-06-23 09:00:57.302134'),(393,1,1,0,1,29,10,NULL,'9',21,0,'2018-06-23 09:01:49.501227','2018-06-23 09:02:07.905499'),(394,2,0,0,1,29,15,21,'9',23,0,'2018-06-23 09:04:17.637588','2018-06-23 09:07:11.481326'),(395,0,1,0,1,28,15,22,'900',24,0,'2018-06-23 09:06:50.100580','2018-06-23 09:06:50.100682'),(396,2,0,0,1,27,15,25,'32',25,0,'2018-06-23 09:07:43.650930','2018-06-23 09:07:43.650969'),(397,3,0,0,1,27,3,25,'16',27,0,'2018-06-23 09:15:24.268525','2018-06-23 09:15:52.598424'),(398,0,3,0,1,28,3,22,'212 kilometers',24,0,'2018-06-23 09:17:40.162019','2018-06-23 09:17:40.162068'),(399,1,0,0,1,29,3,21,'13',23,0,'2018-06-23 09:19:16.378974','2018-06-23 09:19:16.379020'),(400,2,0,0,1,27,13,25,'15',27,0,'2018-06-23 10:19:30.895453','2018-06-23 10:19:45.080744'),(401,0,2,0,1,28,13,22,'228',24,0,'2018-06-23 10:20:41.899074','2018-06-23 14:23:24.428926'),(402,2,1,0,1,29,13,21,'12',23,0,'2018-06-23 10:21:27.647236','2018-06-23 17:20:21.430435'),(403,2,0,0,1,27,6,25,'14',25,0,'2018-06-23 10:30:14.685586','2018-06-23 10:30:14.685657'),(404,0,2,0,1,28,6,22,'216',22,0,'2018-06-23 10:31:39.576387','2018-06-23 10:31:39.576427'),(405,2,0,0,1,29,6,21,'12',21,0,'2018-06-23 10:32:53.836648','2018-06-23 10:32:53.836726'),(406,2,0,0,1,27,8,25,'16',27,0,'2018-06-23 10:37:25.116147','2018-06-23 10:37:25.116185'),(407,2,0,0,1,27,5,25,'13',27,0,'2018-06-23 10:42:52.776252','2018-06-23 10:42:52.776296'),(408,1,2,0,1,28,5,22,'200',24,0,'2018-06-23 10:43:37.806942','2018-06-23 10:43:37.807004'),(409,3,0,0,1,27,7,25,'12',27,0,'2018-06-23 11:01:47.782346','2018-06-23 11:01:47.782386'),(410,2,1,0,1,29,5,21,'8',21,0,'2018-06-23 11:03:32.031514','2018-06-23 17:03:19.316850'),(411,0,2,0,1,28,7,22,'300',24,0,'2018-06-23 11:05:33.728029','2018-06-23 11:05:33.728095'),(412,1,1,0,1,29,7,NULL,'13',23,0,'2018-06-23 11:09:09.239089','2018-06-23 11:09:09.239160'),(413,2,0,0,1,29,1,21,'13',21,0,'2018-06-23 11:13:46.962434','2018-06-23 11:13:46.962474'),(414,0,3,0,1,28,8,22,'204',24,0,'2018-06-23 12:19:38.570835','2018-06-23 12:19:38.570880'),(415,2,1,0,1,29,8,21,'10',23,0,'2018-06-23 12:20:54.803485','2018-06-23 12:20:54.803526'),(416,0,2,0,1,28,14,22,'210',24,0,'2018-06-23 12:39:46.615822','2018-06-23 12:39:46.615860'),(417,1,0,0,1,29,14,21,'13',23,0,'2018-06-23 12:58:38.748490','2018-06-23 17:16:36.328691'),(418,2,1,0,1,29,12,21,'11',21,0,'2018-06-23 13:17:59.969445','2018-06-23 13:17:59.969524'),(419,0,2,0,1,28,12,22,'264',24,1,'2018-06-23 13:18:46.395360','2018-06-23 13:18:46.395404'),(420,2,0,0,1,29,17,21,'9',21,0,'2018-06-23 14:00:19.471736','2018-06-23 14:00:19.471778'),(421,0,3,0,1,28,17,22,'300',24,0,'2018-06-23 14:01:41.169922','2018-06-23 14:02:45.691932'),(422,2,0,0,1,29,11,21,'8',23,0,'2018-06-23 14:28:37.285627','2018-06-23 14:28:37.285666'),(423,0,1,0,1,28,11,22,'220',24,0,'2018-06-23 14:30:25.154748','2018-06-23 14:30:25.154820'),(424,2,0,0,1,30,14,28,'80',26,0,'2018-06-24 05:11:39.488996','2018-06-24 05:11:39.489050'),(425,2,0,0,1,30,16,28,'46',26,0,'2018-06-24 05:49:57.961026','2018-06-24 05:49:57.961070'),(426,0,1,0,1,31,16,30,'28',32,0,'2018-06-24 06:17:31.905161','2018-06-24 14:18:29.014584'),(427,2,1,0,1,30,15,28,'62',26,0,'2018-06-24 08:44:19.891458','2018-06-24 08:44:19.891505'),(428,2,1,0,1,31,15,32,'28',30,0,'2018-06-24 08:45:11.346369','2018-06-24 08:45:11.346409'),(429,0,1,0,1,32,15,31,'24',29,0,'2018-06-24 08:45:57.624337','2018-06-24 08:45:57.624401'),(430,0,2,0,1,32,3,31,'45',29,0,'2018-06-24 09:58:28.285885','2018-06-24 09:58:28.285950'),(431,3,1,0,1,31,3,32,'18',30,0,'2018-06-24 10:00:16.209428','2018-06-24 10:00:16.209496'),(432,4,0,0,1,30,3,28,'75',26,0,'2018-06-24 10:03:03.545555','2018-06-24 10:03:03.545681'),(433,3,0,0,1,30,12,28,'58',26,0,'2018-06-24 10:18:36.650808','2018-06-24 10:18:36.650844'),(434,2,0,0,1,30,5,28,'77',26,0,'2018-06-24 10:27:23.207077','2018-06-24 11:38:57.257152'),(435,2,0,0,1,30,1,28,'68',26,0,'2018-06-24 10:32:37.081554','2018-06-24 10:32:37.081591'),(436,1,0,0,1,31,1,32,'19',32,0,'2018-06-24 10:35:02.116771','2018-06-24 10:35:26.855110'),(437,0,1,0,1,32,11,31,'44',29,0,'2018-06-24 11:02:30.576102','2018-06-24 11:02:30.576145'),(438,2,0,0,1,30,11,28,'70',26,0,'2018-06-24 11:04:27.370736','2018-06-24 11:04:27.370774'),(439,3,1,0,1,30,8,28,'90',26,0,'2018-06-24 11:04:37.617074','2018-06-24 11:04:37.617120'),(440,1,2,0,1,31,8,30,'15',32,0,'2018-06-24 11:06:17.151225','2018-06-24 11:06:17.151272'),(441,1,1,0,1,32,8,NULL,'30',29,0,'2018-06-24 11:07:08.431959','2018-06-24 11:07:08.432000'),(442,2,1,0,1,31,12,32,'21',30,0,'2018-06-24 11:09:07.085446','2018-06-24 11:09:07.085491'),(443,0,1,0,1,32,12,31,'39',29,0,'2018-06-24 11:09:56.899722','2018-06-24 11:09:56.899783'),(444,3,0,0,1,30,6,28,'76',26,1,'2018-06-24 11:25:39.935841','2018-06-24 11:29:54.514191'),(445,1,0,0,1,30,10,28,'75',26,0,'2018-06-24 11:29:05.969038','2018-06-24 11:29:46.491091'),(446,1,1,0,1,31,5,NULL,'15',30,0,'2018-06-24 11:39:28.256985','2018-06-24 11:39:28.257024'),(447,2,0,0,1,30,2,28,'72',26,0,'2018-06-24 11:49:29.786720','2018-06-24 11:50:15.164518'),(448,0,1,0,1,31,17,30,'19',30,0,'2018-06-24 12:29:46.853704','2018-06-24 12:29:54.890558'),(449,1,1,0,1,32,17,NULL,'42',29,0,'2018-06-24 12:31:00.935094','2018-06-24 12:31:00.935139'),(450,1,1,0,1,31,7,NULL,'27',32,0,'2018-06-24 13:11:45.033228','2018-06-24 13:11:45.033301'),(451,1,2,0,1,31,2,30,'30',30,0,'2018-06-24 14:05:04.088492','2018-06-24 14:05:33.959313'),(452,1,2,0,1,31,10,30,'21',30,0,'2018-06-24 14:05:40.382949','2018-06-24 14:06:03.290917'),(453,1,2,0,1,32,10,31,'49',29,0,'2018-06-24 14:07:24.389562','2018-06-24 14:07:24.389605'),(454,1,2,0,1,31,6,30,'32',32,0,'2018-06-24 14:12:27.976859','2018-06-24 14:12:27.976914'),(455,1,2,0,1,32,6,31,'48',31,1,'2018-06-24 14:22:00.630685','2018-06-24 14:22:00.630729'),(456,1,2,0,1,32,16,31,'55',31,0,'2018-06-24 14:27:07.840198','2018-06-24 14:27:34.490876'),(457,0,2,0,1,31,13,30,'25',32,0,'2018-06-24 14:48:08.390667','2018-06-24 14:48:08.390740'),(458,1,2,0,1,31,14,30,'15',30,0,'2018-06-24 14:49:04.285558','2018-06-24 14:54:54.181159'),(459,1,2,0,1,32,13,31,'48',29,0,'2018-06-24 14:49:32.342106','2018-06-24 14:49:32.342146'),(460,0,2,0,1,32,7,31,'33',29,0,'2018-06-24 15:18:43.262712','2018-06-24 15:18:43.262759'),(461,0,2,0,1,32,2,31,'49',29,0,'2018-06-24 16:29:39.173656','2018-06-24 16:29:39.173703'),(462,1,2,0,1,32,5,31,'31',29,0,'2018-06-24 16:37:01.624977','2018-06-24 16:37:01.625020'),(463,1,2,0,1,32,14,31,'55',31,0,'2018-06-24 17:13:42.385454','2018-06-24 17:13:42.385495'),(464,1,2,0,1,32,1,31,'39',31,1,'2018-06-24 17:16:17.411470','2018-06-24 17:16:27.909329'),(465,0,2,0,1,34,10,3,'9',2,0,'2018-06-25 03:39:30.483935','2018-06-25 08:55:17.685376'),(466,1,1,0,1,33,10,NULL,'12',1,0,'2018-06-25 03:40:17.031985','2018-06-25 08:56:32.669779'),(467,1,0,0,1,36,10,8,'Sardar Azmoun',8,0,'2018-06-25 03:44:58.266237','2018-06-25 04:59:08.308190'),(468,3,0,0,1,35,10,6,'56',7,1,'2018-06-25 03:47:34.093038','2018-06-25 09:00:38.543740'),(469,0,1,0,1,34,2,3,'7',3,0,'2018-06-25 05:03:17.174738','2018-06-25 11:06:21.647099'),(470,1,0,0,1,36,2,8,'CRISTIANO RONALDO',8,0,'2018-06-25 05:06:02.021145','2018-06-25 16:05:48.326462'),(471,0,1,0,1,35,2,7,'91',7,0,'2018-06-25 05:06:30.759638','2018-06-25 16:09:17.432063'),(472,0,2,0,1,34,13,3,'25',2,0,'2018-06-25 05:11:49.473849','2018-06-25 05:12:14.263409'),(473,0,2,0,1,34,15,3,'8',2,0,'2018-06-25 05:12:23.970760','2018-06-25 05:12:23.970798'),(474,1,0,0,1,33,2,4,'8',1,0,'2018-06-25 05:13:06.385917','2018-06-25 11:08:21.013842'),(475,0,1,0,1,33,15,1,'11',1,0,'2018-06-25 05:13:13.492103','2018-06-25 05:13:13.492182'),(476,0,1,0,1,33,13,1,'14',1,0,'2018-06-25 05:13:17.294769','2018-06-25 05:13:17.294810'),(477,0,2,0,1,34,16,3,'10',2,0,'2018-06-25 05:13:51.644692','2018-06-25 12:25:30.023135'),(478,0,1,0,1,36,15,5,'Ronaldo',8,0,'2018-06-25 05:13:57.439447','2018-06-25 05:13:57.439484'),(479,0,1,0,1,36,13,5,'cristiano ronaldo',8,0,'2018-06-25 05:13:59.486723','2018-06-25 15:40:46.545997'),(480,2,0,0,1,35,15,6,'85',7,0,'2018-06-25 05:14:26.738313','2018-06-25 05:14:26.738352'),(481,2,0,0,1,35,13,6,'80',7,0,'2018-06-25 05:14:58.674193','2018-06-25 15:41:51.458549'),(482,2,0,0,1,35,11,6,'90',7,0,'2018-06-25 09:00:06.797380','2018-06-25 09:00:06.797419'),(483,0,3,0,1,34,7,3,'9',2,0,'2018-06-25 09:00:25.465849','2018-06-25 09:00:25.465887'),(484,0,1,0,1,36,11,5,'Ronaldo',8,0,'2018-06-25 09:00:39.290488','2018-06-25 09:00:39.290553'),(485,2,1,0,1,33,7,4,'10',1,0,'2018-06-25 09:02:39.080077','2018-06-25 09:02:39.080121'),(486,0,1,0,1,33,11,1,'7',4,0,'2018-06-25 09:03:03.066190','2018-06-25 09:03:03.066262'),(487,0,2,0,1,34,11,3,'8',2,0,'2018-06-25 09:03:56.305294','2018-06-25 09:03:56.305375'),(488,1,2,0,1,36,7,5,'Cristiano Ronaldo dos Santos Aveiro',8,0,'2018-06-25 09:04:45.953236','2018-06-25 09:04:45.953281'),(489,3,2,0,1,35,7,6,'87%',7,0,'2018-06-25 09:05:25.721683','2018-06-25 09:05:25.721722'),(490,3,0,0,1,35,17,6,'89',7,0,'2018-06-25 09:05:59.083452','2018-06-25 09:05:59.083489'),(491,1,2,0,1,36,17,5,'Cristiano Ronaldo',5,0,'2018-06-25 09:06:59.407324','2018-06-25 09:06:59.407366'),(492,3,1,0,1,35,12,6,'53',7,0,'2018-06-25 09:07:17.991226','2018-06-25 09:07:17.991263'),(493,0,2,0,1,33,17,1,'12',1,0,'2018-06-25 09:07:36.968176','2018-06-25 09:07:36.968226'),(494,1,2,0,1,36,12,5,'Ronaldo',8,1,'2018-06-25 09:07:56.425076','2018-06-25 09:07:56.425120'),(495,0,2,0,1,34,17,3,'12',2,0,'2018-06-25 09:08:32.629921','2018-06-25 09:08:32.629960'),(496,0,2,0,1,33,12,1,'9',4,0,'2018-06-25 09:08:33.766332','2018-06-25 09:08:33.766394'),(497,0,3,0,1,34,12,3,'11',2,0,'2018-06-25 09:09:08.781322','2018-06-25 09:09:08.781368'),(498,1,3,0,1,34,8,3,'10',2,0,'2018-06-25 09:15:20.742047','2018-06-25 09:15:20.742099'),(499,0,1,0,1,34,3,3,'7',3,0,'2018-06-25 10:40:50.198567','2018-06-25 10:40:50.198630'),(500,1,2,0,1,34,14,3,'7',3,0,'2018-06-25 11:18:57.856470','2018-06-25 11:18:57.856512'),(501,1,1,0,1,33,14,NULL,'6',1,0,'2018-06-25 11:20:55.951419','2018-06-25 13:59:44.497018'),(502,3,1,0,1,35,9,6,'62',7,0,'2018-06-25 11:56:44.405165','2018-06-25 11:56:44.405205'),(503,0,2,0,1,34,1,3,'11',3,1,'2018-06-25 12:11:27.289292','2018-06-25 12:11:49.353204'),(504,2,1,0,1,33,1,4,'15',4,0,'2018-06-25 12:12:48.599929','2018-06-25 12:13:48.773173'),(505,0,3,0,1,36,9,5,'Cristiano Ronaldo',8,0,'2018-06-25 12:15:09.666209','2018-06-25 12:15:09.666283'),(506,0,1,0,1,33,9,1,'7',4,0,'2018-06-25 12:15:59.050131','2018-06-25 12:15:59.050183'),(507,0,2,0,1,34,9,3,'8',3,0,'2018-06-25 12:16:26.293253','2018-06-25 12:16:26.293298'),(508,1,3,0,1,36,1,5,'Cristiano Ronaldo',5,1,'2018-06-25 12:16:48.741248','2018-06-25 16:31:45.886073'),(509,2,0,0,1,33,3,4,'6',1,0,'2018-06-25 12:22:01.417992','2018-06-25 12:22:01.418039'),(510,1,0,0,1,36,3,8,'Sardar Azmoun',8,0,'2018-06-25 12:23:11.524082','2018-06-25 12:23:11.524138'),(511,2,0,0,1,35,1,6,'90',7,0,'2018-06-25 12:23:24.031107','2018-06-25 12:23:48.689627'),(512,4,0,0,1,35,3,6,'89',7,0,'2018-06-25 12:23:59.225111','2018-06-25 12:23:59.225149'),(513,1,2,0,1,34,6,3,'11',3,0,'2018-06-25 12:56:42.058276','2018-06-25 12:56:42.058323'),(514,2,1,0,1,33,6,4,'11',1,0,'2018-06-25 12:57:58.181649','2018-06-25 12:57:58.181699'),(515,1,1,0,1,33,16,NULL,'10',4,0,'2018-06-25 13:04:32.757084','2018-06-25 13:04:32.757144'),(516,0,2,0,1,34,5,3,'7',2,0,'2018-06-25 13:37:12.905184','2018-06-25 13:37:12.905249'),(517,2,1,0,1,33,5,4,'7',1,0,'2018-06-25 13:38:06.676136','2018-06-25 13:38:06.676173'),(518,0,1,0,1,36,5,5,'Cristiano Ronaldo',8,0,'2018-06-25 13:38:47.956843','2018-06-25 15:45:46.181325'),(519,3,0,0,1,35,5,6,'85',7,0,'2018-06-25 13:39:10.414137','2018-06-25 13:39:10.414177'),(520,0,3,0,1,36,16,5,'Cristiano Ronaldo',8,0,'2018-06-25 15:02:01.652909','2018-06-25 15:02:01.652960'),(521,3,0,0,1,35,16,6,'91',7,0,'2018-06-25 15:03:47.889407','2018-06-25 15:03:47.889447'),(522,0,2,0,1,36,8,5,'Cristiano Ronaldo',8,0,'2018-06-25 17:13:28.773295','2018-06-25 17:13:28.773338'),(523,2,1,0,1,35,8,6,'92',7,0,'2018-06-25 17:14:24.606770','2018-06-25 17:14:24.606807'),(524,0,2,0,1,36,6,5,'Cristiano Ronaldo',8,0,'2018-06-25 17:21:30.782974','2018-06-25 17:31:19.465959'),(525,2,0,0,1,35,6,6,'89',7,0,'2018-06-25 17:26:51.725159','2018-06-25 17:38:15.846272'),(526,0,2,0,1,36,14,5,'Cristiano Ronaldo',8,0,'2018-06-25 17:30:26.425516','2018-06-25 17:33:25.788294'),(527,3,0,0,1,35,14,6,'92',7,0,'2018-06-25 17:32:39.369771','2018-06-25 17:33:14.396916'),(528,1,3,0,1,38,13,9,'0',12,0,'2018-06-26 05:23:35.932374','2018-06-26 10:22:22.786921'),(529,1,2,0,1,38,10,9,'0',12,0,'2018-06-26 05:23:53.478916','2018-06-26 05:28:54.774084'),(530,1,0,0,1,37,13,10,'8',11,0,'2018-06-26 05:24:38.181090','2018-06-26 10:22:47.511525'),(531,1,1,0,1,37,10,NULL,'9',10,0,'2018-06-26 05:24:55.756160','2018-06-26 05:24:55.756197'),(532,0,2,0,1,40,13,15,'4',14,0,'2018-06-26 05:25:07.361582','2018-06-26 15:17:25.028156'),(533,0,1,0,1,40,10,15,'4',14,0,'2018-06-26 05:25:39.319986','2018-06-26 05:25:39.320022'),(534,0,1,0,1,39,13,13,'15',16,0,'2018-06-26 05:25:49.283957','2018-06-26 10:25:27.112105'),(535,1,2,0,1,39,10,13,'17',16,0,'2018-06-26 05:26:10.601045','2018-06-26 05:26:10.601089'),(536,2,0,0,1,37,3,10,'5',11,0,'2018-06-26 06:18:24.527435','2018-06-26 06:18:24.527477'),(537,0,2,0,1,40,3,15,'3',14,0,'2018-06-26 06:20:16.830725','2018-06-26 06:20:16.830790'),(538,1,2,0,1,39,7,13,'23',16,0,'2018-06-26 06:30:19.390575','2018-06-26 06:30:19.390612'),(539,0,4,0,1,40,7,15,'9',14,0,'2018-06-26 06:30:52.978064','2018-06-26 06:30:52.978108'),(540,1,2,0,1,38,7,9,'1',12,0,'2018-06-26 06:31:37.002847','2018-06-26 06:31:37.002889'),(541,1,1,0,1,37,7,NULL,'14',10,0,'2018-06-26 06:32:17.753237','2018-06-26 06:32:17.753294'),(542,1,2,0,1,38,16,9,'0',12,0,'2018-06-26 06:37:03.440867','2018-06-26 06:37:03.440910'),(543,2,0,0,1,39,12,16,'13',16,1,'2018-06-26 06:46:04.521875','2018-06-26 06:46:10.901329'),(544,1,2,0,1,40,12,15,'1',14,0,'2018-06-26 06:47:01.330422','2018-06-26 06:47:01.330462'),(545,1,0,0,1,37,12,10,'6',11,1,'2018-06-26 06:47:35.124718','2018-06-26 06:47:35.124785'),(546,1,1,0,1,37,16,NULL,'10',10,0,'2018-06-26 06:48:09.344911','2018-06-26 06:48:09.344951'),(547,1,3,0,1,38,12,9,'0',12,1,'2018-06-26 06:48:10.666749','2018-06-26 06:48:10.666787'),(548,1,2,0,1,38,2,9,'1',12,1,'2018-06-26 07:42:32.105397','2018-06-26 07:42:32.105435'),(549,1,0,0,0,37,2,10,'9',11,0,'2018-06-26 07:43:28.030622','2018-06-26 13:46:39.862339'),(550,0,2,0,1,40,2,15,'2',14,0,'2018-06-26 07:44:14.657534','2018-06-26 07:44:14.657569'),(551,1,2,0,1,39,2,13,'23',16,1,'2018-06-26 07:44:45.093923','2018-06-26 16:24:45.938287'),(552,0,1,0,1,39,17,13,'14',16,0,'2018-06-26 08:57:49.219162','2018-06-26 08:57:49.219227'),(553,0,2,0,1,38,17,9,'0',12,0,'2018-06-26 08:58:25.950133','2018-06-26 08:58:25.950173'),(554,1,2,0,1,40,17,15,'0',14,0,'2018-06-26 08:59:38.295913','2018-06-26 08:59:38.295959'),(555,1,0,0,1,37,17,10,'3',10,0,'2018-06-26 09:00:09.626954','2018-06-26 09:00:09.626994'),(556,1,2,0,1,38,1,9,'1',12,1,'2018-06-26 09:27:51.650924','2018-06-26 09:27:51.650964'),(557,1,2,0,1,38,15,9,'0',9,0,'2018-06-26 09:53:33.699101','2018-06-26 09:53:33.699137'),(558,1,0,0,1,37,15,10,'13',11,0,'2018-06-26 09:54:10.470295','2018-06-26 09:54:10.470335'),(559,0,3,0,1,40,15,15,'5',14,0,'2018-06-26 09:54:48.572683','2018-06-26 09:55:05.443383'),(560,0,1,0,1,39,15,13,'15',16,0,'2018-06-26 09:56:26.899275','2018-06-26 09:56:26.899314'),(561,0,4,0,1,39,3,13,'26',16,0,'2018-06-26 10:06:25.554058','2018-06-26 10:06:25.554117'),(562,0,2,0,1,38,3,9,'0',12,0,'2018-06-26 10:07:51.845881','2018-06-26 10:07:51.845935'),(563,1,1,0,1,38,14,NULL,'0',12,0,'2018-06-26 10:23:06.689211','2018-06-26 10:23:06.689259'),(564,1,0,0,1,37,14,10,'13',11,0,'2018-06-26 10:24:29.175203','2018-06-26 10:24:29.175246'),(565,0,1,0,1,38,9,9,'0',12,0,'2018-06-26 10:27:06.831335','2018-06-26 10:27:06.831372'),(566,1,1,0,1,39,9,NULL,'18',16,0,'2018-06-26 10:27:36.831817','2018-06-26 10:27:36.831853'),(567,0,1,0,1,40,9,15,'2',14,0,'2018-06-26 10:28:08.193301','2018-06-26 10:28:08.193354'),(568,1,0,0,1,37,9,10,'9',11,0,'2018-06-26 10:28:54.342641','2018-06-26 10:28:54.342711'),(569,0,2,0,1,39,11,13,'28',16,0,'2018-06-26 10:38:03.094734','2018-06-26 10:38:03.094803'),(570,0,1,0,1,40,11,15,'3',14,0,'2018-06-26 10:38:58.248028','2018-06-26 10:38:58.248090'),(571,1,0,0,1,37,11,10,'9',11,0,'2018-06-26 10:39:45.741149','2018-06-26 10:39:45.741191'),(572,1,2,0,1,38,11,9,'1',12,0,'2018-06-26 10:40:10.219338','2018-06-26 10:40:10.219374'),(573,1,2,0,1,38,8,9,'0',12,0,'2018-06-26 12:17:31.431543','2018-06-26 12:17:31.431580'),(574,1,1,0,1,38,5,NULL,'0',12,0,'2018-06-26 12:18:07.525372','2018-06-26 12:18:07.525418'),(575,0,1,0,1,37,8,11,'15',10,0,'2018-06-26 12:18:13.236861','2018-06-26 12:18:13.236903'),(576,1,2,0,1,40,8,15,'3',15,0,'2018-06-26 12:18:41.893164','2018-06-26 12:18:41.893211'),(577,1,0,0,1,37,5,10,'10',11,0,'2018-06-26 12:18:48.571878','2018-06-26 12:18:48.571916'),(578,1,0,0,1,37,1,10,'9',10,0,'2018-06-26 12:19:01.638242','2018-06-26 12:19:01.638288'),(579,1,3,0,1,39,8,13,'25',16,0,'2018-06-26 12:19:15.289876','2018-06-26 12:19:15.289943'),(580,1,2,0,1,40,1,15,'2',15,0,'2018-06-26 12:19:38.951605','2018-06-26 12:19:45.134962'),(581,1,2,0,1,39,1,13,'23',16,1,'2018-06-26 12:24:26.026992','2018-06-26 17:14:53.254895'),(582,1,3,0,1,39,6,13,'24',16,1,'2018-06-26 13:36:45.939113','2018-06-26 16:24:09.320263'),(583,2,1,0,1,37,6,10,'9',10,0,'2018-06-26 13:37:30.501568','2018-06-26 13:59:56.775054'),(584,1,1,0,1,38,6,NULL,'0',12,0,'2018-06-26 13:38:36.771978','2018-06-26 13:38:36.772024'),(585,0,2,0,1,40,6,15,'2',14,0,'2018-06-26 14:15:27.495303','2018-06-26 14:15:27.495370'),(586,0,2,0,1,40,16,15,'3',14,0,'2018-06-26 16:25:31.601681','2018-06-26 16:25:31.601737'),(587,0,3,0,1,39,16,13,'28',16,0,'2018-06-26 16:29:06.610491','2018-06-26 16:29:06.610564'),(588,0,3,0,1,40,14,15,'5',15,0,'2018-06-26 16:31:13.086523','2018-06-26 16:31:13.086586'),(589,1,2,0,1,39,14,13,'28',16,0,'2018-06-26 16:31:14.703586','2018-06-26 17:55:42.386956'),(590,1,0,0,1,42,13,22,'45',23,0,'2018-06-27 05:21:36.850773','2018-06-27 05:21:36.850831'),(591,0,2,0,1,41,13,21,'35',24,0,'2018-06-27 05:22:19.369267','2018-06-27 05:22:19.369309'),(592,2,1,0,1,44,13,18,'100',19,0,'2018-06-27 05:23:12.629415','2018-06-27 06:26:02.901441'),(593,1,3,0,1,43,13,17,'558',20,1,'2018-06-27 05:24:12.996802','2018-06-27 06:26:41.727529'),(594,1,2,0,1,41,2,21,'47',24,0,'2018-06-27 05:25:56.765915','2018-06-27 13:59:06.050526'),(595,1,2,0,1,43,15,17,'750',20,0,'2018-06-27 06:24:06.815243','2018-06-27 06:24:06.815281'),(596,1,0,0,1,44,15,18,'48',19,0,'2018-06-27 06:24:56.077731','2018-06-27 16:44:17.115148'),(597,0,2,0,1,41,15,21,'45',24,0,'2018-06-27 06:26:35.704962','2018-06-27 06:26:35.704999'),(598,1,0,0,1,42,15,22,'45',23,0,'2018-06-27 06:26:59.017238','2018-06-27 06:26:59.017315'),(599,1,0,0,1,42,16,22,'46',23,0,'2018-06-27 07:01:21.611081','2018-06-27 07:01:21.611149'),(600,1,1,0,1,42,10,NULL,'40',23,0,'2018-06-27 07:05:44.601771','2018-06-27 07:05:44.601840'),(601,0,2,0,1,41,16,21,'37',24,0,'2018-06-27 07:08:24.042925','2018-06-27 07:08:24.042977'),(602,1,2,0,1,41,10,21,'52',24,0,'2018-06-27 07:09:00.285641','2018-06-27 07:09:00.285728'),(603,2,1,0,1,44,10,18,'48',18,0,'2018-06-27 07:09:56.097660','2018-06-27 07:12:03.515064'),(604,0,2,0,1,43,10,17,'750',20,0,'2018-06-27 07:11:12.233607','2018-06-27 07:11:12.233658'),(605,1,0,0,1,42,2,22,'42',23,0,'2018-06-27 08:11:13.829163','2018-06-27 13:58:08.184137'),(606,2,0,0,1,44,2,18,'42',19,0,'2018-06-27 08:13:12.398781','2018-06-27 16:38:28.534124'),(607,1,3,0,1,43,12,17,'537',20,1,'2018-06-27 08:33:29.374696','2018-06-27 08:33:29.374748'),(608,1,0,0,1,44,12,18,'45',19,0,'2018-06-27 08:34:59.262911','2018-06-27 08:34:59.262977'),(609,1,3,0,1,41,12,21,'36',24,1,'2018-06-27 08:35:44.293194','2018-06-27 08:37:05.527373'),(610,1,0,0,1,42,12,22,'45',23,0,'2018-06-27 08:36:33.911437','2018-06-27 08:36:33.911494'),(611,1,1,0,1,42,9,NULL,'37',23,0,'2018-06-27 10:46:32.849527','2018-06-27 10:46:32.849577'),(612,2,0,0,1,42,3,22,'38',23,0,'2018-06-27 10:47:04.354669','2018-06-27 10:47:04.354729'),(613,0,1,0,1,41,9,21,'39',24,0,'2018-06-27 10:47:26.492327','2018-06-27 10:47:26.492367'),(614,1,1,0,1,44,9,NULL,'43',19,0,'2018-06-27 10:48:25.889576','2018-06-27 10:48:25.889638'),(615,1,2,0,1,43,9,17,'700',20,0,'2018-06-27 10:49:01.469007','2018-06-27 10:49:01.469048'),(616,0,2,0,1,41,3,21,'43',24,0,'2018-06-27 10:50:42.632056','2018-06-27 10:50:42.632097'),(617,0,1,0,1,44,3,19,'48',18,0,'2018-06-27 10:51:28.207970','2018-06-27 10:51:28.208047'),(618,1,2,0,1,43,3,17,'728',20,0,'2018-06-27 10:52:46.744043','2018-06-27 10:52:46.744113'),(619,1,0,0,1,42,8,22,'40',22,0,'2018-06-27 11:22:52.946072','2018-06-27 11:22:52.946130'),(620,0,1,0,1,43,17,17,'600',20,0,'2018-06-27 11:23:18.788057','2018-06-27 11:23:18.788098'),(621,2,1,0,1,42,7,22,'25',23,0,'2018-06-27 11:23:54.061503','2018-06-27 11:23:54.061566'),(622,0,4,0,1,41,8,21,'35',24,0,'2018-06-27 11:24:08.064125','2018-06-27 11:24:08.064189'),(623,0,1,0,1,44,17,19,'51',19,0,'2018-06-27 11:24:21.526616','2018-06-27 11:24:34.736719'),(625,0,2,0,1,41,7,21,'33',21,0,'2018-06-27 11:24:27.185919','2018-06-27 11:24:27.185964'),(626,0,2,0,1,41,17,21,'43',24,0,'2018-06-27 11:25:01.241356','2018-06-27 11:25:01.241393'),(627,1,1,0,1,44,7,NULL,'53',18,0,'2018-06-27 11:25:18.460022','2018-06-27 11:25:18.460082'),(628,2,0,0,1,42,17,22,'47',23,0,'2018-06-27 11:25:35.925368','2018-06-27 11:25:35.925418'),(629,1,2,0,1,43,7,17,'600',20,0,'2018-06-27 11:28:10.675685','2018-06-27 11:28:10.675753'),(630,1,0,0,1,42,14,22,'40',23,0,'2018-06-27 11:34:07.077923','2018-06-27 11:34:07.077968'),(631,0,2,0,1,41,14,21,'39',24,0,'2018-06-27 11:58:56.077939','2018-06-27 11:58:56.077986'),(632,0,2,0,1,41,11,21,'55',24,0,'2018-06-27 12:21:52.682934','2018-06-27 12:21:52.682983'),(633,0,1,0,1,42,11,23,'43',22,0,'2018-06-27 12:22:28.113810','2018-06-27 12:22:28.113846'),(634,1,0,0,1,42,5,22,'40',23,0,'2018-06-27 12:25:45.212747','2018-06-27 12:25:45.212791'),(635,0,2,0,1,41,5,21,'39',24,0,'2018-06-27 12:26:10.513543','2018-06-27 12:26:10.513582'),(636,1,0,0,1,44,5,18,'80',19,0,'2018-06-27 12:27:09.890840','2018-06-27 12:27:09.890881'),(637,0,2,0,1,43,5,17,'700',20,0,'2018-06-27 12:27:43.926389','2018-06-27 12:27:43.926462'),(638,2,1,0,1,42,1,22,'40',22,1,'2018-06-27 12:28:16.920199','2018-06-27 12:28:16.920241'),(639,0,2,0,1,41,1,21,'38',21,0,'2018-06-27 12:32:00.801784','2018-06-27 12:32:00.801829'),(640,1,0,0,1,44,1,18,'42',18,0,'2018-06-27 12:32:50.045054','2018-06-27 12:32:50.045120'),(641,1,2,0,1,43,1,17,'650',20,0,'2018-06-27 12:33:30.643835','2018-06-27 12:34:43.410155'),(642,0,2,0,1,41,6,21,'39',24,1,'2018-06-27 13:21:05.297161','2018-06-27 13:46:42.643324'),(643,1,0,0,1,42,6,22,'41',23,0,'2018-06-27 13:21:15.853540','2018-06-27 13:21:15.853583'),(644,2,0,0,1,44,11,18,'56',19,0,'2018-06-27 16:23:18.967665','2018-06-27 16:23:18.967708'),(645,0,2,0,1,43,16,17,'568',20,0,'2018-06-27 16:24:50.177197','2018-06-27 16:24:50.177241'),(646,0,1,0,1,43,11,17,'740',20,0,'2018-06-27 16:26:40.062319','2018-06-27 16:26:40.062366'),(647,0,2,0,0,43,6,17,'640',20,0,'2018-06-27 16:30:48.993772','2018-06-27 16:31:23.110411'),(648,1,2,0,1,43,14,17,'750',20,0,'2018-06-27 16:34:16.157204','2018-06-27 16:34:16.157259'),(649,2,1,0,1,44,14,18,'53',18,0,'2018-06-27 16:34:24.994241','2018-06-27 16:34:24.994289'),(650,1,0,0,1,44,6,18,'46',18,0,'2018-06-27 16:35:27.530956','2018-06-27 16:38:10.591187'),(651,2,0,0,1,44,16,18,'40',19,0,'2018-06-27 16:36:58.134766','2018-06-27 16:37:13.376790'),(652,0,2,0,1,43,2,17,'748',20,0,'2018-06-27 16:42:06.377561','2018-06-27 16:42:06.377634'),(653,0,1,0,1,47,2,27,'0',26,0,'2018-06-28 01:53:38.683299','2018-06-28 16:10:48.604715'),(654,2,1,0,1,48,2,28,'Harry Kane',28,0,'2018-06-28 01:54:26.966074','2018-06-28 16:15:11.389470'),(655,2,0,0,1,45,2,32,'25',29,0,'2018-06-28 01:55:03.254640','2018-06-28 13:46:07.174062'),(656,0,2,0,1,46,2,31,'31',31,0,'2018-06-28 01:55:46.788437','2018-06-28 13:58:28.029471'),(657,2,1,0,1,46,10,30,'30',31,0,'2018-06-28 03:34:57.334400','2018-06-28 03:34:57.334477'),(658,0,2,0,1,47,3,27,'1',26,0,'2018-06-28 03:35:04.617019','2018-06-28 03:35:04.617102'),(659,2,1,0,1,45,10,32,'15',29,0,'2018-06-28 03:35:44.697760','2018-06-28 03:35:44.697809'),(660,1,2,0,1,48,10,25,'Eden Hazard',28,0,'2018-06-28 03:36:22.532576','2018-06-28 03:36:22.532616'),(661,1,0,0,1,47,10,26,'2',26,0,'2018-06-28 03:37:39.298018','2018-06-28 03:37:39.298063'),(662,3,2,0,1,48,3,28,'Harry Kane',28,0,'2018-06-28 03:38:16.632507','2018-06-28 03:38:16.632552'),(663,3,0,0,1,45,3,32,'39',29,0,'2018-06-28 03:39:28.946229','2018-06-28 03:39:28.946266'),(664,2,0,0,1,46,3,30,'22',31,0,'2018-06-28 03:44:44.452744','2018-06-28 03:44:44.452785'),(665,1,0,0,1,45,11,32,'18',32,0,'2018-06-28 08:15:17.312847','2018-06-28 08:15:17.312886'),(666,2,1,0,1,46,11,30,'20',30,0,'2018-06-28 08:18:12.876921','2018-06-28 08:18:12.876961'),(667,0,1,0,1,46,8,31,'20',30,0,'2018-06-28 08:40:59.453948','2018-06-28 08:40:59.453994'),(668,0,1,0,1,45,8,29,'16',32,0,'2018-06-28 08:41:35.753968','2018-06-28 08:41:35.754027'),(669,2,0,0,1,48,8,28,'Harry Kane',28,0,'2018-06-28 08:42:49.728183','2018-06-28 08:42:49.728222'),(670,0,2,0,1,47,8,27,'2',26,0,'2018-06-28 08:43:56.167895','2018-06-28 08:43:56.167935'),(671,2,1,0,1,46,13,30,'23',31,0,'2018-06-28 08:47:12.299876','2018-06-28 10:50:09.131187'),(672,1,0,0,1,46,15,30,'27',31,0,'2018-06-28 08:47:16.457874','2018-06-28 08:47:16.457938'),(673,1,0,0,1,45,13,32,'32',32,0,'2018-06-28 08:47:44.081123','2018-06-28 10:50:45.579219'),(674,1,0,0,1,45,15,32,'35',29,0,'2018-06-28 08:47:44.653126','2018-06-28 08:47:44.653165'),(675,2,1,0,1,48,15,28,'Harry Kane',25,0,'2018-06-28 08:48:20.968996','2018-06-28 08:48:20.969041'),(676,1,2,0,1,48,13,25,'R.Lukaku',28,1,'2018-06-28 08:48:25.424620','2018-06-28 15:54:09.289147'),(677,0,1,0,1,47,13,27,'0',27,0,'2018-06-28 08:48:54.508422','2018-06-28 16:03:01.817388'),(678,1,0,0,1,47,15,26,'1',26,0,'2018-06-28 08:49:16.076302','2018-06-28 08:49:16.076385'),(679,0,2,0,1,46,16,31,'21',30,0,'2018-06-28 08:52:55.975196','2018-06-28 08:52:55.975258'),(680,2,1,0,1,46,7,30,'17',31,1,'2018-06-28 08:54:21.606049','2018-06-28 08:54:21.606114'),(681,2,1,0,1,45,7,32,'33',29,0,'2018-06-28 08:55:14.894175','2018-06-28 08:55:14.894233'),(682,1,1,0,1,45,16,NULL,'28',32,0,'2018-06-28 08:57:38.396582','2018-06-28 08:57:38.396651'),(683,3,2,0,1,48,7,28,'Harry Kane',25,1,'2018-06-28 09:04:03.774390','2018-06-28 09:04:03.774454'),(684,1,2,0,1,47,7,27,'0',26,1,'2018-06-28 09:04:31.938625','2018-06-28 09:04:31.938690'),(685,1,0,0,1,45,17,32,'24',29,0,'2018-06-28 09:30:19.502227','2018-06-28 09:30:19.502299'),(686,2,1,0,1,46,17,30,'25',31,0,'2018-06-28 09:31:05.597708','2018-06-28 09:31:05.597756'),(687,1,1,0,1,48,17,NULL,'Harry Kane',28,1,'2018-06-28 09:31:49.449607','2018-06-28 12:36:50.563301'),(688,1,2,0,1,47,17,27,'3',26,0,'2018-06-28 09:33:28.318852','2018-06-28 09:33:28.318894'),(689,0,2,0,1,46,14,31,'21',30,0,'2018-06-28 09:55:14.641255','2018-06-28 09:55:14.641301'),(690,1,0,0,1,45,14,32,'28',32,0,'2018-06-28 09:57:25.039511','2018-06-28 13:47:04.104379'),(691,1,1,0,1,47,12,NULL,'0',26,0,'2018-06-28 10:16:39.936013','2018-06-28 10:16:39.936140'),(692,1,2,0,1,48,12,25,'Lukaku',28,1,'2018-06-28 10:17:41.970280','2018-06-28 10:17:41.970326'),(693,2,1,0,1,45,12,32,'32',29,0,'2018-06-28 10:18:19.703448','2018-06-28 10:18:19.703487'),(694,1,0,0,1,46,12,30,'26',31,0,'2018-06-28 10:19:15.437850','2018-06-28 10:19:15.437907'),(695,1,1,0,1,46,9,NULL,'20',31,0,'2018-06-28 10:54:10.618714','2018-06-28 10:54:10.618751'),(696,0,1,0,1,47,9,27,'2',26,0,'2018-06-28 10:55:01.710585','2018-06-28 10:55:01.710656'),(697,2,1,0,1,48,9,28,'Harry Kane',28,0,'2018-06-28 10:55:46.978124','2018-06-28 10:55:46.978180'),(698,1,1,0,1,45,9,NULL,'18',32,0,'2018-06-28 10:56:22.476406','2018-06-28 10:56:22.476471'),(699,1,2,0,1,46,1,31,'25',31,0,'2018-06-28 11:37:22.906779','2018-06-28 11:37:22.906853'),(700,2,0,0,1,45,1,32,'22',32,0,'2018-06-28 11:38:38.048308','2018-06-28 11:38:38.048350'),(701,3,2,0,1,48,1,28,'Harry Kane',25,1,'2018-06-28 11:39:47.644938','2018-06-28 11:48:58.586069'),(702,0,3,0,1,47,1,27,'0',26,1,'2018-06-28 11:49:45.080447','2018-06-28 11:50:20.708548'),(703,2,1,0,1,46,6,30,'26',30,0,'2018-06-28 12:30:21.173585','2018-06-28 12:30:21.173628'),(704,2,1,0,1,45,6,32,'19',32,0,'2018-06-28 12:31:10.604640','2018-06-28 13:14:12.481375'),(705,0,1,0,1,46,5,31,'20',31,0,'2018-06-28 13:22:30.940127','2018-06-28 13:23:13.726115'),(706,1,0,0,1,45,5,32,'27',32,0,'2018-06-28 13:26:17.579420','2018-06-28 13:26:17.579465'),(707,1,0,0,1,48,16,28,'Harry Kane',25,0,'2018-06-28 16:16:35.258001','2018-06-28 16:19:13.265610'),(708,1,2,0,1,47,16,27,'0',26,0,'2018-06-28 16:33:55.818999','2018-06-28 16:33:55.819041'),(709,2,1,0,1,48,6,28,'Jamie Vardy',25,0,'2018-06-28 16:44:00.362001','2018-06-28 17:58:58.682633'),(710,1,2,0,1,47,6,27,'1',27,0,'2018-06-28 16:45:06.592537','2018-06-28 17:49:09.618710'),(711,2,1,0,1,48,14,28,'Harry Kane',25,0,'2018-06-28 16:58:38.690703','2018-06-28 16:58:38.690745'),(712,0,1,0,1,47,14,27,'0',26,0,'2018-06-28 17:05:51.654024','2018-06-28 17:05:51.654069'),(713,1,2,0,1,50,10,13,'93',13,0,'2018-06-29 04:54:08.865172','2018-06-29 04:54:08.865230'),(714,3,0,0,0,49,10,4,'660',5,0,'2018-06-29 04:55:08.887232','2018-06-29 04:55:08.887301'),(715,1,2,0,1,50,7,13,'88',9,1,'2018-06-29 06:25:02.955340','2018-06-29 06:25:02.955407'),(716,1,2,0,1,50,9,13,'90',13,0,'2018-06-29 06:27:18.852860','2018-06-29 06:27:18.852897'),(717,2,1,0,1,50,2,9,'114',13,0,'2018-06-29 06:27:29.317640','2018-06-30 13:48:22.732424'),(718,0,2,0,1,49,9,5,'600',4,0,'2018-06-29 06:27:59.618367','2018-06-29 06:27:59.618428'),(719,2,1,0,1,49,2,4,'639',5,0,'2018-06-29 06:28:09.140606','2018-06-30 15:01:21.447533'),(720,1,0,0,1,50,8,9,'110',13,0,'2018-06-29 06:28:52.921243','2018-06-29 06:28:52.921302'),(721,1,2,0,1,49,8,5,'650',4,0,'2018-06-29 06:32:13.305522','2018-06-29 06:32:13.305582'),(722,1,2,0,1,49,7,5,'700',4,1,'2018-06-29 06:32:28.698908','2018-06-29 06:32:28.698950'),(723,1,0,0,1,50,14,9,'116',13,0,'2018-06-29 06:32:43.030414','2018-06-30 13:59:48.064300'),(724,0,1,0,1,50,11,13,'97',9,0,'2018-06-29 06:33:16.225260','2018-06-29 06:33:16.225296'),(725,1,0,0,1,49,11,4,'890',4,0,'2018-06-29 06:33:25.309346','2018-06-29 06:56:14.952306'),(726,0,1,0,1,49,13,5,'568',4,0,'2018-06-29 06:34:47.345408','2018-06-30 15:08:31.748916'),(728,2,1,0,1,50,13,9,'32',13,0,'2018-06-29 06:35:36.976192','2018-06-29 06:35:36.976232'),(729,2,1,0,1,49,17,4,'800',5,0,'2018-06-29 06:55:30.350014','2018-06-29 06:55:30.350055'),(730,0,1,0,1,50,17,13,'101',13,0,'2018-06-29 06:55:53.183602','2018-06-29 06:55:53.183641'),(731,1,0,0,1,50,15,9,'57',13,0,'2018-06-29 07:11:09.162845','2018-06-29 07:11:09.162904'),(732,0,1,0,1,49,15,5,'650',5,0,'2018-06-29 07:11:43.806122','2018-06-29 07:11:43.806162'),(733,1,2,0,1,49,12,5,'825',5,0,'2018-06-29 07:12:06.061165','2018-06-29 07:12:33.706124'),(734,3,2,0,1,49,1,4,'623',4,1,'2018-06-29 07:12:35.155693','2018-06-30 17:28:31.401803'),(735,2,3,0,1,50,12,13,'77',13,1,'2018-06-29 07:13:13.782050','2018-06-29 07:13:13.782095'),(736,2,1,0,1,50,1,9,'115',13,1,'2018-06-29 07:14:53.231435','2018-06-30 13:58:55.673790'),(737,0,1,0,1,50,5,13,'105',9,0,'2018-06-30 09:46:07.972990','2018-06-30 09:46:07.973062'),(738,0,2,0,1,50,3,13,'113',9,0,'2018-06-30 11:39:26.449145','2018-06-30 11:58:29.391119'),(739,3,1,0,1,49,3,4,'490',5,0,'2018-06-30 12:00:43.862906','2018-06-30 12:00:43.862974'),(740,2,1,0,1,50,6,9,'108',9,1,'2018-06-30 13:45:45.149339','2018-06-30 13:56:51.160193'),(741,2,1,0,1,50,16,9,'109',13,0,'2018-06-30 13:49:38.995327','2018-06-30 13:49:38.995373'),(742,1,2,0,1,49,16,5,'639',4,0,'2018-06-30 16:45:56.149278','2018-06-30 16:47:17.687904'),(743,1,2,0,1,49,14,5,'639',5,1,'2018-06-30 17:15:21.475790','2018-06-30 17:15:21.475855'),(744,2,1,0,1,49,6,4,'585',4,1,'2018-06-30 17:49:27.549653','2018-06-30 17:49:27.549693'),(745,2,0,0,1,51,2,6,'154',1,0,'2018-07-01 08:14:23.591023','2018-07-01 13:58:30.181538'),(746,2,0,0,1,52,2,15,'102',12,1,'2018-07-01 08:19:37.454315','2018-07-01 17:07:51.492463'),(747,3,0,0,1,51,14,6,'150',1,0,'2018-07-01 09:54:12.764367','2018-07-01 13:47:35.353593'),(748,2,1,0,1,51,16,6,'160',1,1,'2018-07-01 10:01:14.429438','2018-07-01 13:19:58.018391'),(749,2,1,0,1,51,12,6,'160',1,0,'2018-07-01 10:15:15.549500','2018-07-01 10:15:15.549538'),(750,2,0,0,1,51,1,6,'158',6,1,'2018-07-01 10:43:24.464154','2018-07-01 10:43:24.464194'),(751,2,1,0,1,51,8,6,'165',1,0,'2018-07-01 11:11:35.628625','2018-07-01 11:11:35.628703'),(752,2,1,0,1,51,6,6,'154',1,0,'2018-07-01 11:15:09.197150','2018-07-01 11:15:09.197195'),(753,2,1,0,1,52,6,15,'88',12,1,'2018-07-01 11:19:06.592295','2018-07-01 17:59:57.205776'),(754,2,0,0,1,51,13,6,'158',1,0,'2018-07-01 12:22:57.838960','2018-07-01 12:22:57.839001'),(755,2,1,0,1,52,13,15,'142',12,0,'2018-07-01 12:23:57.557965','2018-07-01 12:23:57.558006'),(756,3,1,0,1,51,7,6,'170',1,1,'2018-07-01 12:46:56.189302','2018-07-01 12:46:56.189346'),(757,3,1,0,1,52,7,15,'150',12,1,'2018-07-01 12:49:18.187877','2018-07-01 12:49:18.187928'),(758,3,2,0,1,51,10,6,'145',1,1,'2018-07-01 13:36:21.367635','2018-07-01 13:53:29.854456'),(759,2,1,0,1,52,10,15,'155',12,0,'2018-07-01 13:37:08.575813','2018-07-01 13:37:08.575855'),(760,2,1,0,1,51,15,6,'158',1,0,'2018-07-01 13:40:23.003999','2018-07-01 13:40:23.004042'),(761,2,0,0,1,51,17,6,'155',1,0,'2018-07-01 13:51:13.360254','2018-07-01 13:51:13.360299'),(762,2,1,0,1,52,17,15,'100',12,0,'2018-07-01 13:52:23.686330','2018-07-01 13:52:23.686367'),(763,4,1,0,1,51,3,6,'150',1,0,'2018-07-01 13:53:13.428202','2018-07-01 13:53:13.428239'),(764,2,0,0,1,52,3,15,'111',12,0,'2018-07-01 14:28:47.212176','2018-07-01 14:28:47.212220'),(765,2,1,0,1,52,1,15,'101',12,1,'2018-07-01 16:00:27.121813','2018-07-01 16:01:22.138589'),(766,2,1,0,1,52,12,15,'133',12,0,'2018-07-01 16:23:27.701559','2018-07-01 16:23:27.701600'),(767,2,1,0,1,52,16,15,'91',12,1,'2018-07-01 16:34:58.853394','2018-07-01 17:58:57.148189'),(768,2,0,0,1,52,8,15,'92',15,0,'2018-07-01 17:05:41.392641','2018-07-01 17:05:41.392682'),(769,2,1,0,1,52,14,15,'90',15,1,'2018-07-01 17:55:13.989721','2018-07-01 17:59:46.886351'),(770,1,2,0,1,53,2,22,'33',22,1,'2018-07-02 01:59:35.933391','2018-07-02 13:58:04.408107'),(771,2,1,0,1,53,16,17,'28',22,1,'2018-07-02 03:17:10.387201','2018-07-02 13:27:07.644804'),(772,1,2,0,1,53,10,22,'25',17,0,'2018-07-02 03:49:32.523443','2018-07-02 03:49:32.523504'),(773,2,1,0,1,54,10,25,'20',32,0,'2018-07-02 03:50:28.399624','2018-07-02 03:50:28.399750'),(774,2,1,0,1,54,11,25,'18',32,0,'2018-07-02 03:51:16.980712','2018-07-02 03:51:16.980757'),(775,0,1,0,1,53,11,22,'25',22,0,'2018-07-02 03:51:42.715499','2018-07-02 03:51:42.715564'),(776,2,3,0,1,53,17,22,'34',22,1,'2018-07-02 03:58:20.125763','2018-07-02 03:58:20.125805'),(777,2,0,0,1,54,2,25,'28',32,1,'2018-07-02 04:07:02.189661','2018-07-02 15:59:22.913012'),(778,2,1,0,1,53,13,17,'33',22,1,'2018-07-02 04:52:53.323280','2018-07-02 09:51:11.539292'),(779,3,0,0,1,54,13,25,'24',32,0,'2018-07-02 04:53:38.349258','2018-07-02 16:40:02.914055'),(780,2,1,0,1,53,15,17,'26',22,0,'2018-07-02 06:58:22.748338','2018-07-02 06:58:22.748385'),(781,2,1,0,1,54,15,25,'26',32,0,'2018-07-02 06:58:49.412879','2018-07-02 06:58:49.412924'),(782,2,1,0,1,53,8,17,'41',22,1,'2018-07-02 08:16:19.702723','2018-07-02 08:16:31.840121'),(783,4,0,0,1,54,8,25,'25',32,0,'2018-07-02 08:20:20.945707','2018-07-02 08:20:20.945765'),(784,3,0,0,1,54,3,25,'29',32,0,'2018-07-02 09:19:14.551908','2018-07-02 09:19:14.551976'),(785,1,2,0,1,53,3,22,'29',22,0,'2018-07-02 09:20:41.285814','2018-07-02 09:20:41.285856'),(786,1,2,0,1,53,14,22,'35',22,1,'2018-07-02 09:27:08.924838','2018-07-02 13:57:10.019200'),(787,3,1,0,1,54,12,25,'28',32,1,'2018-07-02 09:48:44.045768','2018-07-02 09:48:44.045821'),(788,2,3,0,1,53,12,22,'30',22,1,'2018-07-02 09:49:37.346093','2018-07-02 13:04:37.172444'),(789,3,1,0,1,54,17,25,'25',32,0,'2018-07-02 09:51:00.174286','2018-07-02 09:51:00.174353'),(790,2,1,0,1,54,9,25,'21',32,0,'2018-07-02 12:55:06.072867','2018-07-02 12:55:06.072907'),(791,2,1,0,1,53,9,17,'26',22,0,'2018-07-02 12:55:41.259465','2018-07-02 13:03:53.147928'),(792,2,1,0,1,53,7,17,'28',22,1,'2018-07-02 12:57:29.803176','2018-07-02 12:57:29.803213'),(793,4,1,0,1,54,7,25,'14',32,1,'2018-07-02 12:58:34.122674','2018-07-02 12:58:34.122719'),(794,2,1,0,1,53,1,17,'35',17,1,'2018-07-02 13:43:00.278956','2018-07-02 13:43:09.789943'),(795,3,1,0,1,54,1,25,'29',32,1,'2018-07-02 13:44:02.622753','2018-07-02 13:44:39.473157'),(796,3,1,0,1,53,6,17,'32',22,1,'2018-07-02 13:44:56.392085','2018-07-02 13:45:09.284820'),(797,3,1,0,1,54,14,25,'29',32,1,'2018-07-02 14:23:07.702232','2018-07-02 16:14:43.346730'),(798,3,1,0,1,54,6,25,'** {% Suspense - I will Update later on :) %}',32,1,'2018-07-02 15:58:42.738346','2018-07-02 17:40:42.963744'),(799,2,1,0,1,54,16,25,'34',32,0,'2018-07-02 16:45:26.743513','2018-07-02 16:45:26.743552'),(800,2,1,0,1,55,16,23,'12',18,0,'2018-07-03 05:04:32.064247','2018-07-03 13:39:16.978315'),(801,1,0,0,1,55,15,23,'18',18,0,'2018-07-03 05:30:17.959479','2018-07-03 05:30:17.959522'),(802,0,1,0,1,56,15,28,'2500',31,0,'2018-07-03 05:31:48.273571','2018-07-03 13:08:42.991946'),(803,3,1,0,1,55,14,23,'20',18,1,'2018-07-03 05:55:04.902087','2018-07-03 13:56:17.371011'),(804,1,2,0,1,55,10,18,'25',23,0,'2018-07-03 06:00:06.442397','2018-07-03 06:00:06.442459'),(805,3,2,0,1,56,10,31,'1550',28,0,'2018-07-03 06:01:02.172588','2018-07-03 06:01:02.172636'),(806,1,2,0,1,55,6,18,'17',18,1,'2018-07-03 08:05:54.205459','2018-07-03 13:58:46.225555'),(807,2,1,0,1,55,8,23,'25',18,0,'2018-07-03 08:28:17.294822','2018-07-03 08:28:17.294890'),(808,1,3,0,1,56,8,28,'1950',31,0,'2018-07-03 08:33:21.242011','2018-07-03 08:33:21.242059'),(809,1,2,0,1,55,2,18,'19',23,1,'2018-07-03 08:35:13.777186','2018-07-03 13:57:51.252836'),(810,0,1,0,1,56,2,28,'1991',31,1,'2018-07-03 08:41:22.502390','2018-07-03 08:41:22.502455'),(811,1,2,0,1,56,9,28,'1981',31,0,'2018-07-03 09:04:29.217952','2018-07-03 09:04:29.218001'),(812,3,2,0,1,55,9,23,'22',18,0,'2018-07-03 09:06:18.849618','2018-07-03 09:06:18.849661'),(813,2,1,0,1,55,13,23,'28',18,0,'2018-07-03 11:09:29.157557','2018-07-03 11:09:29.157608'),(814,2,3,0,1,56,13,28,'1993',31,0,'2018-07-03 11:10:33.376592','2018-07-03 11:10:33.376636'),(815,0,2,0,1,56,12,28,'1994',31,0,'2018-07-03 11:10:35.757531','2018-07-03 11:10:35.757573'),(816,2,1,0,1,55,12,23,'14',18,1,'2018-07-03 11:14:26.567707','2018-07-03 11:14:26.567757'),(817,2,1,0,1,55,1,23,'16',18,1,'2018-07-03 12:59:31.499464','2018-07-03 13:52:14.128796'),(818,1,2,0,1,55,7,18,'15',23,1,'2018-07-03 12:59:33.085167','2018-07-03 12:59:33.085204'),(819,2,1,0,1,55,17,23,'25',18,0,'2018-07-03 12:59:59.639752','2018-07-03 12:59:59.639872'),(820,2,3,0,1,56,7,28,'1600',31,1,'2018-07-03 13:00:02.907629','2018-07-03 13:00:02.907675'),(821,2,3,0,1,56,17,28,'1900',31,0,'2018-07-03 13:01:26.589500','2018-07-03 13:01:26.589552'),(822,1,3,0,1,56,1,28,'1800',31,1,'2018-07-03 13:03:46.153461','2018-07-03 13:52:41.409569'),(823,3,0,0,1,55,3,23,'13',18,0,'2018-07-03 13:32:39.787000','2018-07-03 13:41:16.208944'),(824,0,4,0,1,56,3,28,'1752',31,0,'2018-07-03 13:38:34.033547','2018-07-03 13:38:34.033615'),(825,1,2,0,1,56,6,28,'2100',31,0,'2018-07-03 16:01:36.315967','2018-07-03 16:40:22.927286'),(826,1,3,0,1,56,16,28,'1729',31,0,'2018-07-03 17:02:24.425143','2018-07-03 17:02:24.425194'),(827,1,2,0,1,56,14,28,'2000',31,0,'2018-07-03 17:32:05.466319','2018-07-03 17:32:05.466367'),(828,3,2,0,1,57,7,4,'23',9,1,'2018-07-06 10:18:43.577834','2018-07-06 10:18:43.577874'),(829,2,1,0,1,57,3,4,'20',4,0,'2018-07-06 10:19:38.719461','2018-07-06 10:19:38.719537'),(830,2,1,0,0,57,13,4,'30',4,0,'2018-07-06 10:22:20.162920','2018-07-06 10:22:20.162961'),(831,1,0,0,1,57,11,4,'25',4,0,'2018-07-06 10:22:50.454368','2018-07-06 10:22:50.454452'),(832,1,2,0,1,57,8,9,'25',4,0,'2018-07-06 10:23:07.778447','2018-07-06 10:23:07.778493'),(833,3,1,0,1,57,10,4,'27',4,0,'2018-07-06 10:23:40.185284','2018-07-06 10:23:40.185326'),(834,1,2,0,1,57,15,9,'48',4,0,'2018-07-06 10:26:10.122116','2018-07-06 10:26:10.122163'),(835,1,2,0,1,57,16,9,'19',4,0,'2018-07-06 10:48:00.956590','2018-07-06 10:48:00.956639'),(836,1,2,0,1,57,9,9,'21',4,0,'2018-07-06 12:07:58.197287','2018-07-06 12:07:58.197333'),(837,2,3,0,1,57,12,9,'31',4,1,'2018-07-06 12:53:06.063848','2018-07-06 12:53:06.063889'),(838,1,3,0,1,57,1,9,'29',4,1,'2018-07-06 12:53:47.299254','2018-07-06 12:53:47.299300'),(839,3,2,0,1,57,17,4,'23',4,0,'2018-07-06 12:54:17.466146','2018-07-06 12:54:17.466209'),(840,1,3,0,1,57,6,9,'17',4,1,'2018-07-06 13:46:17.201094','2018-07-06 13:46:17.201163'),(841,1,2,0,1,57,2,9,'22',4,1,'2018-07-06 13:56:07.040723','2018-07-06 13:56:07.040765'),(842,1,2,0,1,57,14,9,'31',4,0,'2018-07-06 13:57:05.637195','2018-07-06 13:57:05.637245'),(843,1,3,0,1,58,10,25,'157',25,1,'2018-07-06 16:16:33.782094','2018-07-06 16:16:33.782140'),(844,1,2,0,1,58,13,25,'146',17,0,'2018-07-06 16:26:09.116330','2018-07-06 16:26:09.116392'),(845,2,1,0,1,58,15,17,'333',25,0,'2018-07-06 16:27:02.754280','2018-07-06 16:27:02.754332'),(846,1,2,0,1,58,3,25,'140',17,0,'2018-07-06 16:35:51.440124','2018-07-06 16:35:51.440185'),(847,1,2,0,1,58,8,25,'200',25,1,'2018-07-06 16:46:09.058509','2018-07-06 16:46:09.058550'),(848,1,2,0,1,58,12,25,'163',17,0,'2018-07-06 17:19:14.373990','2018-07-06 17:19:14.374036'),(849,1,2,0,1,58,2,25,'145',17,1,'2018-07-06 17:20:43.841743','2018-07-06 17:20:43.841805'),(850,0,2,0,1,58,17,25,'210',25,1,'2018-07-06 17:38:45.605813','2018-07-06 17:38:45.605864'),(851,2,3,0,1,58,7,25,'200',25,0,'2018-07-06 17:44:27.268328','2018-07-06 17:44:27.268403'),(852,2,1,0,1,58,16,17,'142',25,1,'2018-07-06 17:49:25.507111','2018-07-06 17:49:25.507158'),(853,1,3,0,1,58,1,25,'149',25,1,'2018-07-06 17:51:22.725787','2018-07-06 17:51:22.725834'),(854,1,2,0,1,58,14,25,'140',25,0,'2018-07-06 17:57:16.598255','2018-07-06 17:57:16.598302'),(855,2,1,0,1,58,6,17,'139',25,1,'2018-07-06 17:58:48.481784','2018-07-06 17:58:48.481830'),(856,1,2,0,1,59,10,28,'41',23,0,'2018-07-07 12:02:57.310982','2018-07-07 12:02:57.311020'),(857,0,2,0,1,59,11,28,'36',23,0,'2018-07-07 12:41:18.721015','2018-07-07 12:41:18.721075'),(858,0,1,0,1,59,15,28,'37',23,0,'2018-07-07 12:51:54.489161','2018-07-07 12:51:54.489200'),(859,0,1,0,1,59,2,28,'39',23,0,'2018-07-07 13:11:22.777492','2018-07-07 13:11:22.777538'),(860,1,2,0,1,59,17,28,'38',23,0,'2018-07-07 13:36:59.364021','2018-07-07 13:36:59.364066'),(861,1,2,0,1,59,16,28,'40',23,0,'2018-07-07 13:58:54.567003','2018-07-07 13:58:54.567052'),(862,0,2,0,1,59,6,28,'35',23,0,'2018-07-07 13:59:37.640282','2018-07-07 13:59:37.640326'),(863,0,2,0,1,59,14,28,'36',23,0,'2018-07-07 13:59:42.137368','2018-07-07 13:59:42.137411'),(864,1,2,0,1,60,7,15,'35',1,1,'2018-07-07 16:20:55.971932','2018-07-07 16:20:55.971976'),(865,0,2,0,1,60,10,15,'77',1,0,'2018-07-07 16:32:24.075665','2018-07-07 16:32:24.075746'),(866,3,4,0,1,60,3,15,'268',1,0,'2018-07-07 16:34:36.432093','2018-07-07 16:34:36.432141'),(867,0,2,0,1,60,1,15,'50',15,1,'2018-07-07 17:08:19.776544','2018-07-07 17:08:19.776694'),(868,0,2,0,1,60,15,15,'95',1,0,'2018-07-07 17:18:46.528792','2018-07-07 17:18:46.528838'),(869,0,2,0,1,60,13,15,'68',1,0,'2018-07-07 17:35:04.505130','2018-07-07 17:35:04.505204'),(870,1,3,0,1,60,16,15,'172',1,0,'2018-07-07 17:59:34.689661','2018-07-07 17:59:34.689704'),(871,1,2,0,1,60,2,15,'155',1,0,'2018-07-07 17:59:43.909056','2018-07-07 17:59:43.909096'),(872,2,3,0,1,61,7,25,'48',9,1,'2018-07-10 13:01:53.505042','2018-07-10 13:01:53.505110'),(873,4,3,0,1,61,16,9,'46',25,1,'2018-07-10 13:30:37.807878','2018-07-10 13:30:37.807948'),(874,1,0,0,1,61,11,9,'53',25,0,'2018-07-10 13:34:10.569171','2018-07-10 13:34:10.569218'),(875,2,1,0,1,61,17,9,'45',9,1,'2018-07-10 14:17:44.552244','2018-07-10 14:17:44.552294'),(876,1,3,0,1,61,10,25,'55',9,0,'2018-07-10 14:42:09.993613','2018-07-10 14:42:09.993657'),(877,1,3,0,1,61,8,25,'35',9,1,'2018-07-10 15:57:34.993559','2018-07-10 15:57:34.993631'),(878,3,2,0,1,61,1,9,'58',25,1,'2018-07-10 16:30:46.561326','2018-07-10 16:30:46.561396'),(879,1,3,0,1,61,13,25,'48',9,0,'2018-07-10 16:38:02.189294','2018-07-10 16:38:02.189341'),(880,2,1,0,1,61,15,9,'58',25,0,'2018-07-10 17:10:36.068980','2018-07-10 17:10:36.069053'),(881,2,1,0,1,61,2,9,'61',25,1,'2018-07-10 17:18:29.162791','2018-07-10 17:18:29.162867'),(882,1,2,0,1,61,3,25,'69',9,0,'2018-07-10 17:53:28.621935','2018-07-10 17:53:28.622009'),(883,3,2,0,1,61,6,9,'73',25,1,'2018-07-10 17:59:08.581422','2018-07-10 17:59:08.581462'),(884,3,1,0,1,61,14,9,'50',25,1,'2018-07-10 17:59:30.468246','2018-07-10 17:59:30.468296'),(885,1,2,0,1,62,7,28,'49',28,1,'2018-07-11 15:30:13.636742','2018-07-11 15:30:13.636823'),(886,2,0,0,1,62,10,15,'15',15,0,'2018-07-11 15:48:17.220960','2018-07-11 15:48:17.221008'),(887,1,3,0,1,62,8,28,'4',15,1,'2018-07-11 16:07:34.229148','2018-07-11 16:07:34.229192'),(888,0,2,0,1,62,1,28,'18',28,1,'2018-07-11 16:41:26.723429','2018-07-11 16:41:26.723467'),(889,0,2,0,1,62,3,28,'3',15,0,'2018-07-11 16:41:37.270821','2018-07-11 16:41:37.270860'),(890,0,2,0,1,62,6,28,'23',15,0,'2018-07-11 17:04:20.127962','2018-07-11 17:04:20.128009'),(891,1,2,0,1,62,12,28,'11',15,0,'2018-07-11 17:06:25.325009','2018-07-11 17:06:25.325057'),(892,0,2,0,1,62,13,28,'19',15,0,'2018-07-11 17:09:08.789506','2018-07-11 17:09:08.789551'),(893,1,2,0,1,62,16,28,'10',15,0,'2018-07-11 17:47:26.574862','2018-07-11 17:47:26.574909'),(894,2,1,0,1,62,15,15,'18',15,0,'2018-07-11 17:47:28.278618','2018-07-11 17:47:28.278690'),(895,0,1,0,1,62,14,28,'4',15,0,'2018-07-11 17:59:38.905275','2018-07-11 17:59:38.905325'),(896,2,1,0,1,63,15,25,'12',25,0,'2018-07-14 12:49:58.102771','2018-07-14 12:49:58.102814'),(897,1,0,0,1,63,10,25,'22',28,0,'2018-07-14 13:04:15.644703','2018-07-14 13:04:15.644747'),(898,2,1,0,1,63,13,25,'27',28,0,'2018-07-14 13:14:27.004471','2018-07-14 13:14:27.004517'),(899,2,0,0,1,63,3,25,'14',25,0,'2018-07-14 13:23:19.205229','2018-07-14 13:23:19.205277'),(900,1,2,0,1,63,17,28,'10',25,0,'2018-07-14 13:35:10.202851','2018-07-14 13:35:10.202922'),(901,2,1,0,1,63,2,25,'13',28,0,'2018-07-14 13:56:18.229054','2018-07-14 13:56:18.229130'),(902,2,1,0,1,63,16,25,'12',28,0,'2018-07-14 13:57:00.389933','2018-07-14 13:57:00.389972'),(903,0,1,0,1,63,8,28,'20',25,0,'2018-07-14 13:59:24.429107','2018-07-14 13:59:24.429150'),(904,3,1,0,1,63,14,25,'15',28,0,'2018-07-14 13:59:29.845715','2018-07-14 13:59:29.845754'),(905,0,3,0,1,64,10,15,'10',9,0,'2018-07-15 13:10:00.921638','2018-07-15 13:10:00.921685'),(906,1,2,0,1,64,17,15,'60',15,0,'2018-07-15 14:12:23.880554','2018-07-15 14:12:23.880602'),(907,2,1,0,1,64,2,9,'190',15,0,'2018-07-15 14:31:58.980562','2018-07-15 14:31:58.980601'),(908,2,0,0,1,64,1,9,'210',9,1,'2018-07-15 14:34:45.908831','2018-07-15 14:34:45.908876'),(909,1,2,0,1,64,7,15,'100',9,0,'2018-07-15 14:35:30.994158','2018-07-15 14:35:30.994199'),(910,2,1,0,1,64,15,9,'210',15,0,'2018-07-15 14:44:01.588802','2018-07-15 14:44:01.588844'),(911,1,2,0,1,64,14,15,'150',15,0,'2018-07-15 14:47:03.560317','2018-07-15 14:47:03.560361'),(912,2,1,0,1,64,3,9,'497',15,0,'2018-07-15 14:53:43.240046','2018-07-15 14:53:43.240085'),(913,3,1,0,1,64,6,9,'300',15,1,'2018-07-15 14:56:16.436389','2018-07-15 14:56:16.436431'),(914,2,1,0,1,64,16,9,'165',15,0,'2018-07-15 14:56:28.159154','2018-07-15 14:56:28.159191');
/*!40000 ALTER TABLE `prediction_prediction` ENABLE KEYS */;
UNLOCK TABLES;

--
-- Table structure for table `socialaccount_socialaccount`
--

DROP TABLE IF EXISTS `socialaccount_socialaccount`;
/*!40101 SET @saved_cs_client     = @@character_set_client */;
/*!40101 SET character_set_client = utf8 */;
CREATE TABLE `socialaccount_socialaccount` (
  `id` int(11) NOT NULL AUTO_INCREMENT,
  `provider` varchar(30) NOT NULL,
  `uid` varchar(191) NOT NULL,
  `last_login` datetime(6) NOT NULL,
  `date_joined` datetime(6) NOT NULL,
  `extra_data` longtext NOT NULL,
  `user_id` int(11) NOT NULL,
  PRIMARY KEY (`id`),
  UNIQUE KEY `socialaccount_socialaccount_provider_uid_fc810c6e_uniq` (`provider`,`uid`),
  KEY `socialaccount_socialaccount_user_id_8146e70c_fk_users_user_id` (`user_id`),
  CONSTRAINT `socialaccount_socialaccount_user_id_8146e70c_fk_users_user_id` FOREIGN KEY (`user_id`) REFERENCES `users_user` (`id`)
) ENGINE=InnoDB DEFAULT CHARSET=utf8;
/*!40101 SET character_set_client = @saved_cs_client */;

--
-- Dumping data for table `socialaccount_socialaccount`
--

LOCK TABLES `socialaccount_socialaccount` WRITE;
/*!40000 ALTER TABLE `socialaccount_socialaccount` DISABLE KEYS */;
/*!40000 ALTER TABLE `socialaccount_socialaccount` ENABLE KEYS */;
UNLOCK TABLES;

--
-- Table structure for table `socialaccount_socialapp`
--

DROP TABLE IF EXISTS `socialaccount_socialapp`;
/*!40101 SET @saved_cs_client     = @@character_set_client */;
/*!40101 SET character_set_client = utf8 */;
CREATE TABLE `socialaccount_socialapp` (
  `id` int(11) NOT NULL AUTO_INCREMENT,
  `provider` varchar(30) NOT NULL,
  `name` varchar(40) NOT NULL,
  `client_id` varchar(191) NOT NULL,
  `secret` varchar(191) NOT NULL,
  `key` varchar(191) NOT NULL,
  PRIMARY KEY (`id`)
) ENGINE=InnoDB DEFAULT CHARSET=utf8;
/*!40101 SET character_set_client = @saved_cs_client */;

--
-- Dumping data for table `socialaccount_socialapp`
--

LOCK TABLES `socialaccount_socialapp` WRITE;
/*!40000 ALTER TABLE `socialaccount_socialapp` DISABLE KEYS */;
/*!40000 ALTER TABLE `socialaccount_socialapp` ENABLE KEYS */;
UNLOCK TABLES;

--
-- Table structure for table `socialaccount_socialapp_sites`
--

DROP TABLE IF EXISTS `socialaccount_socialapp_sites`;
/*!40101 SET @saved_cs_client     = @@character_set_client */;
/*!40101 SET character_set_client = utf8 */;
CREATE TABLE `socialaccount_socialapp_sites` (
  `id` int(11) NOT NULL AUTO_INCREMENT,
  `socialapp_id` int(11) NOT NULL,
  `site_id` int(11) NOT NULL,
  PRIMARY KEY (`id`),
  UNIQUE KEY `socialaccount_socialapp_sites_socialapp_id_site_id_71a9a768_uniq` (`socialapp_id`,`site_id`),
  KEY `socialaccount_socialapp_sites_site_id_2579dee5_fk_django_site_id` (`site_id`),
  CONSTRAINT `socialaccount_social_socialapp_id_97fb6e7d_fk_socialacc` FOREIGN KEY (`socialapp_id`) REFERENCES `socialaccount_socialapp` (`id`),
  CONSTRAINT `socialaccount_socialapp_sites_site_id_2579dee5_fk_django_site_id` FOREIGN KEY (`site_id`) REFERENCES `django_site` (`id`)
) ENGINE=InnoDB DEFAULT CHARSET=utf8;
/*!40101 SET character_set_client = @saved_cs_client */;

--
-- Dumping data for table `socialaccount_socialapp_sites`
--

LOCK TABLES `socialaccount_socialapp_sites` WRITE;
/*!40000 ALTER TABLE `socialaccount_socialapp_sites` DISABLE KEYS */;
/*!40000 ALTER TABLE `socialaccount_socialapp_sites` ENABLE KEYS */;
UNLOCK TABLES;

--
-- Table structure for table `socialaccount_socialtoken`
--

DROP TABLE IF EXISTS `socialaccount_socialtoken`;
/*!40101 SET @saved_cs_client     = @@character_set_client */;
/*!40101 SET character_set_client = utf8 */;
CREATE TABLE `socialaccount_socialtoken` (
  `id` int(11) NOT NULL AUTO_INCREMENT,
  `token` longtext NOT NULL,
  `token_secret` longtext NOT NULL,
  `expires_at` datetime(6) DEFAULT NULL,
  `account_id` int(11) NOT NULL,
  `app_id` int(11) NOT NULL,
  PRIMARY KEY (`id`),
  UNIQUE KEY `socialaccount_socialtoken_app_id_account_id_fca4e0ac_uniq` (`app_id`,`account_id`),
  KEY `socialaccount_social_account_id_951f210e_fk_socialacc` (`account_id`),
  CONSTRAINT `socialaccount_social_account_id_951f210e_fk_socialacc` FOREIGN KEY (`account_id`) REFERENCES `socialaccount_socialaccount` (`id`),
  CONSTRAINT `socialaccount_social_app_id_636a42d7_fk_socialacc` FOREIGN KEY (`app_id`) REFERENCES `socialaccount_socialapp` (`id`)
) ENGINE=InnoDB DEFAULT CHARSET=utf8;
/*!40101 SET character_set_client = @saved_cs_client */;

--
-- Dumping data for table `socialaccount_socialtoken`
--

LOCK TABLES `socialaccount_socialtoken` WRITE;
/*!40000 ALTER TABLE `socialaccount_socialtoken` DISABLE KEYS */;
/*!40000 ALTER TABLE `socialaccount_socialtoken` ENABLE KEYS */;
UNLOCK TABLES;

--
-- Table structure for table `users_user`
--

DROP TABLE IF EXISTS `users_user`;
/*!40101 SET @saved_cs_client     = @@character_set_client */;
/*!40101 SET character_set_client = utf8 */;
CREATE TABLE `users_user` (
  `id` int(11) NOT NULL AUTO_INCREMENT,
  `password` varchar(128) NOT NULL,
  `last_login` datetime(6) DEFAULT NULL,
  `is_superuser` tinyint(1) NOT NULL,
  `username` varchar(150) NOT NULL,
  `first_name` varchar(30) NOT NULL,
  `last_name` varchar(150) NOT NULL,
  `email` varchar(254) NOT NULL,
  `is_staff` tinyint(1) NOT NULL,
  `is_active` tinyint(1) NOT NULL,
  `date_joined` datetime(6) NOT NULL,
  `name` varchar(255) NOT NULL,
  `gender` smallint(5) unsigned NOT NULL,
  `profile_picture` varchar(100) DEFAULT NULL,
  PRIMARY KEY (`id`),
  UNIQUE KEY `username` (`username`)
) ENGINE=InnoDB AUTO_INCREMENT=21 DEFAULT CHARSET=utf8;
/*!40101 SET character_set_client = @saved_cs_client */;

--
-- Dumping data for table `users_user`
--

LOCK TABLES `users_user` WRITE;
/*!40000 ALTER TABLE `users_user` DISABLE KEYS */;
INSERT INTO `users_user` VALUES (1,'argon2$argon2i$v=19$m=512,t=2,p=2$QzFjZTZXQTBRM0Q0$jFOvn1aWTToGLNGQqDXgUA','2018-07-21 06:54:35.499929',1,'sisir','','','sisir@sisir.com',1,1,'2018-06-15 08:26:37.190346','Sisir',1,'uploads/user-picture/d6935de5-97b6-456f-8ac9-5ae088b233ea.jpg'),(2,'argon2$argon2i$v=19$m=512,t=2,p=2$QWZkbFcxR0VkNEJK$Qtr32spwQQ/IzpgwMW9Erg','2018-07-16 00:53:10.048168',1,'shankar','','','shankar@shankar.com',1,1,'2018-06-15 08:29:30.729823','Shankar Pandey',1,'uploads/user-picture/ce0cc896-73c6-4cfc-be01-b65cf884b552.bmp'),(3,'argon2$argon2i$v=19$m=512,t=2,p=2$NDZwSUZPUEptd3BJ$7iN4UYzmtqPMLaGkxCdXNw','2018-07-16 03:00:29.863551',0,'bishwo','','','bishwo@bishwo.com',0,1,'2018-06-15 08:29:49.000000','Bishwo Maharjan',1,'uploads/user-picture/7d1262d8-c670-4ec0-8c7f-180bf552eefb.jpg'),(5,'argon2$argon2i$v=19$m=512,t=2,p=2$QWg5cHh3NUYzN0t0$zpwKROkMm7MI6RZ9wnLh3A','2018-07-07 04:43:12.395965',0,'shrawan','','','shrawan@shrawan.com',0,1,'2018-06-15 08:34:03.000000','Shrawan',1,'uploads/user-picture/1bd70cfe-0209-4d8c-a694-cd7b1c756ca0.jpeg'),(6,'argon2$argon2i$v=19$m=512,t=2,p=2$bm9tT2VCaFJiZnlR$bFQ9U8Z9cX/winojxBzm/g','2018-07-16 01:58:03.680401',0,'rajesh','','','rajesh@rajesh.com',0,1,'2018-06-15 08:34:18.000000','Rajesh Shrestha',1,'uploads/user-picture/c3790311-32ef-458a-aa90-a2f021d42e7a.jpg'),(7,'argon2$argon2i$v=19$m=512,t=2,p=2$SUxJYmZ1T2U4dUlh$my58vnyKpBCjM7bTGWso6g','2018-07-16 07:11:15.337937',0,'anurag','','','anurag@anurag.com',0,1,'2018-06-15 08:35:45.000000','Anurag Regmi',1,'uploads/user-picture/788d0897-bf5d-4fe7-a6db-37087977e9b7.jpg'),(8,'argon2$argon2i$v=19$m=512,t=2,p=2$VXBqTDBlTVJvOHNz$PY1XEgmZIW6lFh50+Ye/ig','2018-07-15 01:54:51.605850',0,'ishan','','','ishan@ishan.com',0,1,'2018-06-15 08:36:10.000000','Ishan Subedi',1,'uploads/user-picture/5e811d00-cc3e-4e9b-8339-20fece9069d1.jpg'),(9,'argon2$argon2i$v=19$m=512,t=2,p=2$NDRMU3hzYkZQVXBx$djS6WMJKlcgq7PCqMi18gA','2018-07-04 03:29:16.539949',0,'pradeep','','','pradeep@pradeep.com',0,1,'2018-06-15 08:36:28.000000','Pradeep',1,'uploads/user-picture/f2d5a6e3-d411-47be-b670-58fce45664fc.jpg'),(10,'argon2$argon2i$v=19$m=512,t=2,p=2$Z2hVMlV2WnhBUmJP$cd2TzFyPzC0Fa50UP8VaQA','2018-07-06 16:13:51.792062',0,'amit','','','amit@amit.com',0,1,'2018-06-15 08:36:41.000000','Amit Garu',1,'uploads/user-picture/a56baceb-8d77-465a-a364-ffcf7606fe7e.jpg'),(11,'argon2$argon2i$v=19$m=512,t=2,p=2$WEhHRTlxcDM0dXA2$xjne/2QcCQ0l1RGScAXVHA','2018-07-07 12:33:55.317962',0,'bindeep','','','bindeep@bindeep.com',0,1,'2018-06-15 08:36:56.000000','Bindeep',1,'uploads/user-picture/314bd8b3-1dbe-4af1-a6f5-1485bfa8bff0.jpg'),(12,'argon2$argon2i$v=19$m=512,t=2,p=2$WGtFZEdzVFZkMFNr$k7fxCbjKDirGawgf6fjksQ','2018-07-16 05:54:38.415155',0,'ishwor','','','ishwor@ishwor.com',0,1,'2018-06-15 08:37:17.000000','Ishwor Shrestha',1,''),(13,'argon2$argon2i$v=19$m=512,t=2,p=2$VG5qemFkaEdocW5L$4LiekFxfTgybjIyE0sTmfQ','2018-07-16 09:52:04.504516',0,'bimal','','','bimal@bimal.com',0,1,'2018-06-15 08:37:35.000000','Bimal Koju',1,'uploads/user-picture/8992c98f-6091-4f5e-9a55-916a64c6bc52.JPG'),(14,'argon2$argon2i$v=19$m=512,t=2,p=2$RGNERHRwWTRWNktW$18fFfSnQcA2n+Ma6SmPcJQ','2018-07-15 17:20:12.353182',0,'sujan','','','sujan@sujan.com',0,1,'2018-06-15 08:37:50.000000','Sujan Sitikhu',1,'uploads/user-picture/a9959827-2c27-4f5f-a18e-5bdf7c057d7e.jpg'),(15,'argon2$argon2i$v=19$m=512,t=2,p=2$MHdIajM1aVg5QkMx$lx15m2ZMrzFUanDME+eCTg','2018-07-11 20:24:37.307352',0,'aavash','','','aavash@aavash.com',0,1,'2018-06-15 08:38:04.000000','Aavash',1,'uploads/user-picture/b47337b7-aee3-4a25-9607-509aa28d5e5a.jpg'),(16,'argon2$argon2i$v=19$m=512,t=2,p=2$VHZFOVpLMHNOaUJY$j+hYO0QgOVfGbL+UWsu4wA','2018-07-18 16:03:20.617467',0,'aashik','','','aashik@aashik.com',0,1,'2018-06-15 08:38:44.000000','aashik',1,'uploads/user-picture/948577dc-bc7e-46e2-94b7-cce515dfcc10.jpg'),(17,'argon2$argon2i$v=19$m=512,t=2,p=2$dk9rb1lBMU1Sdkxr$sNfxmiPl9YU4VBVWQqZTyQ','2018-07-15 14:10:10.107855',0,'ravi','','','ravi@ravi.com',0,1,'2018-06-15 08:40:27.000000','Ravi Adhikari',1,'uploads/user-picture/9fc786a3-b081-4623-9288-a762fbd13366.jpg');
/*!40000 ALTER TABLE `users_user` ENABLE KEYS */;
UNLOCK TABLES;

--
-- Table structure for table `users_user_groups`
--

DROP TABLE IF EXISTS `users_user_groups`;
/*!40101 SET @saved_cs_client     = @@character_set_client */;
/*!40101 SET character_set_client = utf8 */;
CREATE TABLE `users_user_groups` (
  `id` int(11) NOT NULL AUTO_INCREMENT,
  `user_id` int(11) NOT NULL,
  `group_id` int(11) NOT NULL,
  PRIMARY KEY (`id`),
  UNIQUE KEY `users_user_groups_user_id_group_id_b88eab82_uniq` (`user_id`,`group_id`),
  KEY `users_user_groups_group_id_9afc8d0e_fk_auth_group_id` (`group_id`),
  CONSTRAINT `users_user_groups_group_id_9afc8d0e_fk_auth_group_id` FOREIGN KEY (`group_id`) REFERENCES `auth_group` (`id`),
  CONSTRAINT `users_user_groups_user_id_5f6f5a90_fk_users_user_id` FOREIGN KEY (`user_id`) REFERENCES `users_user` (`id`)
) ENGINE=InnoDB DEFAULT CHARSET=utf8;
/*!40101 SET character_set_client = @saved_cs_client */;

--
-- Dumping data for table `users_user_groups`
--

LOCK TABLES `users_user_groups` WRITE;
/*!40000 ALTER TABLE `users_user_groups` DISABLE KEYS */;
/*!40000 ALTER TABLE `users_user_groups` ENABLE KEYS */;
UNLOCK TABLES;

--
-- Table structure for table `users_user_user_permissions`
--

DROP TABLE IF EXISTS `users_user_user_permissions`;
/*!40101 SET @saved_cs_client     = @@character_set_client */;
/*!40101 SET character_set_client = utf8 */;
CREATE TABLE `users_user_user_permissions` (
  `id` int(11) NOT NULL AUTO_INCREMENT,
  `user_id` int(11) NOT NULL,
  `permission_id` int(11) NOT NULL,
  PRIMARY KEY (`id`),
  UNIQUE KEY `users_user_user_permissions_user_id_permission_id_43338c45_uniq` (`user_id`,`permission_id`),
  KEY `users_user_user_perm_permission_id_0b93982e_fk_auth_perm` (`permission_id`),
  CONSTRAINT `users_user_user_perm_permission_id_0b93982e_fk_auth_perm` FOREIGN KEY (`permission_id`) REFERENCES `auth_permission` (`id`),
  CONSTRAINT `users_user_user_permissions_user_id_20aca447_fk_users_user_id` FOREIGN KEY (`user_id`) REFERENCES `users_user` (`id`)
) ENGINE=InnoDB DEFAULT CHARSET=utf8;
/*!40101 SET character_set_client = @saved_cs_client */;

--
-- Dumping data for table `users_user_user_permissions`
--

LOCK TABLES `users_user_user_permissions` WRITE;
/*!40000 ALTER TABLE `users_user_user_permissions` DISABLE KEYS */;
/*!40000 ALTER TABLE `users_user_user_permissions` ENABLE KEYS */;
UNLOCK TABLES;
/*!40103 SET TIME_ZONE=@OLD_TIME_ZONE */;

/*!40101 SET SQL_MODE=@OLD_SQL_MODE */;
/*!40014 SET FOREIGN_KEY_CHECKS=@OLD_FOREIGN_KEY_CHECKS */;
/*!40014 SET UNIQUE_CHECKS=@OLD_UNIQUE_CHECKS */;
/*!40101 SET CHARACTER_SET_CLIENT=@OLD_CHARACTER_SET_CLIENT */;
/*!40101 SET CHARACTER_SET_RESULTS=@OLD_CHARACTER_SET_RESULTS */;
/*!40101 SET COLLATION_CONNECTION=@OLD_COLLATION_CONNECTION */;
/*!40111 SET SQL_NOTES=@OLD_SQL_NOTES */;

-- Dump completed on 2018-07-21  7:00:16
